relName,mediaName
01 Rai Cinema ,使命召唤
20th Century Fox ,普罗米修斯
20th Century Fox ,少年派的奇幻漂流
20th Century Fox ,猩球崛起
20th Century Fox ,纳尼亚传奇3
20th Century Fox ,冰川时代4：大陆漂移
20th Century Fox ,特工争风
20th Century Fox Home Entertainment ,冰川时代4：大陆漂移
20th Century Fox Netherlands ,猩球崛起
20th Century Fox Netherlands ,纳尼亚传奇3
20th Century Fox de Chile ,X战警：天启
20世纪福克斯挪威分公司,冰川时代：星际碰撞
20世纪福克斯挪威分公司,冰川时代5：星际碰撞
20世纪福克斯电影公司,移动迷宫2
20世纪福克斯电影公司,特工争风
20世纪福克斯电影公司,火星救援
20世纪福克斯电影公司,猩球崛起
20世纪福克斯电影公司,普罗米修斯
20世纪福克斯电影公司,里约大冒险
20世纪福克斯电影公司,佩小姐的奇幻城堡
20世纪福克斯电影公司,独立日：卷土重来
20世纪福克斯电影公司,飞鹰艾迪
20世纪福克斯电影公司,X战警：天启
20世纪福克斯电影公司,刀见笑
20世纪福克斯电影公司,金刚狼2
20世纪福克斯电影公司,鼠来宝4：萌在逋
20世纪福克斯电影公司,功夫熊猫3
20世纪福克斯阿根廷分公司,冰川时代5：星际碰撞
20世纪福克斯阿根廷分公司,冰川时代：星际碰撞
20世纪福克斯阿根廷分公司,X战警：天启
20世纪福克斯阿根廷分公司,独立日：卷土重来
20世纪福克斯阿根廷分公司,佩小姐的奇幻城堡
20世纪福斯公司,X战警：天启
20世纪福斯公司,冰川时代5：星际碰撞
20世纪福斯公司,独立日：卷土重来
20世纪福斯公司,冰川时代：星际碰撞
2i Film ,爱丽丝梦游仙境2：镜中奇遇记
A-Film Distribution ,丛林有情狼
A-Film Distribution ,战略特勤组
A-Film Distribution ,女巫季节
A-Film Distribution ,惊天战神
A-Film Home Entertainment ,女巫季节
A-Film Home Entertainment ,战略特勤组
A-Film Home Entertainment ,丛林有情狼
ABC Family ,加勒比海盗4：惊涛怪浪
ABC Family ,哈利・波特与死亡圣器(下)
ACME ,青蜂侠
ACME ,不明身份
ACME ,一夜迷情
AKS Media & Entertainment ,巴霍巴利王：开端
AKS Media & Entertainment ,巴霍巴利王：开端
Aanna Films ,巴霍巴利王：开端
Aanna Films ,巴霍巴利王：开端
Ablo ,铁血精英
Acme Film ,不明身份
Acme Film ,哈利・波特与死亡圣器(下)
Acme Film ,源代码
Acme Film ,一夜迷情
Acme Film ,洛杉矶之战
Acme Film ,危情三日
Acme Film ,美少女特攻队
Adler Entertainment ,通灵神探
Adler Entertainment ,废柴特工
Aerofilms ,挪威的森林
Alchemy Pictures ,幸存者
Alexandra Films ,青蜂侠
Alfa Films ,贵族大盗
Alfa Films ,神战：权力之眼
Alfa Films ,机械师
Alfa Films ,暮光之城4：破晓（上）
Alfa Films ,深海浩劫
Alfa Films ,分歧者2：绝地反击
Alfa Films ,分歧者3：忠诚世界
Alfa Films ,惊天魔盗团2
Alfa Films ,赤焰战场
Alfa Films ,夺命深渊
Alliance ,特警判官
Alliance ,舞力对决
Alliance Films ,机械师
Alliance Films ,非常小特工之时间大盗
Alliance Films ,黑衣女人
Alliance Films ,国王的演讲
Alliance Films ,三个火枪手
Alliance Films ,惊天战神
Alliance Films ,双雄
Alliance Films ,女巫季节
Alliance Films ,天际浩劫
Alliance Vivafilm ,女巫季节
Alta Films ,呼啸山庄
Amero PT ,铁血精英
Anchor Bay Entertainment ,国王的演讲
Anchor Bay Entertainment ,非常小特工之时间大盗
Andes Films ,愤怒的小鸟
Andes Films ,猎神：冬日之战
Andes Films ,愤怒的小鸟大电影
Andes Films ,爱宠大机密
Andes Films ,宾虚
Andes Films ,超能敢死队
Andes Films ,谍影重重5
Andes Films ,精灵旅社2
Andes Films ,云中行走
Andes Films ,鲨滩
Andes Films ,魔兽
Andes Films ,星际迷航3：超越星辰
Andes Films ,忍者神龟2：破影而出
Applause Entertainment ,舞力对决
Argentina Video Home ,天际浩劫
Argentina Video Home ,女巫季节
Argentina Video Home ,雷神
Argentina Video Home ,国王的演讲
Argentina Video Home ,侏罗纪公园3D
Argentina Video Home ,美少女特攻队
Artificial Eye ,呼啸山庄
Ascot Elite Entertainment Group ,铁拳
Ascot Elite Entertainment Group ,圆梦巨人
Ascot Elite Entertainment Group ,女巫季节
Ascot Elite Entertainment Group ,铁拳
Ascot Elite Entertainment Group ,红色警戒999
Ascot Elite Entertainment Group ,废柴特工
Ascot Elite Entertainment Group ,迷踪：第九鹰团
Ascot Elite Entertainment Group ,永无止境
Ascot Elite Entertainment Group ,白雪公主之魔镜魔镜
Ascot Elite Entertainment Group ,分歧者3：忠诚世界
Ascot Elite Entertainment Group ,深海浩劫
Ascot Elite Entertainment Group ,雨果
Ascot Elite Entertainment Group ,梦宅诡影
Ascot Elite Entertainment Group ,惊天魔盗团2
Ascot Elite Entertainment Group ,幻体：续命游戏
Ascot Elite Entertainment Group ,国王的演讲
Ascot Elite Entertainment Group ,玩命追踪
Ascot Elite Entertainment Group ,吹梦巨人
Ascot Elite Entertainment Group ,赤焰战场
Ascot Elite Entertainment Group ,人狼大战
Ascot Elite Entertainment Group ,丛林有情狼
Ascot Elite Entertainment Group ,通灵神探
Ascot Elite Entertainment Group ,最后的巫师猎人
Ascot Elite Entertainment Group ,极盗者
Ascot Elite Entertainment Group ,谍影特工
Ascot Elite Entertainment Group ,模仿游戏
Ascot Elite Entertainment Group ,环形使者
Ascot Elite Entertainment Group ,神战：权力之眼
Ascot Elite Entertainment Group ,黑衣女人
Ascot Elite Entertainment Group ,再次出发
Ascot Elite Entertainment Group ,灵偶契约
Ascot Elite Entertainment Group ,林肯律师
Ascot Elite Entertainment Group ,贵族大盗
Ascot Elite Entertainment Group ,无处可逃
Audio Visual Enterprises ,黑衣女人
Audio Visual Enterprises ,赛车总动员2
Audio Visual Enterprises ,灵魂战车2：复仇时刻
Audio Visual Entertainment ,丛林有情狼
Audio Visual Entertainment ,青蜂侠
Audio Visual Entertainment ,不明身份
Audio Visual Entertainment ,洛杉矶之战
Aurum Distribution ,夺命深渊
Aurum Distribution ,环形使者
Aurum Films ,赤焰战场
Aurum Producciones ,王者之剑3D
Aurum Producciones ,夺命深渊
Aurum Producciones ,舞力对决
Aurum Producciones ,机械师
Aurum Producciones ,黑衣女人
Aurum Producciones ,通灵神探
Aurum Producciones ,赤焰战场
Aurum Producciones ,特警判官
Aurum Producciones ,双雄
Aurum Producciones ,天际浩劫
Aurum Producciones ,源代码
Aurum Producciones S.A. ,机械师
Aurum Producciones S.A. ,三个火枪手
Axinite Digicinema ,巴黎危机
Axinite Digicinema ,魔法老师
Ayngaran Video ,巴霍巴利王：开端
Ayngaran Video ,巴霍巴利王：开端
B&H Film Distribution ,愤怒的小鸟大电影
B&H Film Distribution ,愤怒的小鸟
BBC Television Centre ,神探夏洛克
BIM Distribuzione ,迷踪：第九鹰团
Bazelevs Production ,他是龙
Bazuca Films ,国王的演讲
Beijing Youshi Entertainment Co. ,魔法老师
Belga Films ,源代码
Belga Films ,神战：权力之眼
Belga Films ,分歧者3：忠诚世界
Belga Films ,使命召唤
Belga Films ,不明身份
Belga Films ,危情三日
Belga Films ,赤焰战场
Benelux Film Distributors ,一夜迷情
Benelux Film Distributors ,王者之剑3D
Benelux Film Distributors ,机械师
Benelux Film Distributors ,挪威的森林
Best Film ,女巫季节
Big Picture 2 Films ,移动迷宫2
Big Picture 2 Films ,云中行走
Big Picture 2 Films ,火星救援
Big Picture 2 Films ,超能敢死队
Big Picture 2 Films ,X战警：天启
Big Picture 2 Films ,鲨滩
Big World Pictures ,喝彩
Blitz Film & Video Distribution ,圆梦巨人
Blitz Film & Video Distribution ,吹梦巨人
Blitz Film & Video Distribution ,X战警：天启
Bloom ,绝地逃亡
Blu Cinematografica ,机械师
Bontonfilm ,速度与激情5
CBS Films ,黑衣女人
CBS Films ,机械师
CIC Vídeo ,侏罗纪公园3D
CIC-Taft Home Video ,侏罗纪公园3D
CInema Hotel Corporation (CHC) ,夺命深渊
CInema Hotel Corporation (CHC) ,危情三日
CInema Hotel Corporation (CHC) ,战略特勤组
CN Entertainment ,危情三日
CN Entertainment ,寄生兽
CN Entertainment ,非常小特工之时间大盗
CN Entertainment ,舞力对决
CP Digital ,挪威的森林
CP Media ,特警判官
CP Media ,天际浩劫
Calinos Entertainment ,幻影追凶
Capelight Pictures ,灵偶契约
Capital Cinéma ,倩女幽魂
Cascade Film ,国王的演讲
Castello Lopes Multimédia ,猩球崛起
Castello Lopes Multimédia ,纳尼亚传奇3
Castello Lopes Multimédia ,迷踪：第九鹰团
CatchPlay ,机械师
CatchPlay ,王者之剑3D
CatchPlay ,迷踪：第九鹰团
CatchPlay ,国王的演讲
CatchPlay ,赤焰战场
CatchPlay ,永无止境
CatchPlay ,在劫难逃
CatchPlay ,惊天战神
CatchPlay ,狂暴飞车
CatchPlay ,天际浩劫
CatchPlay ,女巫季节
CatchPlay ,危情三日
Cathay-Keris Films ,危情三日
Cathay-Keris Films ,红色警戒999
Cathay-Keris Films ,神战：权力之眼
Cathay-Keris Films ,最后的巫师猎人
Cathay-Keris Films ,国王的演讲
Cathay-Keris Films ,饥饿游戏
Cathay-Keris Films ,挪威的森林
Cathay-Keris Films Pte. Ltd. ,红色警戒999
Cathay-Keris Films Pte. Ltd. ,九条命
Cathay-Keris Films Pte. Ltd. ,我知女人心
Cathay-Keris Films Pte. Ltd. ,听说
Cathay-Keris Films Pte. Ltd. ,灵偶契约
Cathay-Keris Films Pte. Ltd. ,伦敦陷落
Centfox Film Ges.m.b.H. ,X战警：天启
Central Park Films ,罪恶赎金
Central Partnership ,丛林有情狼
Central Partnership ,火海凌云
Central Partnership ,玩命追踪
Central Partnership ,美国队长
Child Film ,海洋之歌
China Film Co. ,纽约客@上海
China Lion Film Distribution ,我知女人心
Cinemax ,人狼大战
Cinemax ,敢死队2
Cinemundo ,灵偶契约
Cinestar ,源代码
Cinéart ,呼啸山庄
Circuito Cinema ,巴霍巴利王：开端
Circuito Cinema ,巴霍巴利王：开端
Colossal Mega Films ,九条命
Colossal Mega Films ,神战：权力之眼
Colossal Mega Films ,寄生兽
Columbia ,魔法老师
Columbia Pictures ,灵魂战车2：复仇时刻
Columbia Pictures ,超凡蜘蛛侠
Columbia Pictures ,洛杉矶之战
Columbia Pictures ,全面回忆
Columbia Pictures ,青蜂侠
Columbia Pictures ,神奇海盗团
Columbia Pictures ,精灵旅社
Columbia TriStar Home Entertainment ,侏罗纪公园3D
Columbia TriStar Warner Filmes de ,洛杉矶之战
Columbia TriStar Warner Filmes de ,青蜂侠
Columbia TriStar Warner Filmes de ,不明身份
Columbia TriStar Warner Filmes de Portugal ,美少女特攻队
Columbia TriStar Warner Filmes de Portugal ,巨人捕手杰克
Columbia TriStar Warner Filmes de Portugal ,丁丁历险记
Columbia TriStar Warner Filmes de Portugal ,绿灯侠
Columbia TriStar Warner Filmes de Portugal ,哈利・波特与死亡圣器(下)
Concorde Filmverleih ,最后的巫师猎人
Concorde Filmverleih ,神战：权力之眼
Concorde Filmverleih ,迷踪：第九鹰团
Concorde Filmverleih ,赤焰战场
Concorde Filmverleih GmbH ,幻体：续命游戏
Concorde Filmverleih GmbH ,分歧者3：忠诚世界
Concorde Filmverleih GmbH ,废柴特工
Concorde Filmverleih GmbH ,暮光之城4：破晓（上）
Concorde Filmverleih GmbH ,铁血精英
Concorde Home Entertainment ,废柴特工
Concorde Home Entertainment ,幻体：续命游戏
Constantin Film Verleih ,最后的巫师猎人
Constantin-Film ,废柴特工
Constantin-Film ,红色警戒999
Contender ,飞鹰艾迪
Corazón Films ,废柴特工
Creative Century Entertainment ,巴霍巴利王：开端
Creative Century Entertainment ,巴霍巴利王：开端
Curious Films ,挪威的森林
Cuvision ,最后的巫师猎人
DCA ,三个火枪手
Daisy Entertainment ,源代码
DeA Planeta ,国王的演讲
DeA Planeta S.L. ,铁血精英
DeA Planeta S.L. ,九条命
DeA Planeta S.L. ,红色警戒999
DeA Planeta S.L. ,幻体：续命游戏
Deltamac Entertainment ,梦宅诡影
Deltamac Entertainment ,灵魂战车2：复仇时刻
Deltamac Entertainment ,在劫难逃
Deltamac Entertainment ,环形使者
Diamond Films ,源代码
Diamond Films ,九条命
Diamond Films ,国王的演讲
Diamond Films ,危情三日
Diamond Films ,灵偶契约
Diamond Films ,伦敦陷落
Diamond Films ,幻体：续命游戏
Diamond Films ,女巫季节
Diamond Pictures ,夺命深渊
Diaphana Films ,呼啸山庄
Dimension Films ,非常小特工之时间大盗
Discovery Film & Video Distribution ,花样厨神
Distribution Company ,疯狂侏罗纪
Distribution Company ,战略特勤组
Distribution Company ,天际浩劫
Distribution Company ,王者之剑3D
Distribution Workshop ,我知女人心
Double Edge Entertainment ,魔法老师
DreamWorks Home Entertainment ,功夫熊猫2
Dreamwest Pictures ,通灵神探
Dutch FilmWorks (DFW) ,一夜迷情
Dutch FilmWorks (DFW) ,机械师
Dutch FilmWorks (DFW) ,王者之剑3D
Dutch FilmWorks (DFW) ,人狼大战
Dutch FilmWorks (DFW) ,黑衣女人
Dutch FilmWorks (DFW) B.V. ,巴黎危机
Dutch FilmWorks (DFW) B.V. ,绝地逃亡
Dutch FilmWorks (DFW) B.V. ,海浪
Dutch FilmWorks (DFW) B.V. ,机械师2：复活
E Stars Films ,特警判官
E Stars Films ,谍影特工
E Stars Films ,天际浩劫
E Stars Films ,使命召唤
E Stars Films ,赤警威龙
E Stars Films ,灵魂战车2：复仇时刻
E Stars Films ,王者之剑3D
E Stars Films ,巴霍巴利王：开端
E Stars Films ,双雄
E Stars Films ,巴霍巴利王：开端
E1 ,幻影追凶
E1 ,一夜迷情
E1 ,赤焰战场
E1 Entertainment ,源代码
E1 Entertainment ,三个火枪手
E1 Entertainment ,赤焰战场
E1 Entertainment Benelux ,特警判官
E1 Entertainment Benelux ,铁血精英
E1 Entertainment Benelux ,赤焰战场
E1 Entertainment Benelux ,舞力对决
Eagle ,天际浩劫
Eagle Films ,劫案迷云
Eagle Films ,王者之剑3D
Eagle Films ,饥饿游戏
Eagle Films ,谍影特工
Eagle Films ,玩命追踪
Eagle Films ,机械师
Eagle Films ,狂暴飞车
Eagle Films ,敢死队2
Eagle Films ,贵族大盗
Eagle Films ,超脑48小时
Eagle Films ,雨果
Eagle Films ,伦敦陷落
Eagle Films ,罪恶赎金
Eagle Films ,在劫难逃
Eagle Films ,丛林有情狼
Eagle Films ,机械师2：复活
Eagle Films ,疯狂侏罗纪
Eagle Films ,危情三日
Eagle Pictures ,舞力对决
Eagle Pictures ,诺亚方舟漂流记
Eagle Pictures ,诺亚方舟漂流记
Eagle Pictures ,幻体：续命游戏
Eagle Pictures ,国王的演讲
Easternlight Films ,关云长
EcoFilmes ,天际浩劫
EcoFilmes ,舞力对决
EcoFilmes ,危情三日
Elevation Pictures ,红色警戒999
Elevation Pictures ,废柴特工
Encore Films ,寄生兽
Energía Entusiasta ,废柴特工
Energía Entusiasta ,机械师2：复活
Entermode ,巴霍巴利王：开端
Entermode ,巴霍巴利王：开端
Entertainment Film Distributors ,非常小特工之时间大盗
Entertainment Film Distributors Ltd. ,幻体：续命游戏
Entertainment Film Distributors Ltd. ,铁血精英
Entertainment Film Distributors Ltd. ,废柴特工
Entertainment One ,吹梦巨人
Entertainment One ,人狼大战
Entertainment One ,诺亚方舟漂流记
Entertainment One ,诺亚方舟漂流记
Entertainment One ,最后的巫师猎人
Entertainment One ,灵偶契约
Entertainment One ,圆梦巨人
Entertainment One Benelux ,废柴特工
Entertainment One Benelux ,源代码
Entertainment One Benelux ,吹梦巨人
Entertainment One Benelux ,非常小特工之时间大盗
Entertainment One Benelux ,危情三日
Entertainment One Benelux ,伦敦陷落
Entertainment One Benelux ,幻体：续命游戏
Entertainment One Benelux ,红色警戒999
Entertainment One Benelux ,迷踪：第九鹰团
Entertainment One Benelux ,赤焰战场
Entertainment One Benelux ,圆梦巨人
Entertainment in Video ,废柴特工
Entertainment in Video ,幻体：续命游戏
Esen Entertainment ,巴黎危机
Estonian Theatrical Distribution ,美国队长3
Estonian Theatrical Distribution ,美国队长3：英雄内战
EuropaCorp USA ,九条命
EuropaCorp. Distribution ,太空一号
EuropaCorp. Distribution ,九条命
EuropaCorp. Distribution ,致命黑兰
Eurozoom ,喝彩
FS Film Oy ,纳尼亚传奇3
FS Film Oy ,一夜迷情
FS Film Oy ,猩球崛起
FS Film Oy ,危情三日
FS Film Oy ,里约大冒险
FS Film Oy ,国王的演讲
FX Networks ,青蜂侠
FX Networks ,雷神
FX Networks ,洛杉矶之战
FX Networks ,创战纪
FX Networks ,功夫熊猫2
FX Networks ,美国队长
Facets Multimedia Distribution ,倩女幽魂
Falcon ,丁丁历险记
Falcon ,青蜂侠
Feelgood Entertainment ,赛车总动员2
Feelgood Entertainment ,美国队长3
Feelgood Entertainment ,创战纪
Feelgood Entertainment ,爱丽丝梦游仙境2：镜中奇遇记
Feelgood Entertainment ,加勒比海盗4：惊涛怪浪
Feelgood Entertainment ,青蜂侠
Feelgood Entertainment ,鲨滩
Feelgood Entertainment ,愤怒的小鸟
Feelgood Entertainment ,超能敢死队
Feelgood Entertainment ,丁丁历险记
Feelgood Entertainment ,愤怒的小鸟大电影
Fida Film ,源代码
Film1 ,战略特勤组
Film1 ,危情三日
Film1 ,天际浩劫
Film1 ,夺命深渊
Film1 ,丛林有情狼
Film1 ,女巫季节
Film4 ,黑海夺金
FilmDistrict ,环形使者
FilmNation Entertainment ,通灵神探
Filmopolis ,丛林有情狼
Finnkino Oy ,魔兽
Finnkino Oy ,忍者神龟2：破影而出
Finnkino Oy ,爱宠大机密
Finnkino Oy ,谍影重重5
Fivia ,呼啸山庄
Forum Film Poland ,关键第四号
Forum Films ,美国队长
Forum Hungary ,异星战场
Forum Hungary ,创战纪
Forum Hungary ,关键第四号
Forum Hungary ,赛车总动员2
Forum Hungary ,加勒比海盗4：惊涛怪浪
Forum Hungary ,饥饿游戏
Forum Hungary ,彼得的龙
Forum Hungary ,丛林有情狼
Forum Hungary ,铁甲钢拳
Forum Hungary ,宾虚
Forum Hungary ,非常小特工之时间大盗
Forumcinemas ,纳尼亚传奇3
Forumcinemas ,碟中谍4
Forumcinemas ,冰川时代4：大陆漂移
Forumcinemas ,赛车总动员2
Forumcinemas ,特工争风
Forumcinemas ,变形金刚3
Forumcinemas ,速度与激情5
Forumcinemas ,异星战场
Forumcinemas ,美国队长
Forumcinemas ,猩球崛起
Forumcinemas ,马达加斯加3
Forumcinemas ,雷神
Forumcinemas ,少年派的奇幻漂流
Forumcinemas ,普罗米修斯
Fox 2000 Pictures ,少年派的奇幻漂流
Fox STAR Studios ,猩球崛起
Fox-Walden ,纳尼亚传奇3
Frenetic Films ,呼啸山庄
Front Row ,呼啸山庄
Front Row Filmed Entertainment ,极速风流
Front Row Filmed Entertainment ,黑衣女人
Front Row Filmed Entertainment ,呼啸山庄
Front Row Filmed Entertainment ,再次出发
Front Row Filmed Entertainment ,舞力对决
Fuji Television Network ,挪威的森林
Fundamental Films ,危情三日
Future Film ,幻体：续命游戏
Future Film ,绝地逃亡
GAGA ,神战：权力之眼
GAGA Communications ,危情三日
GAGA Communications ,三个火枪手
GAGA Communications ,模仿游戏
GAGA Communications ,国王的演讲
GKIDS ,海洋之歌
Garsu Pasaulio Irasai ,迷踪：第九鹰团
Gaumont Distribution ,一夜迷情
Geo Films ,地心营救
Global Screen ,诺亚方舟漂流记
Global Screen ,诺亚方舟漂流记
Golden Village Pictures ,泰山归来：人猿大战
Golden Village Pictures ,舞力对决
Golden Village Pictures ,铁拳
Golden Village Pictures ,非常小特工之时间大盗
Golden Village Pictures ,深海浩劫
Golden Village Pictures ,分歧者3：忠诚世界
Golden Village Pictures ,铁拳
Golden Village Pictures ,天际浩劫
Golden Village Pictures ,王者之剑3D
Golden Village Pictures ,白雪公主之魔镜魔镜
Golden Village Pictures ,夺命深渊
Golden Village Pictures ,机械师2：复活
Golden Village Pictures ,寄生兽
Golden Village Pictures ,哆啦A梦：伴我同行
Golden Village Pictures ,分歧者2：绝地反击
Golden Village Pictures ,武侠
Golden Village Pictures ,地心营救
Golden Village Pictures ,机械师
Golden Village Pictures ,女巫季节
Golden Village Pictures ,泰山归来：险战丛林
Golden Village Pictures ,超脑48小时
Gramercy Pictures ,伦敦陷落
Gramercy Pictures ,幻体：续命游戏
Gulf Film ,幻影追凶
Gulf Film ,花样厨神
Gussi Artecinema ,幻影追凶
Gutek Film ,呼啸山庄
HCE ,女巫季节
HanWay Films ,飞鹰艾迪
Haut et Court ,海洋之歌
Hollydan Works ,速度与激情5
Hollywood Classic Entertainment ,迷踪：第九鹰团
Hollywood Entertainment ,舞力对决
Home Box Office Latin America (HBO) ,挪威的森林
Hong Kong Legends ,倩女幽魂
Hopscotch Entertainment ,天际浩劫
Horizon Films ,呼啸山庄
Hoyts Distribution ,帕丁顿熊
Hoyts Distribution ,魔法奇幻秀
Huahua Film & Media Culture ,魔法老师
IDC ,特警判官
IPA ,永无止境
IPA ,海浪
IPA ,黑海夺金
IPA ,红色警戒999
IPA Asia Pacific ,一夜迷情
IPA Asia Pacific ,无处可逃
IPA Asia Pacific ,国王的演讲
IPA Asia Pacific ,战略特勤组
IPA Asia Pacific ,红色警戒999
IPA Asia Pacific ,危情三日
Icon Film Distribution ,赤焰战场
Icon Film Distribution ,人狼大战
Icon Film Distribution ,特警判官
Ifilm ,寄生兽
Imagem Filmes ,危情三日
Imagem Filmes ,女巫季节
Incognito Films ,天际浩劫
Incognito Films ,机械师
Incognito Films ,舞力对决
Incognito Films ,王者之剑3D
Incognito Films ,惊天战神
Independent Films ,深海浩劫
Independent Films ,最后的巫师猎人
Independent Films ,神战：权力之眼
Independent Films ,分歧者3：忠诚世界
Independent Films ,天际浩劫
Independent Films ,惊天魔盗团2
IndustryWorks Pictures ,重返大海
Infotainment China ,废柴特工
Innoform Media ,人狼大战
Innoform Media ,危情三日
InterCom ,冰川时代5：星际碰撞
InterCom ,青蜂侠
InterCom ,冰川时代：星际碰撞
Intercontinental Video ,天际浩劫
Intersonic ,呼啸山庄
Italia Film ,迷踪：第九鹰团
Joyncontents Group ,分歧者3：忠诚世界
Joyncontents Group ,最后的巫师猎人
KOCH Media Deutschland GmbH ,疯狂侏罗纪
KSM ,海洋之歌
KVH Media Group ,海洋之歌
Kadokawa ,惊天魔盗团2
Kadokawa ,废柴特工
Kadokawa Pictures ,女巫季节
Karantanija Cinemas ,魔兽
Karma Films ,海洋之歌
Karo Premiere ,狂暴飞车
Karo Premiere ,美少女特攻队
Kinepolis Film Distribution ,巴黎危机
Kinepolis Film Distribution ,机械师2：复活
Kinepolis Film Distribution (KFD) ,黑衣女人
Kinepolis Film Distribution (KFD) ,丛林有情狼
Kinepolis Film Distribution (KFD) ,天际浩劫
Kino Films ,幻体：续命游戏
Kino Swiat ,国王的演讲
Kinowelt Filmproduktion ,源代码
Kinowelt Filmverleih ,不明身份
Kinowelt Filmverleih ,源代码
Kinowelt Filmverleih ,危情三日
Kiss Comunicació ,花样厨神
Kitokio kino klubas ,一夜迷情
Korea Screen ,天际浩劫
Lark Films Distribution ,寄生兽
Latinamerican Theatrical Group ,三个火枪手
Leeding Media ,丛林有情狼
Leeding Media ,分歧者3：忠诚世界
Leeding Media ,分歧者2：绝地反击
Legendmain Filmes ,海洋之歌
Leopolis ,幻影追凶
Lions Gate Films ,魔法奇幻秀
Lionsgate Home Entertainment ,废柴特工
Long Shong Entertainment Multimedia Company ,源代码
Long Shong Entertainment Multimedia Company ,黑衣女人
Long Shong Entertainment Multimedia Company ,夺命追踪
Lotte Entertainment ,三个火枪手
Lotte Entertainment ,丁丁历险记
Lucernafilm - Alfa ,侏罗纪公园3D
Lucky Red ,哆啦A梦：伴我同行
Lumière Home Entertainment ,挪威的森林
Lumière Productie ,挪威的森林
Lusomundo ,呼啸山庄
Lusomundo ,挪威的森林
M-Line Distribution ,判我有罪
M2 Pictures ,红色警戒999
MEED Films ,夺命深渊
MG Film ,魔法奇幻秀
MVP Entertainment ,机械师
MVP Entertainment ,天际浩劫
MVP Entertainment ,舞力对决
MVP Entertainment ,特警判官
MVP Entertainment ,王者之剑3D
MVP Pictures ,巴霍巴利王：开端
MVP Pictures ,巴霍巴利王：开端
Madman Entertainment Pty. Ltd. ,寄生兽
Mainichi Broadcasting System (MBS) K.K. ,垫底辣妹
Manfer Films ,海底总动员2：多莉去哪儿
Manga Films ,倩女幽魂
Maple Pictures ,危情三日
Maple Pictures ,王者之剑3D
Mars Distribution ,红色警戒999
Mars Films ,红色警戒999
Maywin Media ,呼啸山庄
Media Pro Film Distribution ,铁血精英
Mediatres Estudio ,寄生兽
Medusa ,女巫季节
Medusa Distribuzione ,一夜迷情
Megabox ,神探夏洛克
Megastar Pictures ,倩女幽魂
Megogo Distribution ,机械师2：复活
Meloman ,美国队长3
Meloman ,美国队长3：英雄内战
Metropolitan Filmexport ,丛林有情狼
Metropolitan Filmexport ,吹梦巨人
Metropolitan Filmexport ,敢死队2
Metropolitan Filmexport ,废柴特工
Metropolitan Filmexport ,机械师
Metropolitan Filmexport ,女巫季节
Metropolitan Filmexport ,危情三日
Metropolitan Filmexport ,机械师2：复活
Metropolitan Filmexport ,迷踪：第九鹰团
Metropolitan Filmexport ,惊天战神
Metropolitan Filmexport ,灵偶契约
Metropolitan Filmexport ,王者之剑3D
Metropolitan Filmexport ,舞力对决
Metropolitan Filmexport ,夺命深渊
Metropolitan Filmexport ,超脑48小时
Metropolitan Filmexport ,圆梦巨人
Midget Entertainment ,环形使者
Midget Entertainment ,王者之剑3D
Midget Entertainment ,林肯律师
Midget Entertainment ,人狼大战
Millennium Entertainment ,幻影追凶
Millennium Entertainment ,罪恶赎金
Miracle Voice ,海洋之歌
Moments Entertainment ,最后的巫师猎人
Momentum Pictures ,天际浩劫
Momentum Pictures ,机械师
Momentum Pictures ,女巫季节
Momentum Pictures ,国王的演讲
Momentum Pictures ,双雄
Momentum Pictures ,黑衣女人
Mongkol Major ,巴黎危机
Mongkol Major ,惊天战神
Mongkol Major ,夺命深渊
Mongkol Major ,挪威的森林
Mongkol Major ,王者之剑3D
Mongkol Major ,幻影追凶
Mongkol Major ,丛林有情狼
Mongkol Major ,特警判官
Mongkol Major ,最后的巫师猎人
Mongkol Major ,黑衣女人
Mongkol Major ,分歧者3：忠诚世界
Mongkol Major ,惊天魔盗团2
Mongkol Major ,魔法老师
Mongkol Major ,饥饿游戏
Mongkol Major ,九条命
Mongkol Major ,深海浩劫
Mongkol Major ,神战：权力之眼
Mongkol Major ,白雪公主之魔镜魔镜
Mongkol Major Film ,天际浩劫
Mongrel Media ,挪威的森林
Monolith ,丛林有情狼
Monolith Films ,迷踪：第九鹰团
Monolith Films ,危情三日
Monolith Films ,源代码
Monolith Films ,夺命深渊
Monolith Films ,神战：权力之眼
Monolith Plus ,女巫季节
Monopole-Pathé ,一夜迷情
Moxienotion ,海浪
Multivision Multimedia India ,惊天战神
Myndform ,铁血精英
Myndform ,呼啸山庄
NFP Marketing & Distribution ,一夜迷情
NOS Audiovisuais ,彼得的龙
NOS Audiovisuais ,X特遣队
NOS Audiovisuais ,宾虚
NOS Audiovisuais ,星际迷航3：超越星辰
NOS Audiovisuais ,谍影重重5
NOS Audiovisuais ,幻体：续命游戏
NOS Audiovisuais ,忍者神龟2：破影而出
NOS Audiovisuais ,红色警戒999
NOS Audiovisuais ,惊天魔盗团2
National Broadcasting Company (NBC) ,侏罗纪公园3D
National Geographic Cinema Ventures ,神秘的未知世界
New KSM ,海洋之歌
New Yorker Films ,红高粱
Next Entertainment World ,哆啦A梦：伴我同行
Noble Entertainment ,源代码
Noori Pictures ,白雪公主之魔镜魔镜
Noori Pictures ,废柴特工
Noori Pictures ,饥饿游戏
Noori Pictures ,夺命追踪
Noori Pictures ,铁血精英
Noori Pictures ,灵魂战车2：复仇时刻
Nordisk Film ,惊天魔盗团2
Nordisk Film ,赤焰战场
Nordisk Film ,圆梦巨人
Nordisk Film ,吹梦巨人
Nordisk Film ,天际浩劫
Nordisk Film ,神战：权力之眼
Nordisk Film ,女巫季节
Nordisk Film ,迷踪：第九鹰团
Nordisk Film ,分歧者3：忠诚世界
Nordisk Film Theatrical Distribution ,迷踪：第九鹰团
Nordisk Film Theatrical Distribution ,天际浩劫
Nordisk Film Theatrical Distribution ,女巫季节
Nordisk Film Theatrical Distribution ,赤焰战场
Nordisk Filmdistribusjon ,分歧者3：忠诚世界
Nordisk Filmdistribusjon ,海浪
Nu Image Films ,劫案迷云
Nu Image Films ,王者之剑3D
O'Brother Distribution ,海洋之歌
OctoArts Films ,红色警戒999
Océan Films ,魔法老师
Odeon ,纳尼亚传奇3
Odeon ,圆梦巨人
Odeon ,呼啸山庄
Odeon ,X战警：天启
Odeon ,灵偶契约
Odeon ,雷神
Odeon ,神战：权力之眼
Odeon ,女巫季节
Odeon ,分歧者3：忠诚世界
Odeon ,惊天魔盗团2
Odeon ,源代码
Odeon ,魔法老师
Odeon ,王者之剑3D
Odeon ,迷踪：第九鹰团
Odeon ,国王的演讲
Odeon ,机械师
Odeon ,赤焰战场
Odeon ,夺命深渊
Odeon ,一夜迷情
Odeon ,猩球崛起
Odeon ,吹梦巨人
Officine UBU ,花样厨神
On Pictures ,战略特勤组
Open Road Films (II) ,人狼大战
Open Road Films (II) ,使命召唤
Open Road Films (II) ,红色警戒999
Open Road Films (II) ,太空一号
Optimum Releasing ,源代码
Optimum Releasing ,一夜迷情
Optimum Releasing ,不明身份
Oscilloscope Pictures ,呼啸山庄
Outsider Films ,魔法老师
PCV ,挪威的森林
PVR Pictures ,迷踪：第九鹰团
Pancinema ,寄生兽
Pancinema ,丛林有情狼
Pancinema ,再次出发
Pandora Filmproduktion ,挪威的森林
Panorama Entertainment ,黑海夺金
Panorama Studios ,伦敦陷落
Paradise ,舞力对决
Paradise Group ,惊天战神
Paradise Group ,女巫季节
Paradise Group ,永无止境
Paradise Group ,灵偶契约
Paradise Group ,迷踪：第九鹰团
Paradiso ,国王的演讲
Paradiso ,夺命深渊
Paradiso Entertainment ,国王的演讲
Paradiso Entertainment ,夺命深渊
Paramount Home Entertainment ,雷神
Paramount Home Entertainment ,变形金刚3
Paramount Japan ,碟中谍4
Paramount Japan ,美国队长
Paramount Japan ,雷神
Paramount Japan ,变形金刚3
Paramount Pictures ,碟中谍4
Paramount Pictures ,功夫熊猫2
Paramount Pictures ,女巫季节
Paramount Pictures ,变形金刚3
Paramount Pictures ,宾虚
Paramount Pictures ,雷神
Paramount Pictures ,丁丁历险记
Paramount Pictures ,星际迷航3：超越星辰
Paramount Pictures ,忍者神龟2：破影而出
Paramount Pictures ,美国队长
Paramount Pictures ,国王的演讲
Paramount Pictures (Australia) Pty. Ltd. ,星际迷航3：超越星辰
Paramount Pictures Entertainment ,变形金刚3
Paramount Pictures Entertainment ,美国队长
Paramount Pictures Entertainment ,碟中谍4
Paramount Pictures Entertainment ,雷神
Paramount Pictures Germany ,宾虚
Paramount Pictures International ,宾虚
Paramount Pictures International ,美国队长
Paris Filmes ,赤焰战场
Paris Filmes ,国王的演讲
Paris Filmes ,废柴特工
Perfect World (Beijing) Pictures Co. ,分歧者3：忠诚世界
Pinema ,圆梦巨人
Pinema ,白雪公主之魔镜魔镜
Pinema ,灵魂战车2：复仇时刻
Pinema ,模仿游戏
Pinema ,谍影特工
Pinema ,战略特勤组
Pinema ,女巫季节
Pinema ,雨果
Pinema ,梦宅诡影
Pinema ,吹梦巨人
Pinema ,灵偶契约
Pinema ,赤警威龙
Pinema ,通灵神探
Pinema ,永无止境
Pinema ,惊天战神
Pinema ,幻体：续命游戏
Pioneer ,侏罗纪公园3D
Pioneer Films ,分歧者3：忠诚世界
Pioneer Films ,王者之剑3D
Pioneer Films ,惊天战神
Pioneer Films ,最后的巫师猎人
PlayArte Filmes ,天际浩劫
Pony Canyon ,通灵神探
Praesens-Film AG ,花样厨神
Prem'er Video Fil'm ,侏罗纪公园3D
Presidio ,红色警戒999
Pretty Pictures ,挪威的森林
Pris Audiovisuais ,分歧者3：忠诚世界
Pris Audiovisuais ,惊天战神
Pris Audiovisuais ,女巫季节
Pris Audiovisuais ,机械师
Pris Audiovisuais ,丛林有情狼
Pris Audiovisuais ,废柴特工
Pris Audiovisuais ,危情三日
Pris Audiovisuais ,神战：权力之眼
Prisvídeo - Edi??es Videográficas ,舞力对决
Prokino Filmverleih ,呼啸山庄
Prorom Media-Trade ,国王的演讲
Prorom Media-Trade ,迷踪：第九鹰团
Prorom Media-Trade ,梦宅诡影
Prorom Media-Trade ,绝地逃亡
Prorom Media-Trade ,九条命
Queen Film ,惊天战神
Queen Film ,迷踪：第九鹰团
R Film ,舞力对决
R Film ,夺命深渊
Red Chillies Entertainment ,惊天魔盗团2
Red Flag Releasing (RFR) ,挪威的森林
Relativity EuropaCorp Distribution (RED) ,九条命
Relativity Pictures LLC ,通灵神探
Reliance Entertainment ,圆梦巨人
Reliance Entertainment ,吹梦巨人
Remain In Light ,灵偶契约
Roadshow Entertainment ,红色警戒999
Roadshow Entertainment ,幻影追凶
Roadshow Entertainment ,女巫季节
Roadshow Film Distributors ,废柴特工
Roadshow Film Distributors ,女巫季节
Roadshow Films ,超能敢死队
Roadshow Films ,王者之剑3D
Roadshow Films ,绝地逃亡
Roadshow Films ,女巫季节
Roadshow Films ,赤警威龙
Roadshow Films ,敢死队2
Roadshow Films ,通灵神探
Roadshow Films ,伦敦陷落
Roadshow Films ,红色警戒999
Roadshow Films ,机械师2：复活
Roadshow Films ,废柴特工
Roadshow Films ,超脑48小时
Rogue ,天际浩劫
Rogue ,女巫季节
Rogue Pictures ,夺命深渊
Rogue Pictures ,永无止境
SF Film Finland ,泰山归来：人猿大战
SF Film Finland ,X战警：天启
SF Film Finland ,泰山归来：险战丛林
SF Film Finland ,冰川时代：星际碰撞
SF Film Finland ,独立日：卷土重来
SF Film Finland ,佩小姐的奇幻城堡
SF Film Finland ,冰川时代5：星际碰撞
SF Norge A/S ,逗鸟外传：萌宝满天飞
SND ,分歧者3：忠诚世界
SND ,铁拳
SND ,极盗者
SND ,天际浩劫
SND ,幻体：续命游戏
SND ,源代码
SND ,赤焰战场
SND ,伦敦陷落
SND ,深海浩劫
SND ,铁拳
SND ,分歧者2：绝地反击
SND ,惊天魔盗团2
SND Films ,最后的巫师猎人
SND Films ,神战：权力之眼
SND Films ,通灵神探
STX Entertainment ,灵偶契约
Saban Films ,绝地逃亡
Sabay MVP ,星际迷航3：超越星辰
Sahamongkol Film International Co. Ltd. ,源代码
Sahamongkolfilm Co. ,挪威的森林
Saigon Movies Media ,天际浩劫
Sam Film ,源代码
Sandrew Metronome Distribution ,哈利・波特与死亡圣器(下)
Scanbox Entertainment ,舞力对决
Scanbox Sweden ,舞力对决
Screen Gems Inc. ,驱魔者
Second Gen Pictures ,灵偶契约
Sena ,愤怒的小鸟
Sena ,X战警：天启
Senator Entertainment ,战略特勤组
Senator Film ,诺亚方舟漂流记
Senator Film ,国王的演讲
Senator Film ,战略特勤组
Senator Film ,诺亚方舟漂流记
Senator Home Entertainment ,国王的演讲
Seville Pictures ,飞鹰艾迪
Shanghai Huayu Film Company ,挪威的森林
Shani ,迷踪：第九鹰团
Shaw Organisation ,源代码
Shaw Organisation ,赤焰战场
Shaw Organisation ,绝地逃亡
Shaw Organisation ,魔法老师
Shaw Organisation ,惊天魔盗团2
Shaw Organisation ,丛林有情狼
Shaw Organisation ,迷踪：第九鹰团
Shaw Organisation ,巴黎危机
Shaw Organisation ,黑海夺金
Shochiku Company ,侠盗石川
Shochiku Company ,天际浩劫
Showgate ,战略特勤组
Showgate ,机械师
Showgate ,魔法奇幻秀
Showgate ,机械师2：复活
Showtime ,幻影追凶
Showtime Networks Inc. ,灵偶契约
Sierra Pictures (III) ,红色警戒999
Signature Entertainment ,疯狂侏罗纪
Snapper Films Oy ,灵偶契约
Soda Pictures ,挪威的森林
Solar Entertainment ,雷神
Solar Entertainment ,碟中谍4
Solar Entertainment ,功夫熊猫2
Solar Entertainment ,丁丁历险记
Solar Entertainment ,变形金刚3
Solar Entertainment ,速度与激情5
Sony Pictures Entertainment ,洛杉矶之战
Sony Pictures Entertainment ,青蜂侠
Sony Pictures Entertainment ,侏罗纪公园3D
Sony Pictures Entertainment (SPE) Worldwide Acquisitions Group ,神奇海盗团
Sony Pictures Entertainment Inc. ,愤怒的小鸟
Sony Pictures Entertainment Inc. ,青蜂侠
Sony Pictures Entertainment Inc. ,愤怒的小鸟大电影
Sony Pictures Entertainment Inc. ,007：幽灵党
Sony Pictures Entertainment Inc. ,超能敢死队
Sony Pictures Entertainment Inc. ,洛杉矶之战
Sony Pictures Entertainment Inc. ,鲨滩
Sony Pictures Home Entertainment ,机械师
Sony Pictures Home Entertainment ,赛车总动员2
Sony Pictures Home Entertainment ,战略特勤组
Sony Pictures Home Entertainment ,青蜂侠
Sony Pictures Home Entertainment ,洛杉矶之战
Sony Pictures Home Entertainment Nordic ,青蜂侠
Sony Pictures International ,丁丁历险记
Sony Pictures Releasing ,黑海夺金
Sony Pictures Releasing ,星际迷航3：超越星辰
Sony Pictures Releasing ,超能敢死队
Sony Pictures Releasing ,愤怒的小鸟大电影
Sony Pictures Releasing ,愤怒的小鸟
Sony Pictures Releasing ,鲨滩
Sony Pictures Releasing Canada ,洛杉矶之战
Sony Pictures Releasing Canada ,青蜂侠
Spentzos Films ,饥饿游戏
Splendid Film ,超脑48小时
Splendid Film ,敢死队2
Splendid Film ,巴霍巴利王：开端
Splendid Film ,巴霍巴利王：开端
Splendid Film ,铁血精英
Splendid Film ,天际浩劫
Splendid Film ,王者之剑3D
Square One Entertainment ,舞力对决
Ssamzie Entertainment ,迷踪：第九鹰团
Star Entertainment ,一夜迷情
Starway Film Distribution ,迷踪：第九鹰团
Starway Film Distribution ,非常小特工之时间大盗
Ster-Kinekor Pictures ,呼啸山庄
Summit Distribution ,源代码
Summit Home Entertainment ,赤焰战场
Summit Home Entertainment ,源代码
Sun Distribution ,源代码
Sun Distribution ,巴霍巴利王：开端
Sun Distribution ,巴霍巴利王：开端
Svensk Filmindustri (SF) ,危情三日
Svensk Filmindustri (SF) ,特警判官
Svensk Filmindustri (SF) AB ,魔法老师
Swen Entertainment ,呼啸山庄
Synca ,魔法老师
T?wa Pictures ,忍者神龟2：破影而出
T?wa Pictures ,星际迷航3：超越星辰
Tai Seng Video Marketing ,倩女幽魂
Tanweer Films ,疯狂侏罗纪
Tanweer Films ,双雄
Tanweer Films ,幻影追凶
Tanweer Films ,危情三日
Tanweer Films ,饥饿游戏
Tanweer Films ,无处可逃
Tanweer Films ,白雪公主之魔镜魔镜
Tanweer Films ,夺命追踪
Tatrafilm ,速度与激情5
Tele München Fernseh Produktionsgesellschaft (TMG) ,无处可逃
Telepool GmbH ,机械师2：复活
Telepool GmbH ,魔法老师
The Walt Disney Company ,我们诞生在中国
The Weinstein Company LLC ,武侠
Thomas Entertainment ,呼啸山庄
Tobis Film GmbH & Co. KG ,铁拳
Tobis Film GmbH & Co. KG ,铁拳
Toei Co. Ltd. ,海贼王2016剧场版
Toho-Towa ,丁丁历险记
Toho-Towa ,夺命深渊
Toho-Towa ,惊天战神
Toho-Towa ,小黄人大眼萌
Toho-Towa ,速度与激情5
Top Film Distribution ,战略特勤组
Transmission ,呼啸山庄
Transmission ,国王的演讲
Transmundo Films ,红高粱
Transmundo Home Video (THV) ,红高粱
TriPictures ,危情三日
TriPictures ,女巫季节
TriPictures S.A. ,永无止境
TriPictures S.A. ,废柴特工
TriStar Pictures ,狂怒
TriStar Pictures ,云中行走
TriStar Pictures ,幻体：续命游戏
Tribeca Film ,一夜迷情
Tuck ,呼啸山庄
Turner Network Television (TNT) ,美国队长3：英雄内战
Turner Network Television (TNT) ,美国队长3
Twentieth Century Fox C.I.S. ,普罗米修斯
Twentieth Century Fox C.I.S. ,特工争风
Twentieth Century Fox C.I.S. ,X战警：天启
Twentieth Century Fox C.I.S. ,冰川时代4：大陆漂移
Twentieth Century Fox C.I.S. ,少年派的奇幻漂流
Twentieth Century Fox C.I.S. ,纳尼亚传奇3
Twentieth Century Fox C.I.S. ,里约大冒险
Twentieth Century Fox C.I.S. ,猩球崛起
Twentieth Century Fox Home Entertainment ,猩球崛起
Twentieth Century Fox Home Entertainment ,女巫季节
Twentieth Century Fox Home Entertainment ,纳尼亚传奇3
Twin Co. Ltd. ,巴霍巴利王：开端
Twin Co. Ltd. ,巴霍巴利王：开端
Twin Co. Ltd. ,舞力对决
Twin Film ,海洋之歌
UA films ,寄生兽
USA Network ,速度与激情5
Umut Sanat ,铁血精英
United International Pictures ,侏罗纪公园3D
United International Pictures (UIP) ,变形金刚3
United International Pictures (UIP) ,超级战舰
United International Pictures (UIP) ,宾虚
United International Pictures (UIP) ,老雷斯的故事
United International Pictures (UIP) ,雷神
United International Pictures (UIP) ,魔兽
United International Pictures (UIP) ,谍影重重5
United International Pictures (UIP) ,鲨滩
United International Pictures (UIP) ,侏罗纪世界
United International Pictures (UIP) ,星际迷航3：超越星辰
United International Pictures (UIP) ,碟中谍4
United International Pictures (UIP) ,猎神：冬日之战
United International Pictures (UIP) ,像素大战
United International Pictures (UIP) ,速度与激情5
United International Pictures (UIP) ,忍者神龟：变种时代
United International Pictures (UIP) ,愤怒的小鸟
United International Pictures (UIP) ,侏罗纪公园3D
United International Pictures (UIP) ,守护者联盟
United International Pictures (UIP) ,青蜂侠
United International Pictures (UIP) ,美国队长
United International Pictures (UIP) ,爱宠大机密
United International Pictures (UIP) ,功夫熊猫2
United International Pictures (UIP) ,惊天战神
United International Pictures (UIP) ,忍者神龟2：破影而出
United International Pictures (UIP) ,海绵宝宝
United International Pictures (UIP) ,丁丁历险记
United International Pictures (UIP) ,精灵旅社2
United International Pictures (UIP) ,超能敢死队
United International Pictures (UIP) ,愤怒的小鸟大电影
United International Pictures (UIP) ,马达加斯加3
United King Films ,源代码
United King Films ,挪威的森林
Universal Home Entertainment ,侏罗纪公园3D
Universal Home Entertainment ,黑海夺金
Universal Home Video ,侏罗纪公园3D
Universal Pictures ,谍影重重5
Universal Pictures Benelux ,侏罗纪公园3D
Universal Pictures Benelux ,变形金刚3
Universal Pictures Benelux ,速度与激情5
Universal Pictures Benelux ,功夫熊猫2
Universal Pictures Benelux ,雷神
Universal Pictures Canada ,夺命深渊
Universal Pictures Canada ,速度与激情5
Universal Pictures Finland ,猎神：冬日之战
Universal Pictures Germany ,猎神：冬日之战
Universal Pictures Home Entertainment (UPHE) ,海洋之歌
Universal Pictures Home Entertainment (UPHE) ,幻体：续命游戏
Universal Pictures Home Video ,侏罗纪公园3D
Universal Pictures International ,愤怒的小鸟
Universal Pictures International ,超能敢死队
Universal Pictures International ,魔兽
Universal Pictures International ,惊天战神
Universal Pictures International ,谍影重重5
Universal Pictures International ,星际迷航3：超越星辰
Universal Pictures International ,诺亚方舟漂流记
Universal Pictures International ,鲨滩
Universal Pictures International ,愤怒的小鸟大电影
Universal Pictures International ,忍者神龟2：破影而出
Universal Pictures International ,雷神
Universal Pictures International ,宾虚
Universal Pictures International ,诺亚方舟漂流记
Universal Pictures International ,功夫熊猫2
Universal Pictures International ,美国队长
Universal Pictures International ,猎神：冬日之战
Universal Pictures International ,爱宠大机密
Universal Pictures International (UPI) ,惊天战神
Universal Pictures International (UPI) ,碟中谍4
Universal Pictures International (UPI) ,猎神：冬日之战
Universal Pictures International (UPI) ,魔兽
Universal Pictures International (UPI) ,变形金刚3
Universal Pictures International (UPI) ,迷踪：第九鹰团
Universal Pictures International (UPI) ,谍影重重5
Universal Pictures International (UPI) ,速度与激情5
Universal Pictures International (UPI) ,星际迷航3：超越星辰
Universal Pictures International (UPI) ,黑海夺金
Universal Pictures International (UPI) ,爱宠大机密
Universal Studios Home Entertainment ,速度与激情5
Universal Studios Home Entertainment ,迷踪：第九鹰团
Universal Studios Home Entertainment ,天际浩劫
Universal Studios Home Entertainment ,夺命深渊
Universum Film ,九条命
Universum Film A.G. (UFA) ,海浪
Universum Film A.G. (UFA) ,机械师2：复活
Universum Film A.G. (UFA) ,魔法老师
Universum-Film GmbH ,伦敦陷落
VVS Films ,九条命
VVS Films ,伦敦陷落
VVS Films ,超脑48小时
VVS Films ,机械师2：复活
VVS Films ,幻体：续命游戏
VVS Films ,罪恶赎金
Vertice Cine ,一夜迷情
Vertigo Films ,舞力对决
Vicol Entertainment ,女巫季节
Vicol Entertainment ,一夜迷情
Village Films ,女巫季节
Village Films ,哈利・波特与死亡圣器(下)
Village Films ,不明身份
Village Films ,绿灯侠
Village Films ,惊天战神
Village Films ,美少女特攻队
Village Films ,危情三日
Village Films ,天际浩劫
Village Roadshow Greece S.A. ,幻影追凶
Vision Film Distribution ,天际浩劫
Viva International Pictures ,灵偶契约
Viva International Pictures ,迷踪：第九鹰团
Viva International Pictures ,机械师
Viva International Pictures ,天际浩劫
Viva International Pictures ,国王的演讲
Viva International Pictures ,女巫季节
Viva International Pictures ,舞力对决
Viva International Pictures ,危情三日
Viva International Pictures ,非常小特工之时间大盗
Viz Media Europe ,花样厨神
Vértigo Films ,挪威的森林
Walt Disney ,纳尼亚传奇3
Walt Disney Studios ,源代码
Walt Disney Studios ,赤焰战场
Walt Disney Studios ,加勒比海盗4：惊涛怪浪
Walt Disney Studios Home Entertainment ,创战纪
Walt Disney Studios Home Entertainment ,赛车总动员2
Walt Disney Studios Japan ,海底总动员2：多莉去哪儿
Walt Disney Studios Japan ,奇幻森林
Walt Disney Studios Japan ,吹梦巨人
Walt Disney Studios Japan ,彼得的龙
Walt Disney Studios Japan ,美国队长3：英雄内战
Walt Disney Studios Japan ,美国队长3
Walt Disney Studios Japan ,圆梦巨人
Walt Disney Studios Japan ,爱丽丝梦游仙境2：镜中奇遇记
Walt Disney Studios Motion Pictures ,关键第四号
Walt Disney Studios Motion Pictures ,异星战场
Walt Disney Studios Motion Pictures ,蚁人
Walt Disney Studios Motion Pictures ,加勒比海盗4：惊涛怪浪
Walt Disney Studios Motion Pictures ,无敌破坏王
Walt Disney Studios Motion Pictures ,赛车总动员2
Walt Disney Studios Motion Pictures ,洛杉矶之战
Walt Disney Studios Motion Pictures ,奇幻森林
Walt Disney Studios Motion Pictures ,战马
Walt Disney Studios Motion Pictures ,铁甲钢拳
Walt Disney Studios Motion Pictures ,彼得的龙
Walt Disney Studios Motion Pictures ,美国队长3：英雄内战
Walt Disney Studios Motion Pictures ,圆梦巨人
Walt Disney Studios Motion Pictures ,星球大战：原力觉醒
Walt Disney Studios Motion Pictures ,创战纪
Walt Disney Studios Motion Pictures ,一夜迷情
Walt Disney Studios Motion Pictures ,海底总动员2：多莉去哪儿
Walt Disney Studios Motion Pictures ,爱丽丝梦游仙境2：镜中奇遇记
Walt Disney Studios Motion Pictures ,美国队长3
Walt Disney Studios Motion Pictures ,吹梦巨人
Walt Disney Studios Motion Pictures Finland ,鲨滩
Walt Disney Studios Motion Pictures Finland ,愤怒的小鸟大电影
Walt Disney Studios Motion Pictures Finland ,超能敢死队
Walt Disney Studios Motion Pictures Finland ,奇幻森林
Walt Disney Studios Motion Pictures Finland ,丁丁历险记
Walt Disney Studios Motion Pictures Finland ,青蜂侠
Walt Disney Studios Motion Pictures Finland ,爱丽丝梦游仙境2：镜中奇遇记
Walt Disney Studios Motion Pictures Finland ,愤怒的小鸟
Wanda Visión S.A. ,魔法老师
Warner Bros. ,猩球崛起
Warner Bros. ,逗鸟外传：萌宝满天飞
Warner Bros. ,哈利・波特与死亡圣器(下)
Warner Bros. ,超人：钢铁之躯
Warner Bros. ,泰山归来：人猿大战
Warner Bros. ,泰山归来：险战丛林
Warner Bros. ,纳尼亚传奇3
Warner Bros. ,X特遣队
Warner Bros. ,不明身份
Warner Bros. ,王者之剑3D
Warner Bros. ,蝙蝠侠：黑暗骑士崛起
Warner Bros. ,逗鸟外传
Warner Bros. ,灵魂战车2：复仇时刻
Warner Bros. ,美少女特攻队
Warner Bros. ,绿灯侠
Warner Bros. ,侠盗石川
Warner Bros. ,巨人捕手杰克
Warner Bros. Entertainment ,不明身份
Warner Bros. Entertainment ,狐猴之岛：马达加斯加
Warner Bros. Espa?ola S.A. ,泰山归来：人猿大战
Warner Bros. Espa?ola S.A. ,泰山归来：险战丛林
Warner Bros. Espa?ola S.A. ,X特遣队
Warner Bros. Family Entertainment ,逗鸟外传
Warner Bros. Family Entertainment ,逗鸟外传：萌宝满天飞
Warner Bros. GmbH ,逗鸟外传
Warner Bros. GmbH ,逗鸟外传：萌宝满天飞
Warner Bros. GmbH ,X特遣队
Warner Bros. GmbH ,泰山归来：险战丛林
Warner Bros. GmbH ,泰山归来：人猿大战
Warner Bros. Pictures ,灵魂战车2：复仇时刻
Warner Bros. Pictures International ,饥饿游戏
Warner Brothers ,地心引力
Warner Home Video ,绿灯侠
Warner Home Video ,美少女特攻队
Warner Home Video ,哈利・波特与死亡圣器(下)
Warner Home Video ,不明身份
Waylen Group ,速度与激情5
West Video ,危情三日
WestEnd Films ,海洋之歌
Westec Media Limited ,精灵旅社2
Westec Media Limited ,愤怒的小鸟大电影
Westec Media Limited ,神战：权力之眼
Westec Media Limited ,美国队长3：英雄内战
Westec Media Limited ,绝命海拔
Westec Media Limited ,爱丽丝梦游仙境2：镜中奇遇记
Westec Media Limited ,移动迷宫2
Westec Media Limited ,超能敢死队
Westec Media Limited ,愤怒的小鸟
Westec Media Limited ,海底总动员2：多莉去哪儿
Westec Media Limited ,美国队长3
Westec Media Limited ,X战警：天启
Westec Media Limited ,魔兽
White Tusk Movies ,泰山归来：险战丛林
Wide Pictures ,无处可逃
Wild Bunch ,幻影追凶
Wild Bunch ,红色警戒999
Wild Bunch ,王的盛宴
Wild Bunch ,魔法老师
Wild Bunch Distribution ,天际浩劫
Zippcast Films ,魔法老师
Zon Lusomundo Audiovisuais ,碟中谍4
Zon Lusomundo Audiovisuais ,国王的演讲
Zon Lusomundo Audiovisuais ,王者之剑3D
Zon Lusomundo Audiovisuais ,非常小特工之时间大盗
Zon Lusomundo Audiovisuais ,变形金刚3
Zon Lusomundo Audiovisuais ,美国队长
Zon Lusomundo Audiovisuais ,关键第四号
Zon Lusomundo Audiovisuais ,雷神
Zon Lusomundo Audiovisuais ,加勒比海盗4：惊涛怪浪
Zon Lusomundo Audiovisuais ,赛车总动员2
Zon Lusomundo Audiovisuais ,夺命深渊
Zon Lusomundo Audiovisuais ,功夫熊猫2
Zon Lusomundo Audiovisuais ,一夜迷情
Zon Lusomundo Audiovisuais ,创战纪
Zon Lusomundo Audiovisuais ,源代码
Zon Lusomundo Audiovisuais ,赤焰战场
Zon Lusomundo Audiovisuais ,速度与激情5
bf Distribution ,分歧者3：忠诚世界
bf Distribution ,深海浩劫
bf Distribution ,废柴特工
bf Distribution ,诺亚方舟漂流记
bf Distribution ,最后的巫师猎人
bf Distribution ,神战：权力之眼
bf Distribution ,惊天魔盗团2
bf Distribution ,诺亚方舟漂流记
constantin-filmverleih,最后的巫师猎人
dmg娱乐传媒集团,深海之战
dmg娱乐传媒集团,驱魔者
dmg娱乐传媒集团,暮光之城4：破晓（上）
e-m-s the DVD-Company ,倩女幽魂
eOne Entertainment ,诺亚方舟漂流记
eOne Entertainment ,诺亚方舟漂流记
eOne Films ,诺亚方舟漂流记
eOne Films ,圆梦巨人
eOne Films ,诺亚方舟漂流记
eOne Films ,吹梦巨人
ifg星图传媒,岛
imax公司,海底世界3D
imax公司,狐猴之岛：马达加斯加
imax公司,老雷斯的故事
lions gate,超脑48小时
lions gate,魔法老师
mca环球家庭娱乐,侏罗纪公园3D
studio canal,巴黎危机
tbs电视台,图书馆战争：记忆之书
一壹国际影视文化传媒（北京）有限公司,激浪青春
万达影业（青岛）有限公司,赤道
万达影业（青岛）有限公司,快手枪手快枪手
万达影业（青岛）有限公司,火锅英雄
万达影业（青岛）有限公司,寻龙诀
万达影业（青岛）有限公司,谋杀似水年华
万达影业（香港）有限公司,十万个冷笑话
万达影视传媒有限公司,郑和1405：魔海寻踪
万达影视传媒有限公司,催眠大师
万达影视传媒有限公司,小鱼吃大鱼
万达影视传媒有限公司,宫锁沉香
万达影视传媒有限公司,喜羊羊与灰太狼之喜气羊羊过蛇年
万达影视传媒有限公司,归来
万达影视传媒有限公司,奔跑吧！兄弟
万达影视传媒有限公司,宝马狂想曲
万达影视传媒有限公司,一生一世
万达影视传媒有限公司,赛德克・巴莱 内地版
万达影视传媒有限公司,我的青春期
万达影视传媒有限公司,玩命时光
万达影视传媒有限公司,早见，晚爱
万达影视传媒有限公司,黑暗中的救赎
万达影视传媒有限公司,白发魔女传之明月天国
万达影视传媒有限公司,西游记之大闹天宫
万达影视传媒有限公司,北京爱情故事
万达影视传媒有限公司,警察故事2013
万达影视传媒有限公司,青蛙王国
万达影视传媒有限公司,形影不离
万达影视传媒有限公司,一步之遥
万达影视传媒有限公司,太极侠
万达影视传媒有限公司,一路惊喜
万达影视传媒有限公司,边境风云
万达影视传媒有限公司,十万个冷笑话
万达影视传媒有限公司,制服
万达影视传媒有限公司,HOLD住爱
万达影视传媒有限公司,单身男女2
万达影视传媒有限公司,我想和你好好的
万达影视传媒有限公司,女汉子真爱公式
万达影视传媒有限公司,粉红女郎之爱人快跑
万达影视传媒有限公司,神奇
万达影视传媒有限公司,光棍终结者
万达影视传媒有限公司,大闹天宫（动画版）
万达影视传媒有限公司,赤道
万达影视传媒有限公司,魁拔Ⅲ战神崛起
万达电影院线股份有限公司,星海
万达盛世电影发行有限公司,快手枪手快枪手
三星影业,环形使者
三月谷雨（北京）文化传媒有限公司,陆知马俐
三月谷雨（北京）文化传媒有限公司,张震讲故事之合租屋
三月谷雨（北京）文化传媒有限公司,七月与安生
三月谷雨（北京）文化传媒有限公司,张震讲故事之鬼迷心窍
三月谷雨（北京）文化传媒有限公司,杜拉拉追婚记
三月谷雨（北京）文化传媒有限公司,青涩日记
上影集团东方影视发行公司,何以笙箫默
上海上亿传媒股份有限公司,正果
上海世茂文化传媒有限公司,情敌蜜月
上海东方影视发行有限责任公司,赛尔号之寻找凤凰神兽
上海东锦文化传播有限公司,北角
上海亚洲电视艺术中心,男人不可以穷
上海仁惠文化传播有限公司,一刻十年
上海众明优影影视文化传媒有限公司,功夫熊猫3
上海兆D影视传媒有限公司,死亡笔记
上海兆D影视传媒有限公司,红髅
上海兆D影视传媒有限公司,夺命旅行
上海光悦影视传播有限公司,恋爱三万英尺
上海光悦影视传播有限公司,怨灵人偶
上海光悦影视传播有限公司,等你追我
上海光悦影视传播有限公司,三月情流感
上海凯羿影视传播有限公司,宅男总动员
上海凯羿影视传播有限公司,我的播音系女友
上海凯羿影视传播有限公司,狂奔蚂蚁
上海凯羿影视传播有限公司,爱神
上海凯羿影视传播有限公司,我们毕业啦
上海凯羿影视传播有限公司,封门村
上海凯羿影视传播有限公司,妈咪侠
上海凯羿影视传播有限公司,男人不可以穷
上海凯羿影视传播有限公司,最美的时候遇见你
上海凯羿影视传播有限公司,寻找心中的你
上海凯羿影视传播有限公司,同城邂逅
上海凯羿影视传播有限公司,公主的诱惑
上海凯羿影视传播有限公司,美人邦
上海凯羿影视传播有限公司,有种你爱我
上海凯羿影视传播有限公司,化妆师
上海凯羿影视传播有限公司,黄金福将
上海凯羿影视传播有限公司,倾城之泪
上海凯羿影视传播有限公司,不爱不散
上海创展文化传媒有限公司,有一个地方只有我们知道
上海剧酷文化传播有限公司,微微一笑很倾城
上海华宇电影股份有限公司,乌龙戏凤2012
上海华宇电影股份有限公司,辛巴达历险记2013
上海华宇电影股份有限公司,挪威的森林
上海华宇电影股份有限公司,午夜凶梦
上海华宇电影股份有限公司,魔卡行动
上海华宇电影股份有限公司,奋斗
上海华宇电影股份有限公司,大叔，我爱你
上海华宇电影股份有限公司,我爱灰太狼2
上海华映电影有限公司,恋爱三万英尺
上海华桦文化传媒有限公司,梦想合伙人
上海可依文化传播有限公司,辛巴达历险记2
上海和幕文化传播有限公司,热血男人帮
上海善喜影视传媒有限公司,早安，冬日海
上海善喜影视传媒有限公司,辛巴达历险记2013
上海善喜影视传媒有限公司,危情营救
上海善喜影视传媒有限公司,辛巴达历险记2
上海善喜影视传媒有限公司,洛克王国2圣龙的心愿
上海善喜影视传媒有限公司,爱，很美
上海善喜影视传媒有限公司,我爱灰太狼
上海善喜影视传媒有限公司,非常营救
上海善喜影视传媒有限公司,环形使者
上海善喜影视传媒有限公司,赛尔号2：雷伊与迈尔斯
上海善喜影视传媒有限公司,边区造
上海善喜影视传媒有限公司,小猪班纳大电影之梦想大“帽”险
上海善喜影视传媒有限公司,奥特曼：超决战！贝利亚尔银河帝国
上海善喜影视传媒有限公司,楼
上海善喜影视传媒有限公司,我爱灰太狼2
上海善喜影视传媒有限公司,我只要我们在一起
上海善喜影视传媒有限公司,托马斯和朋友们多多岛之迷失宝藏
上海善喜影视传媒有限公司,落经山
上海基美影业有限公司,魔轮
上海基美影业股份有限公司,敏感事件
上海基美影业股份有限公司,精灵旅社2
上海基美影业股份有限公司,勇士之门
上海基美影业股份有限公司,王子与108煞
上海基美影业股份有限公司,魔轮
上海大万文化传播有限公司,三月情流感
上海大光明院线有限公司,开心家族
上海天娱传媒有限公司,我就是我
上海天娱传媒有限公司,赛尔号之寻找凤凰神兽
上海天娱传媒有限公司,开心魔法
上海尚世影业有限公司,我们诞生在中国
上海尚世影业有限公司,绝命航班
上海尚世影业有限公司,北京遇上西雅图
上海尚世影业有限公司,夜孔雀
上海尚世影业有限公司,小猪班纳大电影之梦想大“帽”险
上海帝鹤文化传媒有限公司,恐怖照相机
上海广角镜影视文化传播有限公司,爱神
上海广角镜影视文化传播有限公司,三月情流感
上海影业文化传播有限公司,非常营救
上海新文化传媒集团股份有限公司,封门村
上海新文化传媒集团股份有限公司,神通乡巴佬
上海新见文化传媒有限公司,魔比斯环3D
上海星洲文化传媒有限公司,爱的“蟹”逅
上海极客文化传播有限公司,步步追魂
上海极客文化传播有限公司,钢琴木马
上海格瓦商务信息咨询有限公司,使徒行者
上海格瓦商务信息咨询有限公司,谁的青春不热血之深流不息
上海格瓦商务信息咨询有限公司,万物生长
上海格瓦商务信息咨询有限公司,家在水草丰茂的地方
上海格瓦商务信息咨询有限公司,六弄咖啡馆
上海格瓦商务信息咨询有限公司,喜马拉雅天梯
上海格瓦商务信息咨询有限公司,土豪520
上海格瓦商务信息咨询有限公司,美人鱼
上海格瓦商务信息咨询有限公司,陪安东尼度过漫长岁月
上海格瓦商务信息咨询有限公司,东北偏北
上海格瓦商务信息咨询有限公司,启功
上海格瓦商务信息咨询有限公司,有一个地方只有我们知道
上海格瓦商务信息咨询有限公司,心迷宫
上海永乐影视集团,大人物
上海河马动画设计股份有限公司,81号农场之保卫麦咭
上海泰时广告有限公司,一棵心中的许愿树
上海淘票票影视文化有限公司,从你的全世界路过
上海淘票票影视文化有限公司,追凶者也
上海淘票票影视文化有限公司,神秘世界历险记3
上海淘票票影视文化有限公司,谁的青春不迷茫
上海淘票票影视文化有限公司,女汉子真爱公式
上海淘票票影视文化有限公司,赏金猎人
上海淘票票影视文化有限公司,麦兜・饭宝奇兵
上海炫动传播股份有限公司,猪猪侠之勇闯巨人岛
上海炫动传播股份有限公司,金箍棒传奇
上海炫动传播股份有限公司,开心大冒险
上海炫动传播股份有限公司,圣龙奇兵大冒险
上海炫动传播股份有限公司,猪猪侠之逦；
上海炫动传播股份有限公司,十万个冷笑话
上海炫动传播股份有限公司,金箍棒传奇2
上海炫动传播股份有限公司,秦时明月3D电影龙腾万里
上海炫动传播股份有限公司,劳拉的星星在中国
上海炫动传播股份有限公司,猪猪侠之终极决战
上海炫动传播股份有限公司,洛克王国！圣龙骑士
上海炫动传播股份有限公司,奥拉星：进击圣殿
上海炫动传播股份有限公司,喜羊羊与灰太狼之喜气羊羊过蛇年
上海炫动传播股份有限公司,81号农场之保卫麦咭
上海炫动传播股份有限公司,麦兜当当伴我心
上海炫映影视传播有限公司,B区32号
上海炫映影视传播有限公司,紫宅
上海炫映影视传播有限公司,死亡迷局
上海炫映影视传播有限公司,三月情流感
上海炫映影视传播有限公司,变身男女
上海炫映影视传播有限公司,恋爱三万英尺
上海电影股份有限公司影视发行分公司,神秘世界历险记2
上海电影股份有限公司影视发行分公司,江湖论剑实录
上海电影股份有限公司影视发行分公司,步步追魂
上海电影股份有限公司影视发行分公司,忘了去懂你
上海电影股份有限公司影视发行分公司,风暴
上海电影股份有限公司影视发行分公司,神奇
上海电影股份有限公司影视发行分公司,猪猪侠之勇闯巨人岛
上海电影股份有限公司影视发行分公司,京城81号
上海电影股份有限公司影视发行分公司,我是狼之火龙山大冒险
上海电影股份有限公司影视发行分公司,谁动了我的梦想
上海电影股份有限公司影视发行分公司,西藏天空
上海电影股份有限公司影视发行分公司,女生宿舍
上海电影股份有限公司影视发行分公司,宫锁沉香
上海电影股份有限公司影视发行分公司,等风来
上海电影股份有限公司影视发行分公司,制服
上海电影股份有限公司影视发行分公司,星海
上海电影股份有限公司影视发行分公司,邋遢大王奇遇记
上海电影股份有限公司影视发行分公司,爱之初体验
上海电影股份有限公司影视发行分公司,诡爱
上海电影股份有限公司影视发行分公司,火锅英雄
上海电影股份有限公司影视发行分公司,钢琴木马
上海电影股份有限公司影视发行分公司,消失的子弹
上海电影股份有限公司影视发行分公司,听风者
上海电影股份有限公司影视发行分公司,麦兜当当伴我心
上海电影股份有限公司影视发行分公司,赛尔号2：雷伊与迈尔斯
上海电影股份有限公司影视发行分公司,雪花秘扇
上海电影股份有限公司影视发行分公司,战国
上海电影股份有限公司影视发行分公司,宝岛双雄
上海电影股份有限公司影视发行分公司,新大头儿子和小头爸爸2一日成才
上海电影股份有限公司影视发行分公司,关云长
上海电影股份有限公司影视发行分公司,地域无门
上海电影股份有限公司影视发行分公司,喜乐长安
上海电影股份有限公司影视发行分公司,古曼
上海电影股份有限公司影视发行分公司,下一个奇迹
上海电影股份有限公司影视发行分公司,绣花鞋
上海电影股份有限公司影视发行分公司,劳拉的星星在中国
上海电影股份有限公司影视发行分公司,神秘世界历险记3
上海电影股份有限公司影视发行分公司,喜羊羊与灰太狼之开心闯龙年
上海电影股份有限公司影视发行分公司,大闹天宫（动画版）
上海电影股份有限公司影视发行分公司,开心大冒险
上海电影股份有限公司影视发行分公司,杨门女将之军令如山
上海电影股份有限公司影视发行分公司,Hello！树先生！
上海电影股份有限公司影视发行分公司,洛克王国！圣龙骑士
上海电影股份有限公司影视发行分公司,少年岳飞传奇
上海电影股份有限公司影视发行分公司,辛亥革命
上海电影股份有限公司影视发行分公司,无界之地
上海电影股份有限公司影视发行分公司,盗墓笔记
上海电影股份有限公司影视发行分公司,我是大熊猫
上海电影股份有限公司影视发行分公司,金箍棒传奇
上海电影股份有限公司影视发行分公司,陆知马俐
上海电影股份有限公司影视发行分公司,喜羊羊与灰太狼之兔年顶呱呱
上海电影股份有限公司影视发行分公司,天将雄师
上海电影股份有限公司影视发行分公司,特功明星
上海电影股份有限公司影视发行分公司,喜羊羊与灰太狼之喜气羊羊过蛇年
上海电影股份有限公司影视发行分公司,咱们结婚吧
上海电影股份有限公司影视发行分公司,北京・纽约
上海电影股份有限公司影视发行分公司四海电影发行联盟,黑猫警长之翡翠之星
上海电影股份有限公司影视发行分公司四海电影发行联盟,擦枪走火
上海电影股份有限公司影视发行分公司四海电影发行联盟,男神时代
上海电影译制厂,伦敦陷落
上海电影（集团）有限公司,喜羊羊与灰太狼之羊年喜羊羊
上海电影（集团）有限公司,81号农场之疯狂的麦咭
上海电影（集团）有限公司,铁血娇娃
上海电影（集团）有限公司,美人鱼
上海电影（集团）有限公司,触不可及
上海电影（集团）有限公司,全城通缉
上海电影（集团）有限公司,犹太女孩在上海2：项链密码
上海电影（集团）有限公司,金箍棒传奇2
上海电影（集团）有限公司,喜乐长安
上海电影（集团）有限公司,谁说我们不会爱
上海电影（集团）有限公司,灵臆事件
上海电影（集团）有限公司,西柏坡2：王二小
上海电影（集团）有限公司,绿林大冒险
上海电影（集团）有限公司,催眠大师
上海电影（集团）有限公司,黄克功案件
上海盛星文化传播有限公司,迷魂之密室逃脱
上海盛星文化传播有限公司,森林孤影
上海盛星文化传播有限公司,奔驰的大葱
上海盛星文化传播有限公司,大丑
上海联和电影院线有限责任公司,民的1911
上海联和电影院线有限责任公司,星星的孩子
上海联和电影院线有限责任公司,秋之白华
上海联和电影院线有限责任公司,星海
上海腾讯企鹅影业文化传播有限公司,星语心愿之再爱
上海腾讯影业文化传播有限公司,微微一笑很倾城
上海腾讯影业文化传播有限公司,爵迹
上海艺和雅文化发展有限公司,花样厨神
上海豪颖文化传播有限公司,大丑
上海鑫岳影视传播有限公司,诡娃
上海鑫岳影视传播有限公司,诡梦凶铃
上海鑫岳影视传播有限公司,谎言大爆炸
上海鑫岳影视传播有限公司,古曼
上海鑫岳影视传播有限公司,麦兜・饭宝奇兵
上海鑫岳影视传播有限公司,恐怖禁忌之红旗袍
上海鑫岳影视传播股份有限公司,诡梦凶铃
上海鑫岳影视传播股份有限公司,谎言大爆炸
上海鑫岳影视传播股份有限公司,诡娃
上海鑫岳影视传播股份有限公司,麦兜・饭宝奇兵
上海鑫岳影视传播股份有限公司,古曼
上海鑫岳影视传播股份有限公司,恐怖禁忌之红旗袍
上海鑫岳文化传播有限公司,诡梦凶铃
上海银润传媒广告有限公司,江湖论剑实录
上海银润传媒广告有限公司,女神跟我走
上海银润传媒广告有限公司,全民目击
上海银润传媒广告有限公司,一场风花雪月的事
上海银润传媒广告有限公司,蜜月酒店杀人事件
上海银润传媒广告有限公司,我的美丽王国
上海阆映影视文化传媒有限公司,张震讲故事之合租屋
上海鸣艺文化传媒有限公司,神探驾到
上海鹿港影业股份有限公司,盗墓笔记
上海鼎石影视制作有限公司,有招没招之爱情达人
上海鼎石影视制作有限公司,天台爱情
上海鼎石影视制作有限公司,恋爱教父之三个“坏”家伙
上海鼎石影视制作有限公司,一号目标
世纪影业有限公司,斐济99℃爱情
世纪环球电影院线发展有限公司,魔镜奇缘
世纪环球电影院线发展有限公司,阿里巴巴大盗奇兵
世纪百年影业（天津）有限公司,栀子花开
世纪长龙影视股份有限公司,盗墓笔记
东宝东和,谍影重重5
东宝东和,魔兽
东宝东和,爱宠大机密
东宝国际,寄生兽
东宝国际,垫底辣妹
东宝株式会社,火影忍者剧场版：博人传
东宝株式会社,名侦探柯南2015：业火的向日葵
东宝株式会社,挪威的森林
东宝株式会社,哆啦A梦：伴我同行
东宝株式会社,上帝的诊疗簿
东方华影（北京）文化传媒有限公司,还魂之迷失曼谷
东映动画有限公司,圣斗士星矢：圣域传说
东海电影集团浙江时代电影大世界有限公司,坏姐姐之拆婚联盟
东辉博瑞影视文化传媒（北京）有限公司,相伴库里申科
东阳一步到位影视有限公司,一步之遥
东阳九天影视传播有限公司,搞定岳父大人
东阳光线影业有限公司,亲爱的
东阳天天尚映影业有限公司,冰河追凶
东阳天天尚映影业有限公司,东北偏北
东阳天天尚映影业有限公司,时尚女郎之女人江湖
东阳天天尚映影业有限公司,白雪公主之神秘爸爸
东阳天天尚映影业有限公司,激战黎明
东阳影响力电影发行有限公司,魔都凶音
东阳新视觉影视文化有限公司,露水红颜
东阳映月影视文化传媒有限公司,伞头和他的女人
东阳派格华创影视传媒有限公司,卧虎藏龙：青冥宝剑
中国儿童少年基金会,星星的孩子
中国农业电影电视中心,恋爱兄弟
中国电影发行放映协会,非同小可
中国电影海外推广公司,国酒
中国电影股份有限公司,猎神：冬日之战
中国电影股份有限公司,废柴特工
中国电影股份有限公司,爱宠大机密
中国电影股份有限公司,幻体：续命游戏
中国电影股份有限公司,爱丽丝梦游仙境2：镜中奇遇记
中国电影股份有限公司,奇幻森林
中国电影股份有限公司,神战：权力之眼
中国电影股份有限公司,一棵心中的许愿树
中国电影股份有限公司,西游记之孙悟空三打白骨精
中国电影股份有限公司,泰山归来：险战丛林
中国电影股份有限公司,惊天大逆转
中国电影股份有限公司北京电影发行分公司,分歧者3：忠诚世界
中国电影股份有限公司北京电影发行分公司,我的战争
中国电影股份有限公司北京电影发行分公司,花样厨神
中国电影股份有限公司北京电影发行分公司,大唐玄奘
中国电影股份有限公司北京电影发行分公司,新大头儿子和小头爸爸2一日成才
中国电影股份有限公司北京电影发行分公司,寒战2
中国电影股份有限公司北京电影发行分公司,魔都凶音
中国电影股份有限公司北京电影发行分公司,卧虎藏龙：青冥宝剑
中国电影集团公司,星球大战：原力觉醒
中国电影集团公司,通灵神探
中国电影集团公司,一棵心中的许愿树
中国电影集团公司,最后的巫师猎人
中国电影集团公司,魔都凶音
中国电影集团公司,惊天大逆转
中国电影集团公司,夺命推理
中国电影集团公司,泰山归来：险战丛林
中国电影集团公司,小蚂蚁之环球大冒险
中国电影集团公司,谍影重重5
中国电影集团公司,疯狂的疯狂
中国电影集团公司,党的女儿尹灵芝
中国电影集团公司,蝙蝠侠大战超人：正义黎明
中国电影集团公司,缘份
中国电影集团公司,宾虚
中国电影集团公司,冰美人
中国电影集团公司,分歧者3：忠诚世界
中国电影集团公司,红色警戒999
中国电影集团公司,美国队长3：英雄内战
中国电影集团公司,超脑48小时
中国电影集团公司,大唐玄奘
中国电影集团公司,寒战2
中国电影集团公司,愤怒的小鸟
中国电影集团公司,鲨滩
中国电影集团公司,猎神：冬日之战
中国电影集团公司,X战警：天启
中国电影集团公司,奇幻森林
中国电影集团公司,发条城市
中国电影集团公司,废柴特工
中国电影集团公司,恐怖爱情故事之死亡公路
中国电影集团公司,爱宠大机密
中国电影集团公司,爱丽丝梦游仙境2：镜中奇遇记
中国电影集团公司,冰川时代5：星际碰撞
中国电影集团公司,小门神
中国电影集团公司,寄生兽
中国电影集团公司,钢刀
中国电影集团公司,幻体：续命游戏
中国电影集团公司,纽约纽约
中国电影集团公司,新大头儿子和小头爸爸2一日成才
中国电影集团公司,地心营救
中国电影集团公司,疯狂动物城
中国电影集团公司,圣斗士星矢：圣域传说
中国电影集团公司,魔法老师
中国电影集团公司,我的战争
中国电影集团公司,逗鸟外传：萌宝满天飞
中国电影集团公司,星际迷航3：超越星辰
中国电影集团公司,霹雳寤
中国电影集团公司,当我们年轻的时候
中国电影集团公司,蜜月酒店杀人事件
中国电影集团公司,巴黎危机
中国电影集团公司,鼠来宝4：萌在逋
中国电影集团公司,功夫熊猫3
中国电影集团公司,提款机
中国电影集团公司,我最好朋友的婚礼
中国电影集团公司,234说爱你
中国电影集团公司,心灵解码
中国电影集团公司,火影忍者剧场版：博人传
中国电影集团公司,忍者神龟2：破影而出
中国电影集团公司,惊天魔盗团2
中国电影集团公司,独立日：卷土重来
中国电影集团公司,美人鱼
中国电影集团公司,蹴鞠
中国电影集团公司,海底总动员2：多莉去哪儿
中国电影集团公司,魔兽
中国电影集团公司,末日迷踪
中国电影集团公司,花样厨神
中国电影集团公司,凤凰谷
中国电影集团公司,谎言大爆炸
中国电影集团公司,飞鹰艾迪
中国电影集团公司,决不饶恕
中国电影集团公司,情比山高
中国电影集团公司,路边野餐
中国电影集团公司,云中行走
中央新闻纪录电影制片厂,柳如是
中央新闻纪录电影制片厂,仰望星空
中广国际数字电影院线（北京）有限公司,超级保镖
中影南方电影新干线有限公司,星星的孩子
中影数字电影发展(北京)有限公司,情花谷
中影数字电影发展(北京)有限公司,疯狂的疯狂
中影数字电影发展(北京)有限公司,午夜寻访录
中影数字电影发展(北京)有限公司,寻找心中的你
中影数字电影发展(北京)有限公司,爱情麻辣烫之情定终身
中影数字电影发展(北京)有限公司,阿里巴巴2所罗门封印
中影数字电影发展(北京)有限公司,恐怖爱情故事之死亡公路
中影数字院线（北京）有限公司,恐怖爱情故事之死亡公路
中影新农村数字放映有限公司,乐乐熊奇幻追踪
中影新锐（北京）影视文化发展有限公司,宅女侦探桂香
中影星美电影院线有限公司,跟踪孔令学
中影星美电影院线有限公司,秋之白华
中影星美电影院线有限公司,星海
中影星美电影院线有限公司,三个未婚妈妈
中影集团数字电影院线有限公司,老夫子之小水虎传奇
中影集团数字电影院线有限公司,星空
中影集团数字电影院线有限公司,芳香之城传奇
中影集团数字电影院线有限公司,宅男总动员
中影集团数字电影院线有限公司,重来
中影（上海）国际文化传媒有限公司,路边野餐
中易泓德（北京）文化传媒有限公司,党的女儿尹灵芝
中毓北京文化传媒有限公司,丝路英雄・云镝
中美国际传媒有限公司,嘿・店
中视云投文化产业投资有限公司,大明劫
中视傲然（北京）国际文化传媒有限公司,国宝疑云
中视禾润传媒文化有限公司,水落石出
乌发电影公司,机械师2：复活
乌发电影公司,人狼大战
乌发电影公司,魔法老师
乌发电影公司,女巫季节
乌发电影公司,特警判官
乌发电影公司,战略特勤组
乐华娱乐,死亡之谜之双鱼玉佩
乐视影业（北京）有限公司,九层妖塔
乐视影业（北京）有限公司,冰封：重生之门
乐视影业（北京）有限公司,八星抱喜
乐视影业（北京）有限公司,脱轨时代
乐视影业（北京）有限公司,金箍棒传奇
乐视影业（北京）有限公司,爸爸去哪儿2
乐视影业（北京）有限公司,巨额交易
乐视影业（北京）有限公司,舞力对决
乐视影业（北京）有限公司,归来
乐视影业（北京）有限公司,盗墓笔记
乐视影业（北京）有限公司,六福喜事
乐视影业（北京）有限公司,熊出没之夺宝熊兵
乐视影业（北京）有限公司,暴走神探
乐视影业（北京）有限公司,赏金猎人
乐视影业（北京）有限公司,1980年代的爱情
乐视影业（北京）有限公司,同谋
乐视影业（北京）有限公司,谍・莲花
乐视影业（北京）有限公司,消失的凶手
乐视影业（北京）有限公司,高举爱
乐视影业（北京）有限公司,老男孩之猛龙过江
乐视影业（北京）有限公司,百星酒店
乐视影业（北京）有限公司,诡婴吉咪
乐视影业（北京）有限公司,我爱的是你爱我
乐视影业（北京）有限公司,太平轮（上）
乐视影业（北京）有限公司,魅妆
乐视影业（北京）有限公司,小时代
乐视影业（北京）有限公司,反贪风暴
乐视影业（北京）有限公司,消失的子弹
乐视影业（北京）有限公司,熊出没之熊心归来
乐视影业（北京）有限公司,睡在我上铺的兄弟
乐视影业（北京）有限公司,超脑48小时
乐视影业（北京）有限公司,我想和你好好的
乐视影业（北京）有限公司,小时代3：刺金时代
乐视影业（北京）有限公司,十二星座离奇事件
乐视影业（北京）有限公司,小时代：青木时代
乐视影业（北京）有限公司,太平轮：彼岸
乐视影业（北京）有限公司,小时代4：灵魂尽头
乐视影业（北京）有限公司,爵迹
乐视影业（北京）有限公司,华丽上班族
乐视影业（北京）有限公司,杀戒
乐视影业（北京）有限公司,神战：权力之眼
乐视影业（北京）有限公司,小时代4：灵魂尽头（纪录片版）
乐视影业（北京）有限公司,我是女王
乐视影业（北京）有限公司,何以笙箫默
乐视影业（北京）有限公司,追凶
乐视影业（北京）有限公司,高跟鞋先生
乐视影业（北京）有限公司,旋风九日
乐视影业（天津）有限公司,熊出没之雪岭熊风
九州中原数字电影院线有限公司,穷途
九州中原数字电影院线有限公司,永远的焦裕禄
九州中原数字电影院线有限公司,斗茶
二十世纪福斯公司,冰川时代：星际碰撞
二十世纪福斯公司,X战警：天启
二十世纪福斯公司,冰川时代5：星际碰撞
二十世纪福斯公司,独立日：卷土重来
二十世纪福斯公司,佩小姐的奇幻城堡
二十世纪福斯公司,爱宠大机密
二十世纪福斯德国分公司,冰川时代5：星际碰撞
二十世纪福斯德国分公司,独立日：卷土重来
二十世纪福斯德国分公司,X战警：天启
二十世纪福斯德国分公司,冰川时代：星际碰撞
二十世纪福斯电影公司,冰川时代：星际碰撞
二十世纪福斯电影公司,X战警：天启
二十世纪福斯电影公司,冰川时代5：星际碰撞
二十世纪福斯电影公司,独立日：卷土重来
二十世纪福斯电影公司,佩小姐的奇幻城堡
二十世纪福斯荷兰分公司,冰川时代5：星际碰撞
二十世纪福斯荷兰分公司,独立日：卷土重来
二十世纪福斯荷兰分公司,X战警：天启
二十世纪福斯荷兰分公司,冰川时代：星际碰撞
云南中泰文化发展有限公司,谎言大爆炸
云南博延影视文化传媒有限公司,绝代：末代女土司
云南金潇湘影视文化有限公司,消失的村庄
五洲电影发行有限公司,致青春・原来你还在这里
五洲电影发行有限公司,快手枪手快枪手
五洲电影发行有限公司,奔跑吧！兄弟
五洲电影发行有限公司,单身男女2
五洲电影发行有限公司,卧虎藏龙：青冥宝剑
五洲电影发行有限公司,女汉子真爱公式
五洲电影发行有限公司,赏金猎人
五洲电影发行有限公司,唐人街探案
五洲电影发行有限公司,赤道
五洲电影发行有限公司,钟馗伏魔：雪妖魔灵
五洲电影发行有限公司,谋杀似水年华
五洲电影发行有限公司,十万个冷笑话
五洲电影发行有限公司,道士下山
五洲电影发行有限公司,触不可及
五洲电影发行有限公司,那件疯狂的小事叫爱情
五洲电影发行有限公司,爵迹
五洲电影发行有限公司,一步之遥
五洲电影发行有限公司,从天“儿”降
五洲电影发行有限公司,我的青春期
五洲电影发行有限公司,盗墓笔记
五洲电影发行有限公司,谜城
五洲电影发行有限公司,情况不妙
五洲电影发行有限公司,新大头儿子和小头爸爸2一日成才
五洲电影发行有限公司,寻龙诀
五洲电影发行有限公司,咱们结婚吧
五洲电影发行有限公司,智取威虎山3D
五洲电影发行有限公司,龟兔再跑
五洲电影发行有限公司,煎饼侠
五洲电影发行有限公司,滚蛋吧！肿瘤君
五洲电影发行有限公司,夏洛特烦恼
五洲电影发行有限公司,火锅英雄
亚文邦（北京）文化传播有限公司,夺樽
人造眼,呼啸山庄
今典环球（北京）国际文化传媒有限公司,海洋之恋
付氏兄弟国际影视传媒（北京）有限公司,侠僧探案传奇之大夜叉
光延时代（北京）文化传媒有限公司,爱封了
光延时代（北京）文化传媒有限公司,长江图
光影工场文化传播有限公司,女汉子真爱公式
八一电影制片厂,诺亚方舟漂流记
八一电影制片厂,胜利大阅兵
八一电影制片厂,幻体：续命游戏
八一电影制片厂,诺亚方舟漂流记
八一电影制片厂,百团大战
八一电影制片厂,天河
八一电影制片厂,忠诚与背叛
八一电影制片厂,爱你一生一世
内蒙古电影集团有限责任公司,漫瀚调
凤凰传奇影业有限公司,最佳嫌疑人
剧麦发行,可爱的你
剧麦（天津）电影策划有限公司,通灵之六世古宅
剧麦（天津）电影策划有限公司,迷与狂
剧麦（天津）电影策划有限公司,恋爱中的城市
剧麦（天津）电影策划有限公司,栀子花开
剧麦（天津）电影策划有限公司,师父
北京七宏佳艺文化发展有限公司,毕业那年分手季
北京万众灿烂影视文化传播有限公司,兔侠之青黎传说
北京万众灿烂影视文化传播有限公司,恋爱恐慌症
北京万众灿烂影视文化传播有限公司,琴动我心
北京万龙飞腾影视文化传媒有限公司,黎明之眼
北京三快在线科技有限公司,单身男女2
北京三快在线科技有限公司,天将雄师
北京三快在线科技有限公司,智取威虎山3D
北京不亦乐乎电影文化发展有限公司,一步之遥
北京世纪华映文化传媒有限公司,六弄咖啡馆
北京世纪喜讯文化发展有限公司,有种
北京世茂电影院线有限公司,闯堂兔2疯狂马戏团
北京世贸电影院线有限公司,阿里巴巴大盗奇兵
北京东方画面影业有限公司,谜城
北京东方画面影业有限公司,谎言大爆炸
北京东方画面影视文化有限公司,孤岛惊魂2
北京东方画面影视文化有限公司,吉星高照2015
北京东方画面影视文化有限公司,孤岛惊魂
北京东方雅荷文化传播有限公司,新地雷战：神勇小子
北京东荣慧影影视文化传媒有限公司,毕业那年
北京东荣慧影影视文化传媒有限公司,幸福梦想
北京中侨联文化交流中心,守望天山
北京中博世纪影视传媒有限公司,危险关系
北京中博巨石传媒,男人制造
北京中博巨石文化传媒有限公司,冰美人
北京中外世纪影视文化传播有限公司,锁里
北京中外世纪影视文化传播有限公司,痞子・洛克
北京中外世纪影视文化传播有限公司,宓捌姹
北京中外世纪影视文化传播有限公司,请把你的窗户打开
北京中外世纪影视文化传播有限公司,男神抱抱
北京中外世纪影视文化传播有限公司,水落石出
北京中外世纪影视文化传播有限公司,无敌小飞猪
北京中外世纪影视文化传播有限公司,当爸爸来敲门
北京中外世纪影视文化传播有限公司,我是你的野蛮女友
北京中外世纪影视文化传播有限公司,凡人烦恼
北京中外世纪影视文化传播有限公司,笨贼别跑
北京中外世纪影视文化传播有限公司,闪魂
北京中外世纪影视文化传播有限公司,爱情魔发师
北京中广星媒影视文化有限公司,侠僧探案传奇之大夜叉
北京中影元申影业有限公司,凤凰台
北京中影华夏影视文化传媒有限公司,默守那份情
北京中恒融投资源管理有限公司,黄金福将
北京中映联合影视文化发展有限公司,做次有钱人
北京中穆兄弟新浪潮文化发展有限公司,都是手机惹的祸
北京中联华盟文化传媒投资有限公司,绝地逃亡
北京中联华盟文化传媒投资有限公司,小门神
北京中联华盟文化传媒投资有限公司,第三种爱情
北京中联华盟文化传媒投资有限公司,西游记之孙悟空三打白骨精
北京中联华盟文化传媒投资有限公司,追凶者也
北京中联华盟文化传媒投资有限公司,有种
北京中高精彩文化传媒有限公司,隔壁惊魂
北京乐华圆娱文华传播有限公司,梦想合伙人
北京九州同映数字电影院线有限公司,默守那份情
北京九州同映数字电影院线有限公司,迦酥越挠越痒
北京书吻文化传播有限公司,神剑传奇
北京乾坤星光文化传播有限公司,死亡邮件
北京乾坤星光文化传播有限公司,逆战
北京乾坤星光文化传播有限公司,光的棍
北京乾坤星光文化传播有限公司,怖偶
北京二十一世纪威克影业投资有限公司,守望者：罪恶迷途
北京二十一世纪威克影业投资有限公司,北京・纽约
北京云影博纳影视发行有限公司,香气
北京云影博纳影视发行有限公司,2012来了
北京云影博纳影视发行有限公司,亲家过年
北京云影博纳影视发行有限公司,白幽灵传奇之绝命逃亡
北京云影博纳影视发行有限公司,购物女王
北京云影博纳影视发行有限公司,完美假妻168
北京云影博纳影视发行有限公司,大海啸之鲨口逃生
北京云影博纳影视发行有限公司,武侠
北京亚细亚影视制作发行有限公司,假装看不见之电影大师
北京亚细亚影视制作发行有限公司,青蛙王国之冰冻大冒险
北京亚细亚影视制作发行有限公司,家在水草丰茂的地方
北京亚细亚影视制作发行有限公司,半熟少女
北京亚细亚影视制作发行有限公司,魔比斯环3D
北京亚细亚影视制作发行有限公司,新大头儿子和小头爸爸2一日成才
北京今典影业有限公司,海洋之恋
北京今典影业有限公司,我的母亲
北京今典影业有限公司,笔仙惊魂
北京今典影业有限公司,双人床条约
北京今典影业有限公司,别跟我谈高富帅
北京今典影业有限公司,无极限之危情速递
北京今典影业有限公司,爱爱迨
北京今典影业有限公司,校花诡异事件
北京今典影业有限公司,与贼同屋
北京众合千澄影视文化传媒有限公司,夜魔人
北京众合千澄文化有限公司,夜魔人
北京优朋普乐科技有限公司,钢的琴
北京传家宝影视传媒有限公司,卧龙岗
北京佟悦名新文化传媒有限公司,冰河追凶
北京先锋传奇影视文化有限公司,超级保镖
北京光线传媒股份有限公司,赛尔号5：雷神崛起
北京光线传媒股份有限公司,恶棍天使
北京光线传媒股份有限公司,果宝特攻之水果大逃亡
北京光线传媒股份有限公司,美人鱼
北京光线传媒股份有限公司,大鱼海棠
北京光线影业有限公司,夺命心跳
北京光线影业有限公司,冲上云霄
北京光线影业有限公司,在世界中心呼唤爱
北京光线影业有限公司,我就是我
北京光线影业有限公司,铜雀台
北京光线影业有限公司,四大名捕大结局
北京光线影业有限公司,新龙门客栈
北京光线影业有限公司,港
北京光线影业有限公司,钟馗伏魔：雪妖魔灵
北京光线影业有限公司,爸爸去哪儿
北京光线影业有限公司,我叫哀木涕之山口山战记
北京光线影业有限公司,情谜
北京光线影业有限公司,从你的全世界路过
北京光线影业有限公司,赛尔号大电影3之战神联盟
北京光线影业有限公司,新步步惊心
北京光线影业有限公司,画壁
北京光线影业有限公司,秦时明月3D电影龙腾万里
北京光线影业有限公司,不二神探
北京光线影业有限公司,匹夫
北京光线影业有限公司,四大名捕
北京光线影业有限公司,甜蜜蜜
北京光线影业有限公司,B+侦探
北京光线影业有限公司,神探亨特张
北京光线影业有限公司,匆匆那年
北京光线影业有限公司,乐翻天
北京光线影业有限公司,怒放之青春再见
北京光线影业有限公司,致我们终将逝去的青春
北京光线影业有限公司,陪安东尼度过漫长岁月
北京光线影业有限公司,巴啦啦小魔仙之魔法的考验
北京光线影业有限公司,洛克王国4：出发！巨人谷
北京光线影业有限公司,同桌的
北京光线影业有限公司,分手大师
北京光线影业有限公司,我叫MT之山口山战记
北京光线影业有限公司,我是证人
北京光线影业有限公司,百万巨鳄
北京光线影业有限公司,中国合伙人
北京光线影业有限公司,大鱼海棠
北京光线影业有限公司,谁的青春不迷茫
北京光线影业有限公司,精灵王座
北京光线影业有限公司,横冲直撞好莱坞
北京光线影业有限公司,铠甲勇士之雅塔莱斯
北京光线影业有限公司,寻龙诀
北京光线影业有限公司,赛尔号4大电影：圣魔之战
北京光线影业有限公司,人再逋局泰
北京光线影业有限公司,中国好声音之为你转身
北京其欣然影视文化传播有限公司,请叫我英雄
北京其欣然电影发行有限公司,神秘世界历险记
北京创世星国际影视文化有限公司,小西天狄道传奇
北京创世星国际影视文化有限公司,一路向前
北京创世星国际影视文化有限公司,平壤之约
北京剧角映画文化传媒有限公司,谁偷了我的菜
北京剧角映画文化传媒有限公司,201413爱你一世一生
北京剧角映画文化传媒有限公司,栀子花开
北京剧角映画文化传媒有限公司,特工艾米拉
北京剧角映画文化传媒有限公司,甜心巧克力
北京剧角映画文化传媒有限公司,一座城池
北京剧角映画文化传媒有限公司,密道追踪之阴兵虎符
北京剧角映画文化传媒有限公司,师父
北京剧角映画文化传媒有限公司,近距离击杀
北京剧角映画文化传媒有限公司,花漾
北京力尊映画文化传播有限公司,生死船票
北京劳雷影业有限公司,家在水草丰茂的地方
北京劳雷影业有限公司,二次曝光
北京劳雷影业有限公司,观音山
北京劳雷影业有限公司,万物生长
北京北广传媒影视有限公司,玩命时光
北京北角映画文化传播有限公司,爱在那一天
北京北角映画文化传播有限公司,北角
北京十月天文化传媒股份有限公司,山那边有匹马
北京千朗文化传媒有限公司,黑月
北京千朗文化传媒有限公司,正果
北京华信博文化传媒有限公司,708090之深圳恋歌
北京华信博文化传媒有限公司,情笛之爱
北京华博龙韵影视文化传媒有限公司,禁忌游戏之迷藏
北京华夏兄弟国际文化传媒有限公司,我的青春蜜友
北京华山论剑影视文化传媒有限公司,年少轻狂
北京华录百纳影视股份有限公司,金太狼的幸福生活
北京华影卫士影视艺术交流中心,小小校长
北京华影空间文化投资有限公司,光的棍
北京华影空间文化投资有限公司,我爱灰太狼2
北京华映星球国际文化发展有限公司,摩尔庄园2之海妖宝藏
北京华映星球国际文化发展有限公司,龙骑侠
北京华视昆图影视传媒有限公司,还魂之迷失曼谷
北京卓然影业有限公司,大话西游3
北京卓然影业有限公司,一棵心中的许愿树
北京卓然影业有限公司,谁的青春不热血之深流不息
北京博纳影视文化交流有限公司,刺客聂隐娘
北京博纳影视文化交流有限公司,幸存日
北京博纳影视文化交流有限公司,云下的日子
北京卢米埃时代电影院线有限公司,兰亭
北京卢米埃时代电影院线有限公司,推拿
北京合拍欣喜影视文化传媒有限公司,蜜月计划
北京合瑞影业文化有限公司,路边野餐
北京合艺电影发行有限公司,吉祥宝宝之我是食神
北京同诚锐和文化传播有限公司,一夜未了情
北京名雅飞天影视文化传播有限公司,狼兵吼
北京名雅飞天影视文化传播有限公司,线索
北京名雅飞天影视文化传播有限公司,芳香之城传奇
北京名雅飞天影视文化传播有限公司,心跳戈壁
北京和润超凡电影发行放映有限公司,怪谈
北京和润超凡电影发行放映有限公司,致命闪玩
北京和润超凡电影发行放映有限公司,既然青春留不住
北京和润超凡电影发行放映有限公司,魔宫魅影
北京唐德国际文化传媒有限公司,恋爱恐慌症
北京唐德国际文化传媒有限公司,绝地逃亡
北京唐德国际电影文化有限公司,绝地逃亡
北京唐德灿烂影视文化有限公司,大寒桃花开
北京唐德灿烂影视文化有限公司,有招没招之爱情达人
北京唐德灿烂影视文化有限公司,天台爱情
北京喜迎盛世影视文化发展有限公司,枕边诡影
北京嘉傲泰合影视文化传媒有限公司,碟仙诡谭
北京嘉合映画影视文化传媒有限公司,催命符
北京嘉映影业有限公司,亲爱的
北京嘉映影业有限公司,七月与安生
北京嘉映影业有限公司,使徒行者
北京国是经纬科技有限公司,新年来啦之大闹除夕
北京国韵思娱文化传媒有限公司,爱情碰碰撞
北京国龙影业发行股份有限公司,我的青春蜜友
北京国龙影业发行股份有限公司,青春.com
北京国龙影业发行股份有限公司,不能错过
北京国龙影业发行股份有限公司,一万年以后
北京圣华荣国际影视文化艺术有限公司,守护童年
北京基点影视文化传媒有限公司,惊魂电影院
北京基点影视文化传媒有限公司,笔仙魔咒
北京基点影视文化传媒有限公司,七月半之恐怖宿舍
北京基点影视文化传媒有限公司,七月半2：前世今生
北京基点影视文化传媒有限公司,少年毛泽东
北京基点影视文化传媒有限公司,兔子镇的火狐狸
北京基点影视文化传媒有限公司,时光大战
北京基点影视文化传媒有限公司,极地大反攻
北京基点影视文化传媒有限公司,爱你不等来生
北京基点影视文化传媒有限公司,食人岛
北京基点影视文化传媒有限公司,怨灵
北京基点影视文化传媒有限公司,诡影迷情
北京基点影视文化传媒有限公司,爱情狂想曲
北京基点影视文化传媒有限公司,汽车人总动员
北京基点影视文化传媒有限公司,青蛙总动员
北京基点影视文化传媒有限公司,一家老小向前冲
北京基点影视文化传媒有限公司,怨灵人偶
北京基点影视文化传媒有限公司,丑小鸭历险记
北京基点影视文化传媒有限公司,恐怖将映
北京基点影视文化传媒有限公司,黑猫警长之翡翠之星
北京基点影视文化传媒有限公司,记忆碎片
北京大势渡文化传媒,37次想你
北京天子安管理投资有限公司,夜魔人
北京天成嘉和影视文化传播有限公司,青春真好
北京天马联合影视文化有限公司,神探驾到
北京太合娱乐文化发展股份有限公司,意外的恋爱时光
北京太合娱乐文化发展股份有限公司,街舞小子
北京太合娱乐文化发展股份有限公司,路边野餐
北京太合娱乐文化发展股份有限公司,对风说爱你
北京太合娱乐文化发展股份有限公司,洛杉矶捣蛋计划
北京太合娱乐文化发展股份有限公司,咱们结婚吧
北京太合娱乐文化发展股份有限公司,心迷宫
北京太合环球影业投资有限公司,侠盗石川
北京太合环球影业投资有限公司,转山
北京太合环球影业投资有限公司,饮食男女2012
北京奇天大地影视文化传播有限公司,击战
北京奇天大地影视文化传播有限公司影视,击战
北京奇新世纪影视文化传播有限公司,堵车
北京奇树有鱼文化传媒有限公司,阴阳先生之末代天师
北京奥维尔影视文化传播有限公司,假装看不见之电影大师
北京宇际星海广告有限公司,拆散专家
北京宇际星海广告有限公司,情剑
北京宇际星海广告有限公司,永春白鹤拳之擎天画卷
北京安石纳影文化有限公司,分手达人
北京安石纳影文化有限公司,神秘世界历险记2
北京安石英纳影视文化有限公司,爱情麻辣烫之情定终身
北京安石英纳影视文化有限公司,魔镜
北京安石英纳影视文化有限公司,还魂之迷失曼谷
北京安石英纳影视文化有限公司,蜡笔总动员
北京安石英纳影视文化有限公司,浪漫天降
北京安石英纳影视文化有限公司,我的“狐朋狗友”
北京安石英纳影视文化有限公司,天眼传奇
北京安石英纳影视文化有限公司,悬战
北京安石英纳影视文化有限公司,西游记之孙悟空三打白骨精
北京安石英纳影视文化有限公司,残梦
北京安石英纳影视文化有限公司,西游记之大闹天宫
北京安石英纳影视文化有限公司,请叫我英雄
北京安石英纳影视文化有限公司,跑出一片天
北京安石英纳影视文化有限公司,魔幻仙踪
北京安石英纳影视文化有限公司,遍地狼烟
北京安石英纳影视文化有限公司,神秘世界历险记
北京安石英纳影视文化有限公司,影子爱人
北京安石英纳影视文化有限公司,昆塔・盒子总动员
北京安石英纳电影发行公司,我老公不靠谱
北京安石英纳电影发行公司,4B青年之4楼B座
北京安石英纳电影发行公司,金刚王：死亡救赎
北京完美影视传媒股份有限公司,触不可及
北京完美影视传媒股份有限公司,咱们结婚吧
北京完美影视传媒股份有限公司,钢的琴
北京寰球影视文化有限公司,伞头和他的女人
北京寰球影视文化有限公司,十二生肖城市英雄
北京小马奔腾文化传媒股份有限公司,女蛹
北京小马奔腾文化传媒股份有限公司,越来越好之村晚
北京小马奔腾文化传媒股份有限公司,边境风云
北京小马奔腾文化传媒股份有限公司,太平轮（上）
北京小马奔腾文化传媒股份有限公司,匆匆那年
北京小马奔腾文化传媒股份有限公司,黄金大劫案
北京小马奔腾文化传媒股份有限公司,太平轮：彼岸
北京小马奔腾文化传媒股份有限公司,将爱情进行到底
北京小马奔腾文化传媒股份有限公司,五月天追梦3DNA
北京小马奔腾文化传媒股份有限公司,幸福额度
北京小马奔腾文化传媒股份有限公司,开心超人
北京山海童蒙电影发行有限公司,诡劫
北京市文隆顺文化传播有限公司,喜剧王
北京帧画影视文化传播有限公司,碟仙诡谭
北京帧画影视文化传播有限公司,0.5的爱情
北京帧画面影视文化传播有限公司,分手木马计
北京帧画面影视文化传播有限公司,爱情银行
北京帧画面影视文化传播有限公司,虐面人之死灵面膜
北京帧画面影视文化传播有限公司,美姐
北京帧画面影视文化传播有限公司,一路向前
北京帧画面影视文化传播有限公司,箭士柳白猿
北京帧画面影视文化传播有限公司,孪生密码
北京帧画面影视文化传播有限公司,无间罪：僵尸重生
北京开启者文化传媒有限公司,致命怪谈
北京开启者文化传媒有限公司,喊・山
北京开启者文化传媒有限公司,我是谁2015
北京开启者文化传媒有限公司,异种
北京影时空文化传媒有限公司,昆塔：盒子总动员
北京影时空文化传媒有限公司,摩尔庄园大电影3魔幻列车大冒险
北京影时空文化传媒有限公司,小魔仙之黑魔法来袭
北京微影时代科技有限公司,花样厨神
北京微影时代科技有限公司,梦想合伙人
北京微影时代科技有限公司,寻龙诀
北京微影时代科技有限公司,九层妖塔
北京微影时代科技有限公司,张震讲故事之鬼迷心窍
北京微影时代科技有限公司,喜马拉雅天梯
北京微影时代科技有限公司,东北偏北
北京微影时代科技有限公司,1980年代的爱情
北京微影时代科技有限公司,恭喜发财之谈钱说爱
北京微影时代科技有限公司,师父
北京微影时代科技有限公司,神秘世界历险记3
北京微影时代科技有限公司,陆知马俐
北京微影时代科技有限公司,少年班
北京微影时代科技有限公司,魔比斯环3D
北京微影时代科技有限公司,过年好
北京微影时代科技有限公司,剩者为王
北京微影时代科技有限公司,西游记之孙悟空三打白骨精
北京微影时代科技有限公司,心迷宫
北京微影时代科技有限公司,北京遇上西雅图之不二情书
北京微影时代科技有限公司,西游记之大圣归来
北京微影时代科技有限公司,致青春・原来你还在这里
北京微影时代科技有限公司,新大头儿子和小头爸爸2一日成才
北京微影时代科技有限公司,盗墓笔记
北京微影时代科技有限公司,火锅英雄
北京微影时代科技有限公司,破风
北京微影时代科技有限公司,微微一笑很倾城
北京德俊文化发展有限公司,初恋未满
北京恒业时光影视文化传播有限公司,年少轻狂
北京拾月国际影视文化传媒有限公司,我是奋青
北京拾月国际影视文化传媒有限公司,隔壁惊魂
北京拾月国际影视文化传媒有限公司,向阳花开
北京摩天轮文化传媒有限公司,我的新野蛮女友
北京摩天轮文化传媒有限公司,桂宝之爆笑闯宇宙
北京斓景盛世文化传媒有限公司,花香
北京斓景盛世文化传媒有限公司,我要你开花
北京斓景盛世文化传媒有限公司,假装看不见之电影大师
北京斓景盛世文化传媒有限公司,失眠男女
北京斓景盛世文化传媒有限公司,这个大叔不太
北京斓景盛世文化传媒有限公司,爸爸我来救你了
北京斓景盛世文化传媒有限公司,梦幻佳期
北京新华环球影视文化传播有限公司,魔镜奇缘
北京新华环球影视文化传播有限公司,阿里巴巴大盗奇兵
北京新华环球影视文化传播有限公司,魔比斯环3D
北京新华环球影视文化传播有限公司,假装看不见之电影大师
北京新影联影业有限责任公司,201413
北京新影联影业有限责任公司,不怕贼惦记
北京新影联影业有限责任公司,开罗宣言
北京新影联影业有限责任公司,遍地狼烟
北京新影联影业有限责任公司,被偷走的那五年
北京新影联影业有限责任公司,星海
北京新影联影业有限责任公司,战火中的芭蕾
北京新影联影业有限责任公司,无极限之危情速递
北京新影联影业有限责任公司,逄郊讶
北京新影联影业有限责任公司,谁说我们不会爱
北京新影联影业有限责任公司,荒岛情未了
北京新影联影业有限责任公司,床下有人
北京新影联影业有限责任公司,洛克王国2圣龙的心愿
北京新影联影业有限责任公司,倾城之泪
北京新影联影业有限责任公司,民的1911
北京新影联影业有限责任公司,双人床条约
北京新影联影业有限责任公司,赛尔号2：雷伊与迈尔斯
北京新影联影业有限责任公司,影子爱人
北京新影联影业有限责任公司,半夜不要照镜子
北京新影联影业有限责任公司,天河
北京新影联影业有限责任公司,为你而来
北京新影联影业有限责任公司,母语
北京新影联影业有限责任公司,我11
北京新影联影业有限责任公司,神秘世界历险记
北京新影联影业有限责任公司,我老公不靠谱
北京新影联影业有限责任公司,恐怖旅馆
北京新影联影业有限责任公司,黄克功案件
北京新画面影业有限公司,金陵十三钗
北京新视野东方影视文化传播有限公司,喜马拉雅天梯
北京无问西东文化传媒有限公司,星语心愿之再爱
北京时代华夏今典院线,闯堂兔2疯狂马戏团
北京时代影响力影视文化有限公司,半熟少女
北京时代黎明文化传媒有限公司,半熟少女
北京时代黎明文化传媒有限公司,浪漫天降
北京时代黎明文化传媒有限公司,轩辕剑传奇
北京时代黎明文化传媒有限公司,青蛙总动员
北京明雅飞天影业有限公司,爱情魔发师
北京星云天地影视文化发展有限公司,危险关系
北京星光大道影视制作有限公司,特工艾米拉
北京星光灿烂影视文化有限公司,特殊身份
北京星光灿烂影视文化有限公司,新妈妈再爱我一次
北京星光灿烂影视文化有限公司,战国
北京星光灿烂影视文化有限公司,从天“儿”降
北京星光灿烂影视文化有限公司,露水红颜
北京星光灿烂影视文化有限公司,超时空救兵
北京星月旭海文化传播有限公司,赤狼蚁
北京星河联盟影视传媒有限公司,笔仙惊魂3
北京星河联盟影视传媒有限公司,谜城
北京星河联盟影视传媒有限公司,兔侠之青黎传说
北京星游科技有限公司,新木偶奇遇记
北京星美嘉映影业有限公司,黄金时代
北京星美影视发行有限公司,北京时间
北京星美影视发行有限公司,火锅英雄
北京星美影视发行有限公司,爵迹
北京星美影视发行有限公司,蒸发太平洋
北京星美影视发行有限公司,龙在哪里?
北京星美影视发行有限公司,美人鱼
北京星辰合力影视文化传媒有限公司,天边的孩子
北京星邦文化传媒有限公司,红包
北京星邦美纳娱乐文化传媒有限公司,热血男人帮
北京星风尚影视传媒有限公司,天亮・分手
北京映画天下传媒文化有限公司,丑男大翻身
北京映画天下传媒文化有限公司,宝马狂想曲
北京映画天下传媒文化有限公司,斐济99℃爱情
北京映美时代文化传媒有限公司,为爱放手
北京春秋时代文化有限公司,蔡李佛-极限拳速
北京春秋时代文化有限公司,月色狰狞
北京春秋时代文化有限公司,男得有爱
北京春秋时代文化有限公司,B区32号
北京春秋永乐文化传播有限公司,青蛙王国之冰冻大冒险
北京春秋永乐文化传播有限公司,女生宿舍
北京有成影市文化有限公司,皇帝的新装之圣诞大明星
北京有成影视文化有限公司,新木偶奇遇记
北京有成影视文化有限公司,皇帝的新装之圣诞大明星
北京果实创想影视文化有限公司,江南爱情故事
北京格里芬影视文化传媒有限公司,缘来是咱俩
北京梦想时刻影视文化传媒有限公司,毕业那年分手季
北京梧桐影智文化有限公司,重来
北京橙天嘉禾影视制作有限公司,我爱灰太狼2
北京橙天嘉禾影视制作有限公司,喜羊羊与灰太狼之喜气羊羊过蛇年
北京橙天嘉禾影视制作有限公司,少女灵异日记
北京橙天嘉禾影视制作有限公司,我想和你好好的
北京橙天嘉禾影视制作有限公司,夜店诡谈
北京橙天嘉禾影视制作有限公司,HOLD住爱
北京橙天嘉禾影视制作有限公司,汽车人总动员
北京橙天嘉禾影视制作有限公司,致命黑兰
北京橙天嘉禾影视制作有限公司,何以笙箫默
北京橙天嘉禾影视制作有限公司,制服
北京永旭良辰文化发展有限公司,笔仙Ⅲ
北京永旭良辰文化发展有限公司,笔仙Ⅱ
北京永旭良辰文化发展有限公司,爱谁谁
北京永旭良辰文化发展有限公司,笔仙
北京汇铭鸿嘉影视文化发展有限公司,守梦者
北京汇铭鸿嘉影视文化发展有限公司,异种
北京汇铭鸿嘉影视文化发展有限公司,分手不分手
北京汇铭鸿嘉影视文化发展有限公司,我是谁2015
北京泰阁映画影视发行有限公司,绝对底线
北京泰阁映画影视发行有限公司,形影不离
北京泰阁映画影视发行有限公司,夜幕惊魂
北京泽西年代影业有限公司,爱爱迨
北京泽西年代影业有限公司,校花诡异事件
北京派格太合泛在文化传媒有限公司,鸣梁海战
北京海平面影视文化传播有限公司,心迷宫
北京海晏和清影视文化有限公司,百合的故事
北京海润华夏影视制作发行有限公司,对不起，我爱你
北京海润影业有限公司,毒战
北京润喜影视文化传播有限公司,诡拼车
北京润智影业有限公司,长江图
北京湍泷天吼文化传媒有限公司,莫斯科离大同不远
北京源石影视文化有限公司,蜜月计划
北京炎炎之星文化传播有限公司,喜马拉雅天梯
北京热血游族文化传媒有限公司,龙拳小子
北京猎海影视有限公司,心灵解码
北京猎海影视有限公司,疯狂的疯狂
北京猎海影视有限公司,凤凰谷
北京猎海影视有限公司,蹴鞠
北京猎海影视有限公司,山花烂漫时
北京环鹰时代文化传媒有限公司,死亡游戏
北京环鹰时代文化传媒有限公司,恶灵之门
北京环鹰时代文化传媒有限公司,大话西游3
北京环鹰时代文化传媒有限公司,简单爱
北京环鹰时代文化传媒有限公司,马小乐之玩具也疯狂
北京环鹰时代文化传媒有限公司,狙击时刻
北京环鹰时代文化传媒有限公司,终极硬汉
北京环鹰时代文化传媒有限公司,死亡笔记
北京环鹰时代文化传媒有限公司,天边的孩子
北京环鹰时代文化传媒有限公司,诡打墙
北京环鹰时代文化传媒有限公司,水果宝贝之水果总动员
北京瑞博阳光文化传播有限公司,岛
北京瑞博阳光文化传播有限公司,三个孬家伙
北京瑞博阳光文化传播有限公司,水晶女孩
北京瑞博阳光文化传播有限公司,玩命剧组
北京瑞博阳光文化传播有限公司,奇袭胡家台
北京瑞格嘉尚文化传播有限公司,东北偏北
北京瑞盛太合文化传媒有限公司,热血街头
北京瑞盛太合文化传媒有限公司,十二生肖城市英雄
北京瑞盛太合文化传媒有限公司,心咒
北京电影制片厂,杨善洲
北京百世嘉文化有限公司,倭寇的踪迹
北京百世嘉文化有限公司,花漾
北京百度糯米信息技术有限公司,湄公河行动
北京百度糯米信息技术有限公司,赏金猎人
北京百度糯米信息技术有限公司,刺客聂隐娘
北京百度糯米信息技术有限公司,超能太阳鸭
北京百度糯米信息技术有限公司,北京遇上西雅图之不二情书
北京百度糯米信息技术有限公司,发条城市
北京百度网讯科技有限公司,北京・纽约
北京百度网讯科技有限公司,恭喜发财之谈钱说爱
北京百度网讯科技有限公司,寻龙诀
北京百度网讯科技有限公司,重返20岁
北京百度网讯科技有限公司,西游记之孙悟空三打白骨精
北京百思艺腾文化传播有限公司,201413
北京益泰东方文化传媒有限公司,怖偶
北京盛世华映影视文化传播有限公司,剑河
北京盛世华映影视文化传播有限公司,男人制造
北京盛世华锐电影投资管理有限公司,浮出水面的影子
北京盛世华锐电影投资管理有限公司,隔窗有眼
北京盛世华锐电影投资管理有限公司,杨光的快乐生活
北京盛世华锐电影投资管理有限公司,密室之不可靠岸
北京盛世新影影视发行有限公司,房不剩防
北京盛世新影影视发行有限公司,二次曝光
北京盛世新影影视发行有限公司,浮出水面的影子
北京盛世新影影视发行有限公司,观音山
北京盛世新影影视发行有限公司,青魇
北京盛世新影影视发行有限公司,女人如花
北京盛世新影影视发行有限公司,爱封了
北京盛世新影影视发行有限公司,密室之不可靠岸
北京盛世新影影视发行有限公司,隔窗有眼
北京盛世新影影视发行有限公司,巨额交易
北京盛世新影影视发行有限公司,肩上蝶
北京盛世翔和国际影视文化传播有限公司,枪过境
北京盛雅文化传媒有限公司,临时约定
北京真乐道文化传播有限公司,港
北京科影传媒有限公司,第一眼爱情
北京科影国际影视策划有限公司,西游新传2：真心话大冒险
北京紫丁香影视文化传播有限公司,西藏往事
北京紫禁城三联影视发行有限公司,钢的琴
北京紫禁城三联影视发行有限公司,纽约行动
北京紫禁城三联影视发行有限公司,观音山
北京紫禁城三联影视发行有限公司,假如没有你
北京紫禁城三联影视发行有限公司,不怕贼惦记
北京紫禁城三联影视发行有限公司,社区民警故事
北京紫禁城三联影视发行有限公司,房不剩防
北京紫禁城三联影视发行有限公司,逄郊讶
北京紫禁城三联影视发行有限公司,黑客悲情
北京紫禁城三联影视发行有限公司,诡魇
北京紫禁城三联影视发行有限公司,啊朋友还钱
北京紫禁城三联影视发行有限公司,超萌英雄
北京紫禁城三联影视发行有限公司,柠檬
北京紫禁城三联影视发行有限公司,咏春小龙
北京紫禁城三联影视发行有限公司,夺樽
北京紫禁城影业有限责任公司,堵车
北京紫禁城影业有限责任公司,侠盗石川
北京紫禁城影业有限责任公司,倩女幽魂
北京紫禁城影业有限责任公司,杨善洲
北京红色果实文化传播有限公司,不速之客
北京红马传媒文化发展有限公司,神通佛影
北京红马传媒文化发展有限公司,京城81号
北京红马传媒文化发展有限公司,闺蜜
北京维森纳瑞影视文化有限公司,启功
北京维森纳瑞影视文化有限公司,顺风车
北京综艺星皓文化传播有限公司,我老公不靠谱
北京缘起文化发展有限公司,传奇状元伦文叙
北京美丽雨文化传媒有限公司,等爱归来
北京美好世界文化传播有限公司,梦想合伙人
北京美迅光影影视文化有限公司,深夜前的五分钟
北京耀莱影视文化传媒有限公司,我不是潘金莲
北京联瑞影业有限公司,重返20岁
北京联瑞影业有限公司,天台爱情
北京联瑞影业有限公司,笔仙Ⅲ
北京联瑞影业有限公司,黄飞鸿之英雄有梦
北京联瑞影业有限公司,万物生长
北京联瑞影业有限公司,笔仙Ⅱ
北京联瑞影业有限公司,特殊身份
北京联瑞影业有限公司,哆啦A梦：伴我同行
北京联瑞影业有限公司,101次求婚
北京联瑞影业有限公司,风暴
北京联瑞影业有限公司,整容日记
北京联瑞影业有限公司,美人鱼
北京联瑞影业有限公司,洛杉矶捣蛋计划
北京联瑞影业有限公司,一夜惊喜
北京联瑞影业有限公司,意外的恋爱时光
北京联瑞影业有限公司,等风来
北京联瑞影业有限公司,临时同居
北京联艺电影发行有限公司,王牌
北京联艺电影发行有限公司,我的男男男男朋友
北京联艺电影发行有限公司,校花诡异事件
北京联艺电影发行有限公司,海神密码
北京联艺电影发行有限公司,爱爱迨
北京联艺电影发行有限公司,藏羚王之雪域精灵
北京联艺电影发行有限公司,放手爱
北京聚合影联文化传媒有限公司,再见，在也不见
北京聚合影联文化传媒有限公司,恋爱排班表
北京聚合影联文化传媒有限公司,心花路放
北京聚合影联文化传媒有限公司,谎言西西里
北京聚合影联文化传媒有限公司,百鸟朝凤
北京聚合影联文化传媒有限公司,糖果世界大冒险
北京聚合影联文化传媒有限公司,功夫
北京聚合影联文化传媒有限公司,发条城市
北京聚合影联文化传媒有限公司,恋爱中的城市
北京聚合影联文化传媒有限公司,夜莺
北京聚合影联文化传媒有限公司,解救吾先生
北京聚合影联文化传媒有限公司,过年好
北京聚合影联文化传媒有限公司,桂宝之爆笑闯宇宙
北京聚合影联文化传媒有限公司,致我们终将到来的爱情
北京聚合影联文化传媒有限公司,西游记之大圣归来
北京聚合影联文化传媒有限公司,刺猬小子之天生我刺
北京聚合影联文化传媒有限公司,冲锋车
北京聚合影联文化传媒有限公司,同桌的
北京航美影视文化有限公司,北回归线
北京航美影视文化有限公司,诡拼车
北京航美影视文化有限公司,孤岛
北京航美影视文化有限公司,激浪青春
北京航美影视文化有限公司,硬汉奶爸
北京航美影视文化有限公司,柠檬
北京航美影视文化有限公司,我在路上最爱你
北京艺林天下文化传播有限公司,看见我和你
北京艺程盛世国际文化传媒有限公司,神秘世界历险记
北京芒格投资管理有限公司,夜魔人
北京荧尚国际影视文化传播有限公司,幸福迷途
北京虎兔马影视文化发展有限公司,皇帝的新装之圣诞大明星
北京虎兔马影视文化发展有限公司,新木偶奇遇记
北京虹合品尚文化传媒有限公司,看见我和你
北京虹合品尚文化传媒有限公司,在雨中
北京虹合品尚文化传媒有限公司,斗艳
北京虹合品尚文化传媒有限公司,勿忘初心
北京衡源路德影视文化传媒中心,重生爱人
北京视界影视发行有限公司,假装看不见之电影大师
北京豪杰时代文化传播有限公司,阳光总在风雨后
北京豺瑞文化发展有限公司,凤凰台
北京路飘达文化发展有限公司,夜孔雀
北京金亿乾坤影视文化传媒有限公司,莫日根
北京金亿乾坤影视文化传媒有限公司,青春时光
北京金亿乾坤影视文化传媒有限公司,哑孩儿
北京金亿乾坤影视文化传媒有限公司,我是大明星
北京金亿乾坤影视文化传媒有限公司,大变局之梦回甲午
北京金亿乾坤影视文化传媒有限公司,别开门
北京金亿乾坤影视文化传媒有限公司,母亲的梦想
北京金亿乾坤影视文化传媒有限公司,家有虎妻
北京金亿乾坤影视文化传媒有限公司,妈妈让我再爱你一次
北京金亿乾坤影视文化传媒有限公司,冰美人
北京金亿乾坤影视文化传媒有限公司,天使请吻我
北京金亿乾坤影视文化传媒有限公司,自我救赎
北京金天地影视文化股份有限公司,麦兜・饭宝奇兵
北京金强盛世文化传播有限公司,太空熊猫历险记
北京金忆乾坤影视文化传媒有限公司,当流星划过天际
北京金棕影视文化有限公司,我是中国人
北京金盛信马影视文化有限公司,一切都好
北京金竹泰和国际文化投资有限公司,死亡迷局
北京金视通科技有限公司,皇帝的新装之圣诞大明星
北京金视通科技有限公司,新木偶奇遇记
北京银润影视文化有限公司,神探亨特张
北京银翼文化传媒有限公司,碟仙诡谭
北京银翼文化传媒有限公司,我是谁2015
北京银翼文化传媒有限公司,陌路惊笑
北京银翼文化传媒有限公司,密道追踪之阴兵虎符
北京银翼文化传媒有限公司,异种
北京银都在线传媒文化有限责任公司,开心家族
北京锋尚锐志传媒有限公司,少年师爷之大禹宝藏
北京锋尚锐志文化传媒有限公司,太空熊猫英雄归来
北京锋尚锐志文化传媒有限公司,奇葩追梦
北京锋尚锐志文化传媒有限公司,阿里巴巴大盗奇兵
北京锋尚锐志文化传媒有限公司,阿里巴巴所罗门封印
北京锋尚锐志文化传媒有限公司,喜酒
北京锋尚锐志文化传媒有限公司,阿里巴巴2所罗门封印
北京锋尚锐志文化传媒有限公司,太空熊猫总动员
北京锋尚锐志文化传媒有限公司,魔镜奇缘
北京锐奇伟业国际文化传媒有限公司,下一站再爱你
北京隽扉世纪文化传播有限公司,回到被爱的每一天
北京顶峰传奇影视文化有限公司,真相禁区
北京顶峰传奇影视文化有限公司,超级保镖
北京顶峰传奇影视文化有限公司,非常父子档
北京顶峰传奇影视文化有限公司,狂野飞车
北京魔数映画文化传媒有限公司,新木偶奇遇记
北京魔数映画文化传媒有限公司,皇帝的新装之圣诞大明星
北京鱼化龙电影发行有限公司,午夜寻访录
北京鱼化龙电影发行有限公司,雨夜惊魂
北京鱼化龙电影发行有限公司,情花谷
北京鲜花盛开影业有限公司,有一个地方只有我们知道
北京鸿水影业有限公司,恐怖爱情故事之死亡公路
北京鸿水文化传媒有限公司,我是奋青
北京鸿水文化传媒有限公司,越位者
北京麦特文化发展有限公司,魔都凶音
北京麦特文化发展有限公司,爱情进化论
北京麦特文化发展有限公司,我在路上最爱你
北京麦特文化发展有限公司,疯狂72小时
北京龙宏源文化投资管理有限公司,禁忌游戏之迷藏
北京龙腾艺都文化传媒有限公司,新妈妈再爱我一次
北京龙腾艺都文化传媒有限公司,跑出一片天
北京龙腾艺都文化传媒有限公司,浮城大亨
北方联合影视集团有限公司,毛丰美
北方联合影视集团有限公司,郭明义
北方联合影视集团有限公司,神通乡巴佬
北方院线,猪猪侠之终极决战
北欧电影公司,迷踪：第九鹰团
北欧电影公司,女巫季节
千年电影公司,王者之剑3D
千江水（北京）文化传媒有限公司,无间罪：僵尸重生
千禧年影业,伦敦陷落
千禧年影业,超脑48小时
华夏电影发行有限责任公司,遗落战境
华夏电影发行有限责任公司,冰河追凶
华夏电影发行有限责任公司,南方大冰雪
华夏电影发行有限责任公司,移动迷宫
华夏电影发行有限责任公司,我不是王毛
华夏电影发行有限责任公司,男人如衣服
华夏电影发行有限责任公司,赛尔号之寻找凤凰神兽
华夏电影发行有限责任公司,银河护卫队
华夏电影发行有限责任公司,断片儿
华夏电影发行有限责任公司,叛谍追击
华夏电影发行有限责任公司,哪一天我们会飞
华夏电影发行有限责任公司,渡江！渡江！
华夏电影发行有限责任公司,海底大冒险
华夏电影发行有限责任公司,危险关系
华夏电影发行有限责任公司,空中营救
华夏电影发行有限责任公司,战略特勤组
华夏电影发行有限责任公司,致命黑兰
华夏电影发行有限责任公司,残团
华夏电影发行有限责任公司,乌鲁木齐的天空
华夏电影发行有限责任公司,铜雀台
华夏电影发行有限责任公司,澳门风云3
华夏电影发行有限责任公司,湘南起义
华夏电影发行有限责任公司,黑衣女人
华夏电影发行有限责任公司,危城
华夏电影发行有限责任公司,女汉子真爱公式
华夏电影发行有限责任公司,变形金刚3
华夏电影发行有限责任公司,精灵旅社
华夏电影发行有限责任公司,谍影特工
华夏电影发行有限责任公司,环形使者
华夏电影发行有限责任公司,南口1937
华夏电影发行有限责任公司,痞子英雄：黎明升起
华夏电影发行有限责任公司,托马斯和朋友们多多岛之迷失宝藏
华夏电影发行有限责任公司,哆啦A梦：新・大雄的日本诞生
华夏电影发行有限责任公司,海绵宝宝
华夏电影发行有限责任公司,宙斯之子：赫拉克勒斯
华夏电影发行有限责任公司,大话西游3
华夏电影发行有限责任公司,铠甲勇士之雅塔莱斯
华夏电影发行有限责任公司,杨善洲
华夏电影发行有限责任公司,疯狂动物城
华夏电影发行有限责任公司,怦然星动
华夏电影发行有限责任公司,大火种
华夏电影发行有限责任公司,传奇将军赵尚志
华夏电影发行有限责任公司,大话西游之大圣娶亲
华夏电影发行有限责任公司,拳皇
华夏电影发行有限责任公司,大话西游之月光宝盒
华夏电影发行有限责任公司,使徒行者
华夏电影发行有限责任公司,火星救援
华夏电影发行有限责任公司,安娜卡列尼娜
华夏电影发行有限责任公司,微微一笑很倾城
华夏电影发行有限责任公司,老警
华夏电影发行有限责任公司,全面回忆
华夏电影发行有限责任公司,咱们是亲人
华夏电影发行有限责任公司,王的盛宴
华夏电影发行有限责任公司,人再逋局泰
华夏电影发行有限责任公司,寻龙诀
华夏电影发行有限责任公司,坏姐姐之拆婚联盟
华夏电影发行有限责任公司,西柏坡
华夏电影发行有限责任公司,少年派的奇幻漂流
华夏电影发行有限责任公司,你是不是我的爱人
华夏电影发行有限责任公司,智取威虎山3D
华夏电影发行有限责任公司,目击者
华夏电影发行有限责任公司,全力扣杀
华夏电影发行有限责任公司,守护者联盟
华夏电影发行有限责任公司,雷神2：黑暗世界
华夏电影发行有限责任公司,星海
华夏电影发行有限责任公司,鲨滩
华夏电影发行有限责任公司,谁主沉浮
华夏电影发行有限责任公司,2012 3D
华夏电影发行有限责任公司,加勒比海盗4：惊涛怪浪
华夏电影发行有限责任公司,铁线虫入侵
华夏电影发行有限责任公司,星球大战：原力觉醒
华夏电影发行有限责任公司,精武青春
华夏电影发行有限责任公司,疯狂侏罗纪
华夏电影发行有限责任公司,亲亲我
华夏电影发行有限责任公司,探秘者
华夏电影发行有限责任公司,古田会议
华夏电影发行有限责任公司,光的棍
华夏电影发行有限责任公司,一路狂奔
华夏电影发行有限责任公司,机器纪元
华夏电影发行有限责任公司,皇帝的新装之圣诞大明星
华夏电影发行有限责任公司,岁岁清明
华夏电影发行有限责任公司,神探夏洛克
华夏电影发行有限责任公司,敏感事件
华夏电影发行有限责任公司,湘江北去
华夏电影发行有限责任公司,我的早更女友
华夏电影发行有限责任公司,高铁英雄
华夏电影发行有限责任公司,建党伟业
华夏电影发行有限责任公司,功夫熊猫2
华夏电影发行有限责任公司,阳光留守
华夏电影发行有限责任公司,三角地
华夏电影发行有限责任公司,恋爱教父之三个“坏”家伙
华夏电影发行有限责任公司,南平红荔
华夏电影发行有限责任公司,星际穿越
华夏电影发行有限责任公司,师父
华夏电影发行有限责任公司,致青春・原来你还在这里
华夏电影发行有限责任公司,雷神
华夏电影发行有限责任公司,唐人街探案
华夏电影发行有限责任公司,单身男女2
华夏电影发行有限责任公司,无敌破坏王
华夏电影发行有限责任公司,谍影重重4
华夏电影发行有限责任公司,我的美丽王国
华夏电影发行有限责任公司,太阳脸
华夏电影发行有限责任公司,露水红颜
华夏电影发行有限责任公司,被解救的姜戈
华夏电影发行有限责任公司,狼少年
华夏电影发行有限责任公司,暮光之城4：破晓（上）
华夏电影发行有限责任公司,忍者神龟：变种时代
华夏电影发行有限责任公司,鼠来宝4：萌在逋
华夏电影发行有限责任公司,国酒
华夏电影发行有限责任公司,绝地逃亡
华夏电影发行有限责任公司,爱宠大机密
华夏电影发行有限责任公司,秋之白华
华夏电影发行有限责任公司,先驱者
华夏电影发行有限责任公司,星际迷航：暗黑无界
华夏电影发行有限责任公司,地心引力
华夏电影发行有限责任公司,孝女彩金
华夏电影发行有限责任公司,海底总动员2：寻找多莉
华夏电影发行有限责任公司,速度与激情5
华夏电影发行有限责任公司,马达加斯加的企鹅
华夏电影发行有限责任公司,血滴子
华夏电影发行有限责任公司,云中行走
华夏电影发行有限责任公司,扫毒
华夏电影发行有限责任公司,还魂之迷失曼谷
华夏电影发行有限责任公司,昆塔・盒子总动员
华夏电影发行有限责任公司,抢劫坚果店
华夏电影发行有限责任公司,飞天
华夏电影发行有限责任公司,十万个冷笑话
华夏电影发行有限责任公司,21岁派对
华夏电影发行有限责任公司,白鹿原
华夏电影发行有限责任公司,四大名捕大结局
华夏电影发行有限责任公司,普罗米修斯
华夏电影发行有限责任公司,赛德克・巴莱 内地版
华夏电影发行有限责任公司,窃听风云3
华夏电影发行有限责任公司,复仇者联盟
华夏电影发行有限责任公司,与妻书
华夏电影发行有限责任公司,X战警：逆转未来
华夏电影发行有限责任公司,铁甲钢拳
华夏电影发行有限责任公司,风云1927
华夏电影发行有限责任公司,愤怒的小鸟
华夏电影发行有限责任公司,形影不离
华夏电影发行有限责任公司,匹夫
华夏电影发行有限责任公司,重返地球
华夏电影发行有限责任公司,惊天战神
华夏电影发行有限责任公司,天上的菊美
华夏电影发行有限责任公司,侨女日记
华夏电影发行有限责任公司,丁丁历险记
华夏电影发行有限责任公司,超级战舰
华夏电影发行有限责任公司,魔宫魅影
华夏电影发行有限责任公司,蜂鸟特攻
华夏电影发行有限责任公司,盗亦有道
华夏电影发行有限责任公司,愤怒的小鸟大电影
华夏电影发行有限责任公司,影子爱人
华夏电影发行有限责任公司,校花诡异事件
华夏电影发行有限责任公司,脱轨时代
华夏电影发行有限责任公司,长江图
华夏电影发行有限责任公司,双重身份
华夏电影发行有限责任公司,哥斯拉
华夏电影发行有限责任公司,封神传奇
华夏电影发行有限责任公司,爱丽丝梦游仙境2：镜中奇遇记
华夏电影发行有限责任公司,雨果
华夏电影发行有限责任公司,黑衣人3
华夏电影发行有限责任公司,明日边缘
华夏电影发行有限责任公司,宾虚
华夏电影发行有限责任公司,海底总动员2：多莉去哪儿
华夏电影发行有限责任公司,80后的独立宣言
华夏电影发行有限责任公司,狂奔蚂蚁
华夏电影发行有限责任公司,忠诚与背叛
华夏电影发行有限责任公司,生死罗布泊
华夏电影发行有限责任公司,人狼大战
华夏电影发行有限责任公司,拐杖
华夏电影发行有限责任公司,快手枪手快枪手
华夏电影发行有限责任公司,猩球崛起
华夏电影发行有限责任公司,我11
华夏电影发行有限责任公司,机械战警
华夏电影发行有限责任公司,美国队长3：英雄内战
华夏电影发行有限责任公司,醉后一夜
华夏电影发行有限责任公司,纽约行动
华夏电影发行有限责任公司,火鸡总动员
华夏电影发行有限责任公司,王者之剑3D
华夏电影发行有限责任公司,催眠大师
华夏电影发行有限责任公司,警察日记
华夏电影发行有限责任公司,铁血精英
华夏电影发行有限责任公司,超验骇客
华夏电影发行有限责任公司,幸福中转栈
华夏电影发行有限责任公司,天才眼镜狗
华夏电影发行有限责任公司,独立日：卷土重来
华夏电影发行有限责任公司,盟军夺宝队
华夏电影发行有限责任公司,西藏天空
华夏电影发行有限责任公司,魔兽
华夏电影发行有限责任公司,大力神3D
华夏电影发行有限责任公司,碟中谍4
华夏电影发行有限责任公司,硬汉奶爸
华夏电影发行有限责任公司,深度谜案
华夏电影发行有限责任公司,陆知马俐
华夏电影发行有限责任公司,大侦探福尔摩斯2
华夏电影发行有限责任公司,爱情真可怕
华夏电影发行有限责任公司,美国队长2：冬日战士
华夏电影发行有限责任公司,X战警：天启
华夏电影发行有限责任公司,梦宅诡影
华夏电影发行有限责任公司,忍者神龟2：破影而出
华夏电影发行有限责任公司,战马
华夏电影发行有限责任公司,近距离击杀
华夏电影发行有限责任公司,泰坦尼克号3D
华夏电影发行有限责任公司,关于爱情和那些魔鬼
华夏电影发行有限责任公司,晚秋
华夏电影发行有限责任公司,初到东京
华夏电影发行有限责任公司,极品飞车
华夏电影发行有限责任公司,爱在廊桥
华夏电影发行有限责任公司,我和你
华夏电影发行有限责任公司,玩命追踪
华夏电影发行有限责任公司,驱魔者
华夏电影发行有限责任公司,魔法奇幻秀
华夏电影发行有限责任公司,家园防线
华夏电影发行有限责任公司,终极大冒险
华夏电影发行有限责任公司,十五岁的笑脸
华夏电影发行有限责任公司,星际迷航3：超越星辰
华夏电影发行有限责任公司,超凡蜘蛛侠2
华夏电影发行有限责任公司,考拉大冒险
华夏电影发行有限责任公司,周恩来的四个昼夜
华夏电影发行有限责任公司,金陵十三钗
华夏电影发行有限责任公司,爱的“蟹”逅
华夏电影发行有限责任公司,异星战场
华夏电影发行有限责任公司,伤心童话
华夏电影发行有限责任公司,沉睡魔咒
华夏电影发行有限责任公司,那件疯狂的小事叫爱情
华夏电影发行有限责任公司,做次有钱人
华夏电影发行有限责任公司,恐怖旅馆
华夏电影发行有限责任公司,河东狮吼2
华夏电影发行有限责任公司,安德的游戏
华夏电影发行有限责任公司,女巫季节
华夏电影发行有限责任公司,大兵金宝历险记
华夏电影发行有限责任公司,摩尔庄园大电影3魔幻列车大冒险
华夏电影发行有限责任公司,饥饿游戏3：嘲笑鸟（下）
华夏电影发行有限责任公司,巴黎宝贝
华夏电影发行有限责任公司,通道转兵
华夏电影发行有限责任公司,白雪公主之矮人力量
华夏电影发行有限责任公司,伦敦陷落
华夏电影发行有限责任公司,神秘世界历险记
华夏电影发行有限责任公司,庞贝末日
华夏电影发行有限责任公司,香气
华夏电影发行有限责任公司,舞力对决
华夏电影发行有限责任公司,垫底辣妹
华夏电影发行有限责任公司,请叫我英雄
华夏电影发行有限责任公司,超人：钢铁之躯
华夏电影发行有限责任公司,灵偶契约
华夏电影发行有限责任公司,一起飞
华夏电影发行有限责任公司,圣杯神器：骸骨之城
华夏电影发行有限责任公司,蓝精灵
华夏电影发行有限责任公司,不惧风暴
华夏电影发行有限责任公司,奥林匹斯的陷落
华夏电影发行有限责任公司,超凡蜘蛛侠
华夏电影发行有限责任公司,追凶者也
华夏电影发行有限责任公司,荒野猎人
华夏电影发行有限责任公司,蝙蝠侠：黑暗骑士崛起
华夏电影发行有限责任公司,飞鹰艾迪
华夏电影发行有限责任公司,都市童话
华夏电影发行有限责任公司,云之锦
华夏电影发行有限责任公司,老雷斯的故事
华夏电影发行有限责任公司,挑战者联盟
华夏电影发行有限责任公司,动物也疯狂
华夏电影发行有限责任公司,守望天山
华夏电影发行有限责任公司,猩球崛起：黎明之战
华夏电影发行有限责任公司,蝙蝠侠大战超人：正义黎明
华夏电影发行有限责任公司,哈利・波特与死亡圣器(下)
华夏电影发行有限责任公司,救火英雄
华夏电影发行有限责任公司,守株人
华夏电影发行有限责任公司,火锅英雄
华夏电影发行有限责任公司,对不起，我爱你
华夏电影发行有限责任公司,环太平洋
华夏电影发行有限责任公司,摩纳哥王妃
华夏电影发行有限责任公司,美国队长
华夏电影发行有限责任公司,神探亨特张
华夏电影发行有限责任公司,勇敢传说
华夏电影发行有限责任公司,赛尔号4大电影：圣魔之战
华夏电影发行有限责任公司,天亮之前
华夏电影发行有限责任公司,老男孩之猛龙过江
华夏电影发行有限责任公司,民的1911
华夏电影发行有限责任公司,拯救大明星
华夏电影发行有限责任公司,特工争风
华夏电影发行有限责任公司,正骨
华夏电影发行有限责任公司,无处可逃
华夏电影发行有限责任公司,巴霍巴利王：开端
华夏电影发行有限责任公司,巴霍巴利王：开端
华夏电影发行有限责任公司,饥饿游戏
华夏电影发行有限责任公司,美国骗局
华夏电影发行有限责任公司,永无止境
华夏电影发行有限责任公司,百万巨鳄
华夏电影发行有限责任公司,冰雪奇缘
华夏电影发行有限责任公司,白雪公主之魔镜魔镜
华夏电影发行有限责任公司,惊天危机
华夏电影发行有限责任公司,变形金刚4：绝迹重生
华夏电影发行有限责任公司,东方中国梦
华夏电影发行有限责任公司,潘多拉的宝剑
华夏电影发行有限责任公司,擒爱记
华夏电影发行有限责任公司,辛亥革命
华夏电影发行有限责任公司,母语
华夏电影发行有限责任公司,洋妞到我家
华夏电影发行有限责任公司,四大名捕
华夏电影发行有限责任公司,速度与激情6
华夏电影发行有限责任公司,秦时明月3D电影龙腾万里
华夏电影发行有限责任公司,搜索
华夏电影发行有限责任公司,神秘世界历险记2
华夏电影发行有限责任公司,猎神：冬日之战
华夏电影发行有限责任公司,海鲜陆战队
华夏电影发行有限责任公司,驯龙高手2
华夏电影发行有限责任公司,一触即发
华夏电影发行有限责任公司,龙之谷：破晓奇兵
华夏电影发行有限责任公司,白发魔女传之明月天国
华夏电影发行有限责任公司,左利军
华夏电影发行有限责任公司,分手不分手
华夏电影发行有限责任公司,闺蜜
华夏电影发行有限责任公司,我就是我
华夏电影发行有限责任公司,后会无期
华夏电影发行有限责任公司,曼德拉
华夏电影发行有限责任公司,车手
华夏电影发行有限责任公司,不再说分手
华夏电影发行有限责任公司,遭遇海明威
华夏电影发行有限责任公司,笔仙惊魂3
华夏电影发行有限责任公司,全城高考
华夏电影发行有限责任公司,速度与激情7
华夏电影发行有限责任公司,双雄
华夏电影发行有限责任公司,公路美人
华夏电影发行有限责任公司,超能陆战队
华夏电影发行有限责任公司,致命伴旅
华夏电影发行有限责任公司,电梯惊魂
华夏电影发行有限责任公司,浪漫天降
华夏电影发行有限责任公司,七月与安生
华夏电影发行有限责任公司,坚不可摧
华夏电影发行有限责任公司,小飞侠：幻梦启航
华夏电影发行有限责任公司,丛林有情狼
华夏电影发行有限责任公司,巴黎危机
华夏电影发行有限责任公司,幸存者
华夏电影发行有限责任公司,百团大战
华夏电影发行有限责任公司,美少女特攻队
华夏电影发行有限责任公司,煎饼侠
华夏电影发行有限责任公司,蚁人
华夏电影发行有限责任公司,关键第四号
华夏电影发行有限责任公司,逃出生天3D
华夏电影发行有限责任公司,侠探杰克
华夏电影发行有限责任公司,模仿游戏
华夏电影发行有限责任公司,爸爸的假期
华夏电影发行有限责任公司,悲惨世界
华夏电影发行有限责任公司,金刚狼2
华夏电影发行有限责任公司,黄河
华夏电影发行有限责任公司,第七子：降魔之战
华夏电影发行有限责任公司,不要迷恋姐
华夏电影发行有限责任公司,天赐
华夏电影发行有限责任公司,再次出发
华夏电影发行有限责任公司,雷锋的微笑
华夏电影发行有限责任公司,雷锋在1959
华夏电影发行有限责任公司,三只小猪与神灯
华夏电影发行有限责任公司,亲爱
华夏电影发行有限责任公司,怪兽大学
华夏电影发行有限责任公司,特种部队：全面反击
华夏电影发行有限责任公司,白幽灵传奇之绝命逃亡
华夏电影发行有限责任公司,我是路人甲
华夏电影发行有限责任公司,背水一战
华夏电影发行有限责任公司,倩女幽魂
华夏电影发行有限责任公司,精灵旅社2
华夏电影发行有限责任公司,南泥湾
华夏电影发行有限责任公司,小黄人大眼萌
华夏电影发行有限责任公司,极速蜗牛
华夏电影发行有限责任公司,情敌蜜月
华夏电影发行有限责任公司,007：大破天幕杀机
华夏电影发行有限责任公司,人间蒸发
华夏电影发行有限责任公司,奔跑吧！兄弟
华夏电影发行有限责任公司,倾城
华夏电影发行有限责任公司,午夜43路
华夏电影发行有限责任公司,了不起的盖茨比
华夏电影发行有限责任公司,极乐空间
华夏电影发行有限责任公司,木星上行
华夏电影发行有限责任公司,侠盗石川
华夏电影发行有限责任公司,云图
华夏电影发行有限责任公司,逆袭
华夏电影发行有限责任公司,天使：生命处方
华夏电影发行有限责任公司,滚蛋吧！肿瘤君
华夏电影发行有限责任公司,使命召唤
华夏电影发行有限责任公司,终结者：创世纪
华夏电影发行有限责任公司,守望者：罪恶迷途
华夏电影发行有限责任公司,疯狂原始人
华夏电影发行有限责任公司,蜡笔总动员
华夏电影发行有限责任公司,我是大熊猫之熊猫大侠
华夏电影发行有限责任公司,热情奏鸣曲
华夏电影发行有限责任公司,帕丁顿熊
华夏电影发行有限责任公司,玛德2号
华夏电影发行有限责任公司,第三种爱情
华夏电影发行有限责任公司,独行侠
华夏电影发行有限责任公司,新娘大作战
华夏电影发行有限责任公司,饥饿游戏3：嘲笑鸟（上）
华夏电影发行有限责任公司,爱情攻略
华夏电影发行有限责任公司,战火中的芭蕾
华夏电影发行有限责任公司,天眼传奇
华夏电影发行有限责任公司,我爸比我小四岁
华夏电影发行有限责任公司,诱狼
华夏电影发行有限责任公司,洛杉矶之战
华夏电影发行有限责任公司,小魔仙之黑魔法来袭
华夏电影发行有限责任公司,爱在旅途
华夏电影发行有限责任公司,暗杀
华夏电影发行有限责任公司,咱们结婚吧
华夏电影发行有限责任公司,超越那一天
华夏电影发行有限责任公司,刺夜
华夏电影发行有限责任公司,王牌特工：特工学院
华夏电影发行有限责任公司,小小飞虎队
华夏电影发行有限责任公司,第七谎言
华夏电影发行有限责任公司,墓穴迷城
华夏电影发行有限责任公司,黑海夺金
华夏电影发行有限责任公司,百合
华夏电影发行有限责任公司,老阿姨
华夏电影发行有限责任公司,夺命追踪
华夏电影发行有限责任公司,喜马拉雅天梯
华夏电影发行有限责任公司,刺客聂隐娘
华夏电影发行有限责任公司,烈日灼心
华夏电影发行有限责任公司,站起来
华夏电影发行有限责任公司,惊沙
华夏电影发行有限责任公司,头脑特工队
华夏电影发行有限责任公司,灰姑娘
华夏电影发行有限责任公司,神探驾到
华夏电影发行有限责任公司,歼十出击
华夏电影发行有限责任公司,因为谷桂花
华夏电影发行有限责任公司,青蜂侠
华夏电影发行有限责任公司,一代宗师
华夏电影发行有限责任公司,陪安东尼度过漫长岁月
华夏电影发行有限责任公司,大宅男
华夏电影发行有限责任公司,一代宗师3D
华夏电影发行有限责任公司,我的青春期
华夏电影发行有限责任公司,逄郊讶
华夏电影发行有限责任公司,明日世界
华夏电影发行有限责任公司,屠魔战士
华夏电影发行有限责任公司,钟馗伏魔：雪妖魔灵
华夏电影发行有限责任公司,哆啦A梦：伴我同行
华夏电影发行有限责任公司,巨人捕手杰克
华夏电影发行有限责任公司,新木偶奇遇记
华夏电影发行有限责任公司,危情三日
华夏电影发行有限责任公司,石榴树上结樱桃
华夏电影发行有限责任公司,末日崩塌
华夏电影发行有限责任公司,团圆
华夏电影发行有限责任公司,侏罗纪世界
华夏电影发行有限责任公司,安妮：纽约奇缘
华夏电影发行有限责任公司,博物馆奇妙夜3
华夏电影发行有限责任公司,深海挑战
华夏电影发行有限责任公司,索道医生
华夏电影发行有限责任公司,闯入者
华夏电影发行有限责任公司,大太阳
华夏电影发行有限责任公司,在劫难逃
华夏电影发行有限责任公司,超能查派
华夏电影发行有限责任公司,隐婚男女
华夏电影发行有限责任公司,我的少女时代
华夏电影发行有限责任公司,复仇者联盟2：奥创纪元
华夏电影发行有限责任公司,乔布斯
华夏电影发行有限责任公司,小神来了
华夏电影发行有限责任公司,失控
华夏电影发行有限责任公司,昆塔：盒子总动员
华夏电影发行有限责任公司,情况不妙
华夏电影发行有限责任公司,007：幽灵党
华夏电影发行有限责任公司,侏罗纪公园3D
华夏电影发行有限责任公司,碟中谍5：神秘国度
华夏电影发行有限责任公司,落跑吧，爱情
华夏电影发行有限责任公司,爱爱迨
华夏电影发行有限责任公司,海澜
华夏电影发行有限责任公司,梦幻岛
华夏电影发行有限责任公司,毒战
华夏电影发行有限责任公司,圆梦巨人
华夏电影发行有限责任公司,王子与108煞
华夏电影发行有限责任公司,我的男友和狗
华夏电影发行有限责任公司,移动迷宫2
华夏电影发行有限责任公司,铁娘子：坚固柔情
华夏电影发行有限责任公司,剩者为王
华夏电影发行有限责任公司,纳尼亚传奇3
华夏电影发行有限责任公司,回到爱开始的地方
华夏电影发行有限责任公司,分歧者2：绝地反击
华夏电影发行有限责任公司,粉红女郎之爱人快跑
华夏电影发行有限责任公司,甲天下
华夏电影发行有限责任公司,左耳
华夏电影发行有限责任公司,夺宝联盟
华夏电影发行有限责任公司,绝命海拔
华夏电影发行有限责任公司,亡命地中海
华夏电影发行有限责任公司,暗恋99天
华强方特影业投资有限公司,形影不离
华影天下（天津）电影发行有限责任公司,陆知马俐
华桦传媒,魔法老师
华派影业（深圳）有限公司,水滴之梦
华海光影北京国际影视文化传媒有限公司,一条叫王子的狗
华特・迪士尼与索尼联合发行公司,吹梦巨人
华特・迪士尼与索尼联合发行公司,奇幻森林
华特・迪士尼与索尼联合发行公司,美国队长3：英雄内战
华特・迪士尼与索尼联合发行公司,圆梦巨人
华特・迪士尼与索尼联合发行公司,海底总动员2：多莉去哪儿
华特・迪士尼与索尼联合发行公司,美国队长3
华特・迪士尼电影公司,海底总动员2：多莉去哪儿
华特・迪士尼电影公司,奇幻森林
华特・迪士尼电影公司,爱丽丝梦游仙境2：镜中奇遇记
华特・迪士尼电影公司,美国队长3：英雄内战
华特・迪士尼电影公司,圆梦巨人
华特・迪士尼电影公司,彼得的龙
华特・迪士尼电影公司,美国队长3
华特・迪士尼电影公司,吹梦巨人
华特・迪士尼电影工作室,海底总动员2：多莉去哪儿
华特・迪士尼电影工作室,爱丽丝梦游仙境2：镜中奇遇记
华特・迪士尼电影工作室,奇幻森林
华特・迪士尼电影工作室,吹梦巨人
华特・迪士尼电影工作室,美国队长3
华特・迪士尼电影工作室,美国队长3：英雄内战
华特・迪士尼电影工作室,圆梦巨人
华特・迪斯尼影片公司,铁甲钢拳
华特・迪斯尼影片公司,战马
华特・迪斯尼影片公司,头脑特工队
华特・迪斯尼影片公司,关键第四号
华特・迪斯尼影片公司,赛车总动员2
华特・迪斯尼影片公司,创战纪
华狮盛典（北京）文化传媒有限公司,海鲜陆战队
华策影业（天津）有限公司,不可思异
华策影业（天津）有限公司,剩者为王
华策影业（天津）有限公司,微微一笑很倾城
华策影业（天津）有限公司,破风
华策影业（天津）有限公司,幸运是我
华策影业（天津）有限公司,反贪风暴2
华策影业（天津）有限公司,刺客聂隐娘
华策影业（天津）有限公司,妄想症
华策影业（天津）有限公司,刑警兄弟
华策影业（天津）有限公司,我是大熊猫之熊猫大侠
华纳兄弟公司,泰山归来：人猿大战
华纳兄弟公司,魔兽
华纳兄弟公司,泰山归来：险战丛林
华纳兄弟公司,X战警：天启
华纳兄弟公司,独立日：卷土重来
华纳兄弟公司,X特遣队
华纳兄弟公司,冰川时代：星际碰撞
华纳兄弟公司,地心营救
华纳兄弟公司,逗鸟外传：萌宝满天飞
华纳兄弟公司,逗鸟外传
华纳兄弟公司,冰川时代5：星际碰撞
华纳兄弟影业公司,地心营救
华纳兄弟影片公司,地心营救
华纳兄弟影片公司,泰山归来：人猿大战
华纳兄弟影片公司,逗鸟外传
华纳兄弟影片公司,狐猴之岛：马达加斯加
华纳兄弟影片公司,逗鸟外传：萌宝满天飞
华纳兄弟影片公司,X特遣队
华纳兄弟影片公司,魔兽
华纳兄弟影片公司,泰山归来：险战丛林
华纳家庭娱乐公司,巨人捕手杰克
华视网聚（常州）文化传媒有限公司,璀璨的婚礼
华诚电影电视数字节目有限公司,骆驼客
华语万映文化传媒（北京）有限公司,情满人间
华谊兄弟传媒股份有限公司,太极1从零开始
华谊兄弟传媒股份有限公司,逆战
华谊兄弟传媒股份有限公司,不见不散
华谊兄弟传媒股份有限公司,全球热恋
华谊兄弟传媒股份有限公司,纽约纽约
华谊兄弟传媒股份有限公司,恋爱中的城市
华谊兄弟传媒股份有限公司,一个人的武林
华谊兄弟传媒股份有限公司,死亡派对
华谊兄弟传媒股份有限公司,坏蛋必须死
华谊兄弟传媒股份有限公司,陆知马俐
华谊兄弟传媒股份有限公司,老夫子之小水虎传奇
华谊兄弟传媒股份有限公司,喜羊羊与灰太狼之飞马奇遇记
华谊兄弟传媒股份有限公司,甲方乙方
华谊兄弟传媒股份有限公司,西游降魔篇
华谊兄弟传媒股份有限公司,雪花秘扇
华谊兄弟传媒股份有限公司,开心魔法
华谊兄弟传媒股份有限公司,大明猩
华谊兄弟传媒股份有限公司,私人订制
华谊兄弟传媒股份有限公司,老炮儿
华谊兄弟传媒股份有限公司,十二生肖
华谊兄弟传媒股份有限公司,摇滚藏獒
华谊兄弟传媒股份有限公司,狄仁杰之神都龙王
华谊兄弟传媒股份有限公司,前任2：备胎反击战
华谊兄弟传媒股份有限公司,奔跑吧！兄弟
华谊兄弟传媒股份有限公司,白日焰火
华谊兄弟传媒股份有限公司,别有动机
华谊兄弟传媒股份有限公司,微爱之渐入佳境
华谊兄弟传媒股份有限公司,撒娇女人最好命
华谊兄弟传媒股份有限公司,星空
华谊兄弟传媒股份有限公司,人间・小团圆
华谊兄弟传媒股份有限公司,少年班
华谊兄弟传媒股份有限公司,寻龙诀
华谊兄弟传媒股份有限公司,有一天
华谊兄弟传媒股份有限公司,一九四二
华谊兄弟传媒股份有限公司,新少林寺
华谊兄弟传媒股份有限公司,天将雄师
华谊兄弟传媒股份有限公司,太极2英雄崛起
华谊兄弟传媒股份有限公司,功夫
华谊兄弟传媒股份有限公司,栀子花开
华谊兄弟传媒股份有限公司,大喜临门
华谊兄弟传媒股份有限公司,整容日记
华谊兄弟传媒股份有限公司,爱
华谊兄弟传媒股份有限公司,画皮2
华谊兄弟传媒股份有限公司,三城记
华谊兄弟传媒股份有限公司,前任攻略
华谊兄弟传媒股份有限公司,命中注定
华谊兄弟传媒股份有限公司,忠烈杨家将
华谊兄弟传媒股份有限公司,失孤
华谊兄弟国际有限公司,撒娇女人最好命
华谊兄弟电影国际发行公司,陆知马俐
华谊兄弟电影有限公司,陆知马俐
南派泛娱有限公司,盗墓笔记
博纳影业集团,魔宫魅影
博纳影业集团,湄公河行动
博纳影业集团,危城
博纳影业集团,澳门风云3
博纳影业集团,封神传奇
博纳影业集团,所以……和黑粉结婚了
卡通先生影业有限公司,我爱灰太狼2
卡通先生影业有限公司,巴啦啦小魔仙
卡通先生影业有限公司,赛尔号之寻找凤凰神兽
卡通先生影业有限公司,宝贝女儿好妈妈之吃记忆的大雪球
卡通先生影业有限公司,洛克王国2圣龙的心愿
卡通先生影业有限公司,辛巴达历险记2
卡通先生影业有限公司,我爱灰太狼
卡通先生影业有限公司,大闹天宫（动画版）
卡通先生影业有限公司,火焰山历险记
卡通先生影业有限公司,辛巴达历险记2013
卡通先生影业有限公司,熊出没之夺宝熊兵
卡通先生影业有限公司,熊出没之雪岭熊风
卡通先生影业有限公司,熊出没之熊心归来
卡通先生影业有限公司,赛尔号2：雷伊与迈尔斯
卧虎藏龙国际文化传媒（北京）有限公司,五月天追梦3DNA
卧虎藏龙国际文化传媒（北京）有限公司,蓝调海之恋
卧虎藏龙国际文化传媒（北京）有限公司,追爱
印纪影视娱乐传媒有限公司,影子爱人
印纪影视娱乐传媒有限公司,极盗者
厦门皓月文化传媒有限公司,心灵的故事
厦门皓月文化传媒有限公司,天钟
厦门蓝火焰影视公司,绝战
可燃冰文化传媒（北京）有限公司,真相禁区
可燃冰文化传媒（北京）有限公司,回到被爱的每一天
台湾卢米埃电影股份有限公司,超级保镖
台湾龙祥娱乐多媒体股份有限公司,关云长
台湾龙祥娱乐多媒体股份有限公司,云图
台湾龙祥娱乐多媒体股份有限公司,源代码
台湾龙祥娱乐多媒体股份有限公司,三个火枪手
台湾龙祥娱乐多媒体股份有限公司,暮光之城4：破晓（上）
台湾龙祥娱乐多媒体股份有限公司,梦宅诡影
合一影业有限公司,巴黎假期
合一影业有限公司,东北偏北
合肥泰尚文化科技有限公司,阿里巴巴所罗门封印
合肥泰尚文化科技有限公司,阿里巴巴2所罗门封印
吉林映代码电影制作有限公司,一夜危机
后窗放映,千锤百炼
君艺尚（北京）文化传媒有限公司,别开门
吟唱的井制作（香港）有限公司,情比山高
和和（上海）影业有限公司,追凶者也
和和（上海）影业有限公司,火锅英雄
和和（上海）影业有限公司,美人鱼
和和（上海）影业有限公司,绝地逃亡
哈尔滨松松文化发展有限公司,动植物大战
哥伦比亚影业公司,鲨滩
哥伦比亚影业公司,忍者神龟2：破影而出
哥伦比亚影业公司,星际迷航3：超越星辰
哥伦比亚影业公司,超能敢死队
哥伦比亚影业公司,宾虚
哥伦比亚影业公司,谍影重重5
哥伦比亚影片公司,雨果
哥伦比亚影片公司,精灵旅社2
哥伦比亚影片公司,超能查派
哥伦比亚影片公司,007：幽灵党
哥伦比亚影片公司,蓝精灵
哥伦比亚电影公司,超能敢死队
哥伦比亚电影公司,鲨滩
喜蓝(北京)文化传播有限公司,石斛兰
嘉禾国产电影发行（深圳）有限公司,星语心愿之再爱
四川卢米埃影业,爱你一生一世
四川卢米埃影业,心迷宫
四川卢米埃影业,一个温州的女人
四川卢米埃影业,何以笙箫默
四川峨影影视发行有限公司,假装看不见之电影大师
四川峨影影视发行有限公司,古堡之吻
四川省太平洋电影院线有限公司,嘿・店
四川省太平洋电影院线有限公司,大人物
四川省太平洋电影院线有限公司,太空熊猫总动员
四川省太平洋电影院线有限公司,喜酒
四川省太平洋电影院线有限公司,假装看不见之电影大师
四川省太平洋电影院线有限公司,百变爱人
四川省太平洋电影院线有限公司,魔镜奇缘
四川省太平洋电影院线有限公司,阿里巴巴大盗奇兵
四川省太平洋电影院线有限公司,大太阳
四川省太平洋电影院线有限公司,闯堂兔2疯狂马戏团
四川英明影视文化艺术有限责任公司,爱别离
四川通达艺鑫影视文化传播有限公司,非秀不可
四川重向广告传媒有限公司,一诺・千金
四川飞马西南影视艺术发展中心,钢板咏叹调
四海电影发行联盟,喜乐长安
四海电影发行联盟,陆知马俐
四海电影发行联盟,奥拉星：进击圣殿
四海电影发行联盟,魔比斯环3D
四海电影发行联盟,盗墓笔记
四海电影发行联盟,神秘世界历险记3
四海电影发行联盟,火锅英雄
四海电影发行联盟,追凶者也
四海电影发行联盟,山河故人
四海电影发行联盟,美人鱼
四海电影发行联盟,叶问3
四海电影发行联盟,新大头儿子和小头爸爸2一日成才
四海电影发行联盟,猪猪侠之终极决战
国家新闻出版广电总局电影卫星频道节目制作中心,Hi，高考君
国影宣文化传媒（北京）有限公司,疯狂的导演
国影宣文化传媒（北京）有限公司,大地赤子史来贺
国影宣文化传媒（北京）有限公司,决不饶恕
国盛影业（北京）有限公司,宝贝，对不起
国盛影业（北京）有限公司,冰封：重生之门
国盛新影（北京）影视发行有限公司,校车
国盛新影（北京）影视发行有限公司,有种
国盛新影（北京）影视发行有限公司,拆散专家
国盛新影（北京）影视发行有限公司,牛胆神偷
基美影业,魔轮
基美影业,勇士之门
复逸影业,蒸发太平洋
大众点评网,一步之遥
大众点评网,煎饼侠
大众点评网,爱之初体验
大众点评网,剩者为王
大众点评网,洛克王国4：出发！巨人谷
大地时代电影发行（北京）有限公司,HOLD住爱
大地时代电影发行（北京）有限公司,神秘世界历险记2
大地时代电影发行（北京）有限公司,冲锋车
大地时代电影发行（北京）有限公司,谁说我们不会爱
大地时代电影发行（北京）有限公司,魔幻仙踪
大地时代电影发行（北京）有限公司,绑架大明星
大地时代电影发行（北京）有限公司,摩登年代
大地时代电影发行（北京）有限公司,制服
大地时代电影发行（北京）有限公司,刺夜
大地时代电影发行（北京）有限公司,宫锁沉香
大地时代电影发行（北京）有限公司,催眠大师
大地时代电影发行（北京）有限公司,我想和你好好的
大地时代电影发行（北京）有限公司,超级经纪人
大地时代电影文化传播(北京)有限公司,东成西就2011
大地时代电影文化传播(北京)有限公司,悬赏
大地时代电影文化传播(北京)有限公司,遍地狼烟
大地时代电影文化传播(北京)有限公司,叶问：终极一战
大地时代电影文化传播(北京)有限公司,四戒
大地时代电影文化传播(北京)有限公司,回马枪
大地时代电影文化传播(北京)有限公司,一夜未了情
大地时代电影文化传播(北京)有限公司,刀见笑
大地时代电影文化传播(北京)有限公司,万有引力
大地时代电影文化传播(北京)有限公司,地域无门
大地时代电影文化传播(北京)有限公司,我老公不靠谱
大地时代电影文化传播(北京)有限公司,就是闹着玩的
大地时代电影文化传播(北京)有限公司,一生一世
大地时代电影文化传播(北京)有限公司,绿林大冒险
大盛国际传媒(上海)有限公司,爱情进化论
大盛国际传媒(上海)有限公司,我是女王
大盛国际传媒(上海)有限公司,疯狂72小时
大盛国际传媒（北京）有限公司,武侠
大盛国际传媒（北京）有限公司,飞越老人院
大盛国际传媒（北京）有限公司,我们约会吧
大盛国际传媒（北京）有限公司,钟馗伏魔：雪妖魔灵
大盛国际传媒（北京）有限公司,李献计历险记
大盛国际传媒（北京）有限公司,小时代
大盛国际传媒（北京）有限公司,超时空救兵
大衍文化传媒（北京）有限公司,黑月
大连东方瑞迪文化传媒有限公司,低碳爱情
大银幕(北京)电影发行控股有限公司,约定倒计时
大银幕(北京)电影发行控股有限公司,叶问3
大银幕(北京)电影发行控股有限公司,巴黎假期
大银幕(北京)电影发行控股有限公司,巴啦啦小魔仙之魔箭公主
大银幕(北京)电影发行控股有限公司,搏击迷城
大麦电影,神通佛影
大麦电影,藏羚王之雪域精灵
天使之翼（北京）影视投资有限公司,万有引力
天天尚映影业有限公司,冰河追凶
天山电影制片厂,这里是新疆
天映娱乐有限公司,大武生
天津互娱时代科技有限公司,追凶者也
天津北方电影集团,圣龙奇兵大冒险
天津华谊兄弟卖座网电影发行有限公司,擦枪走火
天津华谊兄弟卖座网电影发行有限公司,黑猫警长之翡翠之星
天津华谊兄弟卖座网电影发行有限公司,天亮之前
天津华谊兄弟卖座网电影发行有限公司,别有动机
天津华谊兄弟卖座网电影发行有限公司,爱在深秋
天津华谊兄弟卖座网电影发行有限公司,男神时代
天津华谊兄弟卖座网电影发行有限公司,我爸比我小四岁
天津华谊兄弟卖座网电影发行有限公司,神秘世界历险记3
天津博纳文化传媒有限公司,湄公河行动
天津博纳文化传媒有限公司,禁忌游戏之迷藏
天津博纳文化传媒有限公司,烈日灼心
天津博纳文化传媒有限公司,封神传奇
天津博纳文化传媒有限公司,魁拔之大战元泱界
天津博纳文化传媒有限公司,激战
天津博纳文化传媒有限公司,圣诞玫瑰
天津博纳文化传媒有限公司,新娘大作战
天津完美世界影视文化有限公司,等风来
天津猫眼文化传媒有限公司,破风
天津猫眼文化传媒有限公司,美人鱼
天津猫眼文化传媒有限公司,钢刀
天津猫眼文化传媒有限公司,使徒行者
天津猫眼文化传媒有限公司,梦想合伙人
天津猫眼文化传媒有限公司,解救吾先生
天津猫眼文化传媒有限公司,山河故人
天津猫眼文化传媒有限公司,谜城
天津猫眼文化传媒有限公司,我不是潘金莲
天津猫眼文化传媒有限公司,新大头儿子和小头爸爸2一日成才
天津猫眼文化传媒有限公司,我叫哀木涕之山口山战记
天津猫眼文化传媒有限公司,我叫MT之山口山战记
天津猫眼文化传媒有限公司,年兽大作战
天津猫眼文化传媒有限公司,港
天津猫眼文化传媒有限公司,快手枪手快枪手
天津猫眼文化传媒有限公司,杀破狼2
天津百逸互娱动漫有限公司,斗龙战士之星印罗盘
天津联瑞影业有限公司,寒战2
天津联瑞影业有限公司,绝地逃亡
天津联瑞影业有限公司,捉妖记
天津联瑞影业有限公司,我的特工爷爷
天津联瑞影业有限公司,一切都好
天津联瑞影业有限公司,北京遇上西雅图之不二情书
天津联瑞影业有限公司,追凶者也
天津联瑞影业有限公司,美人鱼
天津逗友文化传播有限公司,花样厨神
天津金润文化传媒有限公司,不朽的时光
天津金润文化传媒有限公司,摇滚水果
天津银光院线公司,天河
天津银河文化传媒有限公司,恭喜发财之谈钱说爱
天津银河文化传媒有限公司,通灵之六世古宅
天津银河文化传媒有限公司,大话西游3
天津银河文化传媒有限公司,爱之初体验
天津银河文化传媒有限公司,斗地主
天津银河文化传媒有限公司,黑猫警长之翡翠之星
天津银河文化传媒有限公司,真相禁区
天洪影业（上海）有限公司,火云端
天空之城文化创意有限公司,喜马拉雅天梯
天罡影业发展有限公司,绿林大冒险
天铭嘉业文化传媒投资有限公司,回马枪
天雄圣视（北京）文化传媒有限公司,风口青春
天马影联影视文化（北京）有限公司,精武青春
天马影联影视文化（北京）有限公司,神探驾到
奥山影视文化湖北有限公司,琴动我心
奥飞影业投资（北京）有限公司,巴啦啦小魔仙之魔箭公主
奥飞影业投资（北京）有限公司,通灵之六世古宅
奥飞影业投资（北京）有限公司,栀子花开
奥飞影业（上海）有限公司,巴啦啦小魔仙之魔箭公主
宁波枫海传媒科技股份有限公司,男二本色
宁波枫海传媒科技股份有限公司,摇滚水果
宁波枫海传媒科技股份有限公司,星语心愿之再爱
宁波枫海传媒科技股份有限公司,探灵档案
宁波枫海传媒科技股份有限公司,一个勺子
宁波稻草家族影视策划有限公司,肩上蝶
宇际星海传媒,小西天狄道传奇
安乐影片有限公司,挪威的森林
安乐（北京）电影发行有限公司,北京遇上西雅图
安乐（北京）电影发行有限公司,最爱
安乐（北京）电影发行有限公司,黄飞鸿之英雄有梦
安乐（北京）电影发行有限公司,捉妖记
安乐（北京）电影发行有限公司,风暴
安乐（北京）电影发行有限公司,初恋未满
安乐（北京）电影发行有限公司,大追捕
安乐（北京）电影发行有限公司,第一次
安乐（北京）电影发行有限公司,寄生兽
安乐（北京）电影发行有限公司,我的特工爷爷
安乐（北京）电影发行有限公司,转山
安乐（北京）电影发行有限公司,临时同居
安乐（北京）电影发行有限公司,寒战
安乐（北京）电影发行有限公司,寒战2
安乐（北京）电影发行有限公司,北京遇上西雅图之不二情书
完美世界（北京）影视文化有限公司,斐济99℃爱情
宏海世纪（北京）影视有限公司,幸福很
宏海世纪（北京）影视有限公司,藏羚王之雪域精灵
宏海世纪（北京）影视有限公司,咕噜咕噜美人鱼
宸铭影业（上海）有限公司,陆知马俐
富士电视台,海贼王2016剧场版
寰亚影视发行（香港）有限公司,血滴子
寰亚影视发行（香港）有限公司,哪一天我们会飞
寰亚电影制作有限公司,三人行
寰亚电影发行（北京）有限公司,三人行
寰亚电影发行（北京）有限公司,单身男女2
寰亚电影发行（北京）有限公司,一夜惊喜
寰亚电影发行（北京）有限公司,冲上云霄
寰亚电影发行（北京）有限公司,金刚王：死亡救赎
寰亚电影发行（北京）有限公司,盲探
寰亚电影发行（北京）有限公司,危险关系
寰亚电影发行（北京）有限公司,赤道
寰亚电影发行（北京）有限公司,不再说分手
寰亚综艺娱乐集团有限公司,云图
寰宇娱乐有限公司,危城
寰宇影片发行有限公司,梦游3D
寰宇影片发行有限公司,B+侦探
寰宇纵横世纪电影发行（北京）有限公司,通灵之六世古宅
寰宇纵横世纪电影发行（北京）有限公司,危城
寰宇纵横世纪电影发行（北京）有限公司,张震讲故事之合租屋
寰宇纵横世纪电影发行（北京）有限公司,恶人报喜
寰宇纵横世纪电影发行（北京）有限公司,可爱的你
寰宇纵横世纪电影发行（北京）有限公司,巴黎假期
尚众（上海）影视策划有限公司,初恋浅规则
山东奥卡新世纪电影院线有限公司,迷魂之密室逃脱
山东奥卡新世纪电影院线有限公司,桑榆街9号
山东电影制片厂,止杀令
山东省电影公司,北川重生
山东龙视天下传媒集团有限公司,U盘
山南光线影业有限公司,陪安东尼度过漫长岁月
山南光线影业有限公司,港
山南光线影业有限公司,左耳
山南光线影业有限公司,美人鱼
山水国际娱乐股份有限公司,挪威的森林
山海童蒙文化传媒有限公司,咒丝
山海童蒙文化传媒有限公司,止杀令
山海童蒙文化传媒有限公司,房车奇遇
山海童蒙文化传媒有限公司,最佳嫌疑人
山海童蒙文化传媒有限公司,渴望的青春
山西新晋界文化传播公司,对风说爱你
岩上映画文化传媒（北京）有限公司,过年好
峨眉电影集团,我的1000万
峨眉电影集团发行分公司,我的1000万
峨眉电影集团有限公司,临沧的诱惑
峨眉电影集团有限公司,阿里巴巴2所罗门封印
峨眉电影集团有限公司,古堡之吻
峨眉电影集团有限公司,我的1000万
峨眉电影集团有限公司,阿里巴巴所罗门封印
峨眉电影集团有限公司,非秀不可
工夫影业股份有限公司,少年班
工夫影业股份有限公司,火锅英雄
巨力影视传媒有限公司,白蛇传说
幕宝,激战运钞车
幻克影业,特功明星
幻克影业,糖果世界大冒险
幻克影业,81号农场之疯狂的麦咭
广东华之杰影视传播有限公司,孪生密码
广东华影南方电影院线有限公司,蔡李佛拳
广东华影南方电影院线有限公司,重来
广东国奥影业传媒有限公司,异种
广东大地电影院线有限公司,魔比斯环3D
广东大地电影院线有限公司,亲，别怕鬼宅凶灵
广东大地电影院线有限公司,一棵心中的许愿树
广东大地电影院线有限公司,何以笙箫默
广东大地电影院线有限公司,破风
广东大地电影院线有限公司,非狐外传
广东广视传媒有限公司,天各一方
广东新华展望传媒有限公司,麦兜・饭宝奇兵
广东N格传媒有限公司,超级保镖
广东明星创意动画有限公司,开心超人2启源星之战
广东珠江电影集团有限公司,不可思异
广东省电影发行公司,赛尔号之寻找凤凰神兽
广东金逸珠江电影院线有限公司,魔比斯环3D
广东金逸珠江电影院线有限公司,民的1911
广东金逸珠江电影院线有限公司,催眠大师
广东金逸珠江电影院线有限公司,嘿・店
广东金逸珠江电影院线有限公司,何以笙箫默
广东金逸珠江电影院线有限公司,孪生密码
广东雅信文化传播有限公司,一代宗师
广州佳码影视传媒有限公司,小蚂蚁之环球大冒险
广州南越影视制作有限公司,诺苏之鹰
广州周勇影视策划有限公司,孝女彩金
广州奥飞文化传播有限公司,铠甲勇士之雅塔莱斯
广州星伯乐文化传播有限公司,约定倒计时
广州星伯乐文化传播有限公司,真相禁区
广州星伯乐文化传播有限公司,灯塔下的恋人
广州星伯乐文化传播有限公司,没女神探
广州星伯乐文化传播有限公司,最佳嫌疑人
广州星伯乐文化传播有限公司,死亡邮件
广州星伯乐文化传播有限公司,怖偶
广州星伯乐文化传播有限公司,狙击时刻
广州星伯乐文化传播有限公司,我的老婆是明星
广州星伯乐文化传播有限公司,浪漫天降
广州海力动漫文化发展有限公司,小蚂蚁之环球大冒险
广州珠影雅年影业有限公司,魔比斯环3D
广州立兴文化传媒有限公司,小蚂蚁之环球大冒险
广州美亚华天下电影发行有限公司,孤岛惊魂
广州美亚华天下电影发行有限公司,浮城大亨
广州美亚华天下电影发行有限公司,夏日示爱
广州美亚华天下电影发行有限公司,隔窗有眼
广州美亚华天下电影发行有限公司,大武当之天地密码
广州美亚华天下电影发行有限公司,我爱HK开心万岁
广州美亚华天下电影发行有限公司,孤岛惊魂2
广州美亚华天下电影发行有限公司,百变爱人
广州美亚华天下电影发行有限公司,金太狼的幸福生活
广州美亚华天下电影发行有限公司,高海拔之恋2
广州美亚华天下电影发行有限公司,单身男女
广州美亚华天下电影发行有限公司,3D食人虫
广州美亚华天下电影发行有限公司,恶战
广州美亚华天下电影发行有限公司,林中小屋
广州美亚华天下电影发行有限公司,喜羊羊与灰太狼之兔年顶呱呱
广州美亚华天下电影发行有限公司,春娇与志明
广州美亚华天下电影发行有限公司,听风者
广州美亚华天下电影发行有限公司,竞雄女侠秋瑾
广州英明文化传播有限公司,通灵之六世古宅
广州金川文化有限公司,泰迪熊之玩具大战
广州金逸影视传媒股份有限公司,龟兔再跑
广州金逸影视传媒股份有限公司,我想和你好好的
广州金逸影视传媒股份有限公司,目击者
广州金逸影视传媒股份有限公司,与妻书
广州金逸影视传媒股份有限公司,HOLD住爱
广州金逸影视传媒股份有限公司,宫锁沉香
康斯坦丁影业公司,惊天战神
康斯坦丁影业公司,圆梦巨人
康斯坦丁影业公司,吹梦巨人
引力影视投资有限公司,有一个地方只有我们知道
引力影视投资有限公司,咱们结婚吧
引力影视投资有限公司,冰河追凶
引力影视投资有限公司,谜城
引力影视投资有限公司,匆匆那年
引力影视投资有限公司,痞子英雄：黎明升起
引力影视投资有限公司,无人区
影一制作所股份有限公司,谎言西西里
影时尚传媒,熊出没之夺宝熊兵
影时尚传媒,永不消失的广播
恒大影视发行有限公司,时光恋人
恒大影视发行有限公司,推拿
恒大影视发行有限公司,魔镜奇缘
恒大影视发行有限公司,美丽笨女人
恒大影视文化有限公司,破风
恒大影视策划公司,双城计中计
恒大影视策划公司,幸福迷途
恒大影视策划公司,查无此人
恒大院线管理有限公司,超级保镖
慕威时尚文化传播（北京）有限公司,爱・回家
成都电视台,喜酒
成都白屋文化传播有限公司,俐癜⒍
成都绽放文化传播有限公司,致我们终将到来的爱情
我们亚博思电影发行（北京）有限公司,整容日记
我们亚博思电影发行（北京）有限公司,中国合伙人
我们亚博思电影发行（北京）有限公司,甜蜜蜜
我们亚博思电影发行（北京）有限公司,亲爱的
我们亚博思电影发行（北京）有限公司,七月与安生
我们亚博思电影发行（北京）有限公司,武侠
指点影业（北京）有限公司,我的老婆是明星
指点影业（北京）有限公司,心迷宫
指点影业（北京）有限公司,土豪520
指点影业（北京）有限公司,南口1937
指点影业（北京）有限公司,灯塔下的恋人
指点影业（北京）有限公司,浪漫天降
捷成宏禧文化传播股份有限公司,长江图
新丽传媒股份有限公司,夏洛特烦恼
新丽传媒股份有限公司,杜拉拉追婚记
新丽传媒股份有限公司,道士下山
新丽传媒股份有限公司,101次求婚
新丽传媒股份有限公司,我的早更女友
新力量影视传媒（天津）有限公司,全民目击
新华展望传媒有限公司,麦兜当当伴我心
新华展望传媒有限公司,一路顺疯
新华展望传媒有限公司,新月魅影
新华展望传媒有限公司,麦兜・饭宝奇兵
新华展望传媒有限公司,夏日恋神马
新疆瀚龙影视有限公司,盗墓笔记
新疆维吾尔自治区电影发行放映公司,东北偏北
新疆维吾尔自治区电影发行放映公司,我的处女地
新疆维吾尔自治区电影发行放映公司,魔比斯环3D
新疆自治区电影发行放映公司,光荣使命
新经典娱乐传媒集团,年少轻狂
无锡市淘宝影视文化传播有限公司,北京遇上西雅图之不二情书
无锡旗开得胜影视有限公司,一步之遥
日本东京剧场株式会社,罪恶赎金
星乐伟业（北京）文化传播有限公司,摩登森林之美食总动员
星乐伟业（北京）文化传播有限公司,张震讲故事之鬼迷心窍
星光联盟影业无锡有限公司,灯塔下的恋人
星光联盟影业无锡有限公司,没女神探
星光联盟影业无锡有限公司,我的老婆是明星
星光联盟影业（北京）有限公司,潜龙风云
星光联盟文化发展（北京）有限公司,暗恋99天
星光联盟文化发展（北京）有限公司,热爱岛
星光联盟文化发展（北京）有限公司,冲锋战警
星汇天姬（北京）影视传媒有限公司,不可思异
星汇天姬（北京）影视传媒有限公司,诡爱
星汇天姬（北京）电影投资有限公司,热浪球爱战
星汇天姬（北京）电影投资有限公司,绣花鞋
星汇天姬（北京）电影投资有限公司,关云长
星皓影业有限公司,泡沫之夏
星空大地（北京）影视文化发展有限公司,大武生
星美(北京)影业有限公司,武侠
星美(北京)影业有限公司,你是哪里人
星美(北京)影业有限公司,中国合伙人
星美(北京)影业有限公司,回到爱开始的地方
星美(北京)影业有限公司,三十七
星美(北京)影业有限公司,爱情不NG
星美(北京)影业有限公司,翻滚吧！阿信
星美(北京)影业有限公司,晚秋
星美(北京)影业有限公司,摩尔庄园2之海妖宝藏
星美(北京)影业有限公司,美人鱼
星美(北京)影业有限公司,血滴子
星美(北京)影业有限公司,王的盛宴
星美(北京)影业有限公司,亲爱的
星美(北京)影业有限公司,神奇侠侣
星美(北京)影业有限公司,新天生一对
星美(北京)影业有限公司,黄金时代
星美(北京)影业有限公司,完美超越
星美(北京)影业有限公司,美男记
星美(北京)影业有限公司,大明劫
星美(北京)影业有限公司,地下室惊魂
星美(北京)影业有限公司,再见巨人
星美(北京)影业有限公司,玛德2号
星美(北京)影业有限公司,最爱
星美传媒集团有限公司,杀生
星美影业有限公司,使徒行者
星美影业有限公司,约定倒计时
星美影业有限公司,摇滚英雄
映代码（北京）文化传媒有限公司,紫霞
春秋永乐影视文化投资（北京）有限公司,火锅英雄
春秋永乐影视文化投资（北京）有限公司,情敌蜜月
春秋永乐影视文化投资（北京）有限公司,一刻十年
春秋永乐影视文化投资（北京）有限公司,一路向前
春秋永乐影视文化投资（北京）有限公司,师父
智慧工场（北京）文化传媒有限公司,爱拼北京
木兰花影业,海浪
杭州今古时代电影制作有限公司,初恋浅规则
杭州嘉文影视策划有限公司,初恋浅规则
杭州寰耀影视文化传媒有限公司,圣诞大赢家
杭州寰耀影视文化传媒有限公司,夺命旅行
杭州寰耀影视文化传媒有限公司,爱在深秋
杭州寰耀影视文化传媒有限公司,购物女王
杭州寰耀影视文化传媒有限公司,全能灏
杭州寰耀影视文化传媒有限公司,白雪公主之神秘爸爸
杭州明朗影视制作有限公司,我与拉拉
杭州果麦文化传媒有限公司,万物生长
杭州梁杰文化创意工作室,地下室惊魂
杭州诗情画意文化传媒有限公司,兰亭
杭州辉煌文化传媒有限公司,雏鸟的天空
杭州辉煌文化传播有限公司,雏鸟的天空
极客影业（上海）有限公司,七月与安生
枫海传媒,蒸发太平洋
枫海传媒,北京时间
枫海传媒,有种你爱我
枫海影业有限公司,超能太阳鸭
枫海科技,超能太阳鸭
格瓦拉电影,陆知马俐
格瓦拉电影,神秘世界历险记3
梦影时光（北京）文化传媒有限公司,零点杀机
横店集团,新妈妈再爱我一次
欢乐传媒集团有限公司,无价之宝
欢乐电影（上海）有限公司,大武生
欢乐电影（上海）有限公司,情谜
欢瑞世纪影视传媒股份有限公司,跑出一片天
欧罗巴电影公司,勇士之门
武汉天河影业有限公司,风云1927
武汉天河影业有限公司,闯堂兔2疯狂马戏团
武汉天河影业有限公司,魔镜奇缘
武汉天河影业有限公司,阿里巴巴大盗奇兵
武汉天河影业有限公司,万箭穿心
武汉泓河院线投资有限公司,死亡邮件
比高集团有限公司,美人鱼
水母互动（天津）科技有限公司,37次想你
永乐影业,长江7号：超萌特攻队
永乐影业,将错就错
永乐影业,兔侠之青黎传说
永康枫海影业有限公司,超能太阳鸭
江苏东方影业有限责任公司,秋之白华
江苏东方影业有限责任公司,迷魂之密室逃脱
江苏东方影视文化传播有限公司,一号目标
江苏众道影业投资有限公司,大明劫
江苏安石英纳影业有限公司,魔镜
江苏安石英纳影业有限公司,天眼传奇
江苏安石英纳电影发行有限公司,浪漫天降
江苏安石英纳电影发行有限公司,爱情麻辣烫之情定终身
江苏安石英纳电影发行有限公司,西游记之孙悟空三打白骨精
江苏幸福蓝海影业有限责任公司,白日焰火
江苏幸福蓝海影院发展有限责任公司,假装情侣
江苏幸福蓝海院线有限责任公司,迷魂之密室逃脱
江苏幸福蓝海院线有限责任公司,步步追魂
江苏幸福蓝海院线有限责任公司,钢琴木马
江苏幸福蓝海院线有限责任公司,百变爱人
江苏幸福蓝海院线有限责任公司,催眠大师
江苏幸福蓝海院线有限责任公司,谁说我们不会爱
江苏幸福蓝海院线有限责任公司,闯堂兔2疯狂马戏团
江苏幸福蓝海院线有限责任公司,土豪520
江苏文化产业集团,青魇
江西在线影视传播有限公司,天各一方
沈阳秦汉影视制作发行有限公司,回乡逗儿
河北同华影视文化传媒有限公司,守梦者
河北影视集团有限公司,天河
河北波仔文化传播有限公司,返乡
河北波仔文化传播有限公司,再生之乐
河北领头羊影视传媒有限公司,斗地主
河北领头羊影视传媒有限公司,借你俩胆
河南奥斯卡院线有限责任公司,自古英雄出少年之岳飞
河南奥斯卡院线有限责任公司,阿里巴巴大盗奇兵
河南奥斯卡院线有限责任公司,有一种爱叫做放手
河南奥斯卡院线有限责任公司,达人也疯狂
河南奥斯卡院线有限责任公司,魔镜奇缘
河南奥斯卡院线有限责任公司,天河
河南奥斯卡院线有限责任公司,我不是王毛
河南奥斯卡院线有限责任公司,给你一千万
河南封门村文化传播有限公司,刻在石磨上的勋章
河南影视集团,永远的焦裕禄
河南独立文化传播有限公司,正果
河南电影制片厂,侠僧探案传奇之大夜叉
河南电影电视制作集团影视发行有限公司,食人岛
河南省亚邦文化传播有限公司,夺樽
河南约克动漫影视股份有限公司,兔子镇的火狐狸
河南视界文化传媒有限公司,零点杀机
河南郑州冰点奥斯卡院线广告有限公司,乡村不寂寞
法国欧罗巴电影公司,勇士之门
泰吉世纪（北京）文化传播有限公司,倩女幽魂
泰州众道影视文化发展有限公司,大明劫
洲立影片发行（香港）有限公司,吉星高照2015
洲立影片发行（香港）有限公司,哆啦A梦：伴我同行
派拉蒙优势,变形金刚3
派拉蒙影业公司,功夫熊猫2
派拉蒙影业公司,马达加斯加3
派拉蒙影业公司,守护者联盟
派拉蒙影业公司,星际穿越
派拉蒙影业公司,星际迷航3：超越星辰
派拉蒙影业公司,碟中谍5：神秘国度
派拉蒙影业公司,变形金刚3
派拉蒙影业公司,忍者神龟2：破影而出
派拉蒙影业公司,美国队长
派拉蒙影业公司,雷神
派拉蒙影业公司,海绵宝宝
派拉蒙影业公司,碟中谍4
派拉蒙影业公司,宾虚
派拉蒙影业公司,忍者神龟：变种时代
派拉蒙影业公司,终结者：创世纪
派拉蒙影业公司,侠探杰克
派格太合环球传媒,天机・富春山居图
浙江东阳四月天影视文化有限公司,白狐
浙江东阳四月天影视文化有限公司,夜半哭声
浙江东阳四月天影视文化有限公司,白雪公主和三只小猪
浙江东阳四月天影视文化有限公司,荒村凶间
浙江东阳四月天影视文化有限公司,荒村怨灵
浙江东阳四月天影视文化有限公司,诡娃娃
浙江东阳四月天影视文化有限公司,非你勿扰
浙江东阳四月天影视文化有限公司,半夜叫你别回头
浙江东阳四月天影视文化有限公司,缘来是游戏
浙江东阳四月天影视文化有限公司,爱我就陪我看电影
浙江东阳四月天影视文化有限公司,床下有人3
浙江东阳四月天影视文化有限公司,猫脸老太太
浙江东阳四月天影视文化有限公司,床下有人2
浙江东阳四月天影视文化有限公司,枕边诡影
浙江东阳四月天影视文化有限公司,筷仙
浙江东阳四月天影视文化有限公司,笔仙撞碟仙
浙江东阳四月天影视文化有限公司,恐怖游泳馆
浙江东阳四月天影视文化有限公司,夜半梳头
浙江东阳四月天影视文化有限公司,半夜不要照镜子
浙江东阳四月天影视文化有限公司,恐怖电影院
浙江东阳四月天影视文化有限公司,笔仙诡影
浙江华策影视股份有限公司,女汉子真爱公式
浙江博瑞影视制作有限公司,爸爸的木房子
浙江博纳影视制作有限公司,临终迨
浙江博纳影视制作有限公司,天河
浙江博纳影视制作有限公司,桃姐
浙江博纳影视制作有限公司,开罗宣言
浙江天猫技术有限公司,钢刀
浙江天鹏传媒有限公司,竞雄女侠秋瑾
浙江宁王天成影业有限公司,小魔仙之黑魔法来袭
浙江强视传媒股份有限公司,别有动机
浙江新长城动漫有限公司,咕噜咕噜美人鱼
浙江时代电影大世界有限公司,魔幻仙踪
浙江时代电影大世界有限公司,天眼传奇
浙江时代电影大世界有限公司,昆塔・盒子总动员
浙江时代电影大世界有限公司,百变爱人
浙江星光电影院线有限公司,阿里巴巴大盗奇兵
浙江星光电影院线有限公司,魔幻仙踪
浙江星光电影院线有限公司,天眼传奇
浙江星光电影院线有限公司,魔镜奇缘
浙江星光电影院线有限公司,闯堂兔2疯狂马戏团
浙江星光电影院线有限公司,亲，别怕鬼宅凶灵
浙江星光电影院线有限公司,昆塔・盒子总动员
浙江本真影视发行有限公司,迷与狂
浙江横店影视制作有限公司,西游记之大圣归来
浙江横店影视制作有限公司,搞定岳父大人
浙江横店影视制作有限公司,幸福卡片
浙江横店影视娱乐有限公司,遍地狼烟
浙江横店电影发行有限公司,约定倒计时
浙江横店电影发行有限公司,谁说我们不会爱
浙江横店电影发行有限公司,我想和你好好的
浙江横店电影发行有限公司,我爱灰太狼2
浙江横店电影发行有限公司,有种你爱我
浙江横店电影发行有限公司,制服
浙江横店电影发行有限公司,宫锁沉香
浙江横店电影院线有限公司,魔比斯环3D
浙江横店电影院线有限公司,催眠大师
浙江横店电影院线有限公司,亲，别怕鬼宅凶灵
浙江横店电影院线有限公司,昆塔・盒子总动员
浙江王马影视传媒有限公司,不朽的时光
浙江艺能传媒股份有限公司,双生灵
浙江艺能传媒股份有限公司,爱拼北京
浙江艺能传媒股份有限公司,超越那一天
浩坤影视文化传媒北京有限公司,看见我和你
海南七宏佳艺文化传媒有限公司,毕业那年分手季
海南传奇影业有限公司,猎仇者
海南传奇影业有限公司,石器时代之百万大侦探
海南传奇影业有限公司,午夜微博
海南传奇影业有限公司,蝙蝠别墅
海宁壹线影视文化有限公司,陆知马俐
海宁蔓投文化传媒有限公司,雨夜惊魂
海宁蔓投文化传媒有限公司,诡劫
海宁银润影业有限公司,女神跟我走
海宁银润影业有限公司,蜜月酒店杀人事件
海秀传媒(天津)有限公司,红色警戒999
海莱坞影视传媒（深圳）有限公司,当流星划过天际
海莱坞影视传媒（深圳）有限公司,当流星划过天际
海莱坞影视发展有限公司,当流星划过天际
海莹鼎盛影视文化发展（北京）有限公司,我很帅
淄博齐纳影业投资有限公司,奥拉星：进击圣殿
淄博齐纳影业投资有限公司,猪猪侠之终极决战
淘宝电影,第三种爱情
淘宝电影,谁的青春不迷茫
淘宝电影,寻龙诀
淘宝电影,恋爱中的城市
淘宝电影,有一个地方只有我们知道
淘票票,追凶者也
淘票票,神秘世界历险记3
淘票票,谁的青春不迷茫
淘票票,赏金猎人
淘票票,麦兜・饭宝奇兵
淘票票,女汉子真爱公式
深圳二十一世纪威克影视传媒有限公司,北京・纽约
深圳二十一世纪威克影视传媒有限公司,擦枪走火
深圳前海泰东文化传媒有限公司,火云端
深圳华强数字动漫有限公司,熊出没之雪岭熊风
深圳华强数字动漫有限公司,熊出没之熊心归来
深圳同盈股权投资基金管理有限公司,708090之深圳恋歌
深圳善为影业股份有限公司,夺命旅行
深圳善为影业股份有限公司,皇帝的新装之圣诞大明星
深圳善为影业股份有限公司,时间都去哪了
深圳善为影业股份有限公司,冰河追凶
深圳善为影业股份有限公司,新木偶奇遇记
深圳善为影业股份有限公司,非同小可
深圳善为影业股份有限公司,判我有罪
深圳善为影业股份有限公司,为爱放手
深圳大盛国际传媒有限公司,小时代：青木时代
深圳大盛国际传媒有限公司,钱学森
深圳市世纪领军影业投资有限公司,谁说我们不会爱
深圳市九州大观文化传媒公司,对风说爱你
深圳市前海小蚂蚁文化传媒有限公司,小蚂蚁之环球大冒险
深圳市华夏动漫科技有限公司,藏羚王之雪域精灵
深圳市大方影逸科技有限公司,诡镇
深圳市大方影逸科技有限公司,怖偶
深圳市大方影逸科技有限公司,死亡邮件
深圳市天宇星影视文化有限公司,藏羚王之雪域精灵
深圳市奥琪文体策划有限公司北京分公司,越位者
深圳市悦幕影业文化传媒有限公司,火云端
深圳市新原野娱乐传媒有限公司,守望者：罪恶迷途
深圳市深影橙天院线有限公司,电商时代
深圳市环球数码影视文化有限公司,潜艇总动员之时光宝盒
深圳市环球数码影视文化有限公司,潜艇总动员4：章鱼奇遇记
深圳市环球数码影视文化有限公司,魔比斯环3D
深圳市环球数码影视文化有限公司,三小强
深圳市电影发行放映公司,电商时代
深圳市电影发行放映公司,我爸比我小四岁
深圳市百慧影业传媒股份有限公司,双生灵
深圳市莱科文化科技有限公司,母亲的梦想
深圳市莱科文化科技有限公司,青春时光
深圳泽西年代影业有限公司,笔仙惊魂3
深圳美迅嘉润影业投资有限公司,深夜前的五分钟
深圳美迅嘉润影业投资有限公司,古镇凶灵之巫咒缠身
深圳腾讯计算机系统有限公司,洛克王国！圣龙骑士
深圳金蔷薇电影发行有限公司,雨夜惊魂
深圳金蔷薇电影发行有限公司,午夜寻访录
深圳金蔷薇电影发行有限公司,情花谷
深圳金蔷薇电影发行有限公司,鹰笛・雪莲
深圳马语者文化传播有限公司,火云端
温州雁荡电影院线有限公司,天眼传奇
温州雁荡电影院线有限公司,一个温州的女人
温州雁荡电影院线有限公司,昆塔・盒子总动员
温州雁荡电影院线有限公司,迷魂之密室逃脱
湖北银兴院线影业有限责任公司,迷魂之密室逃脱
湖北银兴院线影业有限责任公司,天河
湖北银兴院线影业有限责任公司,风云1927
湖北银兴院线影业有限责任公司,闯堂兔2疯狂马戏团
湖北银兴院线影业有限责任公司,魔镜奇缘
湖北银兴院线影业有限责任公司,民的1911
湖北银兴院线影业有限责任公司,万箭穿心
湖北长江电影集团有限责任公司,魔比斯环3D
湖南华翼星文化影视传媒,百万爱情宝贝
湖南卫视芒果影业,老警
湖南天娱影视制作有限公司,赛尔号之寻找凤凰神兽
湖南楚人传媒有限公司,少年毛泽东
湖南潇影第二影业有限公司,受降前夕
湖南飞尔蒙影业传媒有限公司,国宝疑云
潇湘众合电影发行公司,湘江北去
澳洲极光影业公司,兔侠之青黎传说
火传媒（上海）互联网科技有限公司,叶问3
火山石（北京）影视文化有限公司,光的棍
火山石（北京）影视文化有限公司,时间都去哪了
火山石（北京）影视文化有限公司,死亡邮件
火山石（北京）影视文化有限公司,怖偶
火山石（北京）影视文化有限公司,钢铁，是这样炼成的
焦作晶彩电影制作有限公司,紫霞
焦作晶彩电影制作有限公司,一夜危机
焦点电影公司,黑海夺金
焦点电影公司,伦敦陷落
焦点电影公司,幻体：续命游戏
焦点电影公司,迷踪：第九鹰团
焦点电影公司,心在彼处
焦点电影公司,巴黎危机
爱奇艺影业（北京）有限公司,魔法老师
爱奇艺影业（北京）有限公司,妖医
爱奇艺影业（北京）有限公司,泰国妖医
爱奇艺影业（北京）有限公司,龙拳小子
爱奇艺影业（北京）有限公司,三人行
爱奇艺影业（北京）有限公司,拳霸风云
爱奇艺影业（北京）有限公司,分手再说我爱你
爱奇艺影业（北京）有限公司,十月初五的月光
爱奇艺影业（北京）有限公司,破风
爱奇艺影业（北京）有限公司,极限挑战之皇家宝藏
爱奇艺影业（北京）有限公司,怦然星动
爱奇艺影业（北京）有限公司,舌尖上的新年
爱微笑文化传媒（北京）有限公司,亲，别怕鬼宅凶灵
爱微笑文化传媒（北京）有限公司,太空熊猫英雄归来
爱微笑文化传媒（北京）有限公司,记忆碎片
爱微笑文化传媒（北京）有限公司,兔子镇的火狐狸
爱微笑文化传媒（北京）有限公司,我们毕业的夏天
爱微笑文化传媒（北京）有限公司,山花烂漫时
爱微笑文化传媒（北京）有限公司,最佳嫌疑人
狮门娱乐公司,深海浩劫
狮门娱乐公司,极盗者
狮门影业,机械师2：复活
狮门影业,深海浩劫
狮门影业,废柴特工
狮门影业,神战：权力之眼
狮门影业公司,废柴特工
狮门影业公司,特警判官
狮门影业公司,林肯律师
狮门影业公司,饥饿游戏
狮门影业公司,丛林有情狼
狮门影业公司,在劫难逃
狮门影业公司,王者之剑3D
狮门影业公司,贵族大盗
狮门影业公司,神战：权力之眼
狮门影业公司,机械师2：复活
狮门影业公司,深海浩劫
狮门影业公司,整编特工
狮鼠文化传媒（北京）有限公司,神剑传奇
环球影业,魔兽
环球影业,云中行走
环球影业,爱宠大机密
环球影业,猎神：冬日之战
环球影业,谍影重重5
环球影业公司,超级战舰
环球影业公司,像素大战
环球影业公司,惊天战神
环球影业公司,碟中谍5：神秘国度
环球影业公司,小黄人大眼萌
环球影业公司,速度与激情5
环球影业公司,谍影重重5
环球影业公司,007：幽灵党
环球影业公司,源代码
环球影业公司,云中行走
环球影业公司,猎神：冬日之战
环球影业公司,忍者神龟：变种时代
环球影业公司,侏罗纪公园3D
环球影业公司,老雷斯的故事
环球影业公司,夺命深渊
环球影业公司,侏罗纪世界
环球影业公司,爱宠大机密
环球影业公司,魔兽
环球影业公司,天际浩劫
环球影业公司,绝命海拔
环球影业公司,谍影重重4
环球影业公司,终结者：创世纪
环球影业公司,地心引力
环球影业公司,梦宅诡影
环球影片公司,超能查派
环球影片公司,碟中谍5：神秘国度
环球联影影视文化（北京）有限公司,冬
珠江影业传媒股份有限公司,辛巴达历险记2013
珠江影业传媒股份有限公司,致命替身
珠江影业传媒股份有限公司,爱在星空下
珠江影业传媒股份有限公司,神兽金刚之青龙再现
珠江影业传媒股份有限公司,宫锁沉香
珠江影业传媒股份有限公司,聪明的一休之反斗公主
珠江影业传媒股份有限公司,一念天堂
珠江影业传媒股份有限公司,百变爱人
珠江影业传媒股份有限公司,喜羊羊与灰太狼之开心闯龙年
珠江影业传媒股份有限公司,遍地狼烟
珠江影业传媒股份有限公司,黄克功案件
珠江影业传媒股份有限公司,金箍棒传奇2
珠江影业传媒股份有限公司,我爱灰太狼2
珠江影业传媒股份有限公司,猛龙特
珠江影业传媒股份有限公司,熊出没之雪岭熊风
珠江影业传媒股份有限公司,有种你爱我
珠江影业传媒股份有限公司,非狐外传
珠江影业传媒股份有限公司,喜羊羊与灰太狼之喜气羊羊过蛇年
珠江影业传媒股份有限公司,金箍棒传奇
珠江影业传媒股份有限公司,让熊猫飞
珠江影业传媒股份有限公司,恶人报喜
珠江影业传媒股份有限公司,熊出没之熊心归来
珠江影业传媒股份有限公司,麦兜我和我妈妈
珠江影业传媒股份有限公司,3D食人虫
珠江影业传媒股份有限公司,我爱灰太狼
珠江影业传媒股份有限公司,圣龙奇兵大冒险
珠江影业传媒股份有限公司,恋爱中的城市
珠江影业传媒股份有限公司,吉星高照2015
珠江影业传媒股份有限公司,影子爱人
珠江影业传媒股份有限公司,地域无门
珠江影业传媒股份有限公司,麦兜当当伴我心
珠江影业传媒股份有限公司,熊出没之夺宝熊兵
珠江影业传媒股份有限公司,华丽之后
珠江影业传媒股份有限公司,黑猫警长之翡翠之星
珠江影业传媒股份有限公司,大峰祖师
珠江影业传媒股份有限公司,我想结婚的时候你在哪
珠江影业传媒股份有限公司,猪猪侠之勇闯巨人岛
珠江影业传媒股份有限公司,宝岛双雄
珠江影业传媒股份有限公司,奥拉星：进击圣殿
珠江影业传媒股份有限公司,谁说我们不会爱
珠江影业传媒股份有限公司,麦兜・我和我妈妈
珠江影业传媒股份有限公司,谜城
珠江影业传媒股份有限公司,月光恋
珠江影业传媒股份有限公司,猪猪侠之逦；
珠江影业传媒股份有限公司,猪猪侠之终极决战
珠江影业传媒股份有限公司,夜孔雀
珠江影业传媒股份有限公司,宝贝女儿好妈妈之吃记忆的大雪球
珠江影业传媒股份有限公司,洛克王国3：圣龙的守护
珠江影业传媒股份有限公司,可爱的你
珠江影业传媒股份有限公司,时光恋人
珠江电影集团有限公司,启功
珠江电影集团有限公司,一路狂奔
珠江电影集团有限公司,英雄喋血
珠江电影集团有限公司,亲爱
珠江电影集团有限公司,天生爱情狂
珠海山中木文化传播有限公司,青涩日记
琥珀工场文化传媒（北京）有限公司,地域无门
电广传媒影业(北京)有限公司,假装情侣
电广传媒影业(北京)有限公司,被偷走的那五年
电广传媒影业(北京)有限公司,全民目击
电广传媒影业(北京)有限公司,恐龙宝贝
电广传媒影业(北京)有限公司,倭寇的踪迹
电广传媒影业(北京)有限公司,大人物
电广传媒影业(北京)有限公司,止杀令
电广传媒影业(北京)有限公司,花漾
电广传媒影业(北京)有限公司,战国
电影国度娱乐公司,幻体：续命游戏
百度在线网络技术（北京）有限公司,西游记之孙悟空三打白骨精
百度在线网络技术（北京）有限公司,恭喜发财之谈钱说爱
百度在线网络技术（北京）有限公司,天亮之前
百度在线网络技术（北京）有限公司,六弄咖啡馆
百度在线网络技术（北京）有限公司,寒战2
百老汇院线,星星的孩子
祖恩影视文化传媒（北京）有限公司,换爱七日
神画制作有限公司,一夜危机
福克斯探照灯公司,雪花秘扇
福建恒业影业有限公司,凶间雪山
福建恒业影业有限公司,诡八楼
福建恒业影业有限公司,稍安勿躁
福建恒业影业有限公司,闺蜜
福建恒业影业有限公司,梦想合伙人
福建恒业影业有限公司,擒爱记
福建恒业影业有限公司,三更车库
福建恒业影业有限公司,京城81号
福建恒业影业有限公司,B区32号
福建恒业影业有限公司,紫宅
福建恒业影业有限公司,年少轻狂
福建恒业影业有限公司,夜店诡谈
福建恒业影业有限公司,致命请柬
福建恒业影业有限公司,大野狼和小绵羊的爱情
福建恒业影业有限公司,破风
福建恒业影业有限公司,天亮之前
福建恒业影业有限公司,冷瞳
福建恒业影业有限公司,超级保镖
福建恒业影业有限公司,守株人
福建恒业影业有限公司,战狼
福建恒业影业有限公司,变身男女
福建恒业影业有限公司,惊魂游戏
福建恒业影业有限公司,荒岛情未了
福建恒业影业有限公司,床下有人
福建恒业影业有限公司,杀手欧阳盆栽
福建恒业影业有限公司,狂奔蚂蚁
福建恒业影业有限公司,美人鱼之海盗来袭
福建恒业影业有限公司,为你而来
福建恒业影业有限公司,神探驾到
福建恒业影业有限公司,索马里真相
福建恒业影业有限公司,男得有爱
福建恒业影业有限公司,永春白鹤拳之擎天画卷
福建恒业影业有限公司,街头之王
福建恒业影业有限公司,宅男总动员
福建恒业影业有限公司,宅女侦探桂香
福建恒业影业有限公司,夏有乔木 雅望天堂
福建恒业影业有限公司,既然青春留不住
福建恒业影业有限公司,倾城之泪
福建恒业影业有限公司,201413
福建恒业影业有限公司,绣花鞋
福建恒业影业有限公司,男人如衣服
福建恒业影业有限公司,蔡李佛-极限拳速
福建恒业影业有限公司,恐怖旅馆
福建恒业影业有限公司,天生不对
福建恒业影业有限公司,王牌
福建恒业影业有限公司,被偷走的那五年
福建恒业影业有限公司,消失爱人
福建恒业影业有限公司,我11
福建恒业影业有限公司,死亡迷局
福建恒业影业有限公司,反转星球
福建恒业影业有限公司,枕边有张脸
福建恒业影业有限公司,像小强一样活着
福建恒业影业有限公司,昆塔2・反转星球
福建神画时代数码动画有限公司,猿创世界之熊孩子部落
福恩娱乐,西游记之大圣归来
禾木恩泽文化传媒(北京）有限公司,鹰笛・雪莲
禾木恩泽文化传媒(北京）有限公司,国宝疑云
禾木恩泽文化传媒(北京）有限公司,我想结婚的时候你在哪
禾木恩泽文化传媒(北京）有限公司,章鱼哥
禾木恩泽文化传媒(北京）有限公司,半熟少女
禾木恩泽文化传媒(北京）有限公司,午夜寻访录
禾木恩泽文化传媒(北京）有限公司,魔比斯环3D
禾木恩泽文化传媒(北京）有限公司,再见我们的十年
稻草家族（北京）影业投资有限公司,肩上蝶
童话部落影视文化传媒（北京）有限公司,碟仙诡谭
米拉麦克斯,一夜迷情
米高梅电影公司,机械战警
米高梅电影公司,霍比特人1：意外旅程
米高梅电影公司,霍比特人：史矛革之战
索宝（北京）国际影业投资有限公司,诡劫
索尼发行公司,激战运钞车
索尼发行公司,像素大战
索尼发行公司,007：幽灵党
索尼发行公司,洛杉矶之战
索尼发行公司,青蜂侠
索尼发行公司,精灵旅社2
索尼发行公司,超能查派
索尼发行公司,云中行走
索尼发行公司,驱魔者
索尼发行公司,丁丁历险记
索尼发行公司,神奇海盗团
索尼发行公司,超能敢死队
索尼发行公司,蓝精灵
索尼发行公司,超凡蜘蛛侠
索尼发行公司,精灵旅社
索尼发行公司,美人鱼
索尼发行公司,愤怒的小鸟
索尼发行公司,愤怒的小鸟大电影
索尼发行公司,鲨滩
索尼电影娱乐公司,超能查派
索尼电影娱乐公司,超凡蜘蛛侠
紫岚德纳影视文化传媒（北京）有限公司,门巴将军
红思路电影发行工作室,受降前夕
红色树林文化传媒（北京）有限公司,全城高考
绍兴盛夏影视文化投资有限公司,地下室惊魂
维乐享电影文化（北京）有限公司,雨夜惊魂
维乐享电影文化（北京）有限公司,兔子镇的火狐狸
罗格影业,白雪公主之魔镜魔镜
美亚传媒,猪猪侠之终极决战
美亚娱乐资讯集团有限公司,竞雄女侠秋瑾
美亚娱乐资讯集团有限公司,单身男女
美亚长城传媒（北京）有限公司,恶战
美亚长城传媒（北京）有限公司,奥拉星：进击圣殿
美亚长城传媒（北京）有限公司,猛龙特
美亚长城传媒（北京）有限公司,夏日示爱
美国华纳兄弟影片公司,地心营救
美国华纳兄弟影片公司,魔兽
美国梦工厂影片公司,守护者联盟
美国梦工厂影片公司,丁丁历险记
美感（上海）文化传媒有限公司,禁忌游戏之迷藏
美感（上海）文化传媒有限公司,边区造
美霖资本,真相禁区
耀莱影视文化传媒有限公司,何以笙箫默
耀莱影视文化传媒有限公司,谁动了我的梦想
耀莱影视文化传媒有限公司,天将雄师
联瑞(上海)影业有限公司,追凶者也
联瑞(上海)影业有限公司,微微一笑很倾城
聚众云禾（深圳）文化传媒有限公司,谎言大爆炸
肇庆天艺文化传媒有限公司,东莞女孩
艺东方影视创意工场,飞鱼秀
艺林天下北京文化传播有限公司,看见我和你
芭乐互动（北京）文化传媒有限公司,片警妈妈
苏州华闻糖心动漫投资有限责任公司,麦兜・饭宝奇兵
英皇电影,寄生兽
英皇电影发行（北京）有限公司,救火英雄
英皇电影发行（北京）有限公司,请叫我英雄
英皇电影发行（北京）有限公司,消失的子弹
英皇电影发行（北京）有限公司,一生一世
英皇电影发行（北京）有限公司,岁月无声
英皇电影发行（北京）有限公司,一个人的武林
英皇电影发行（北京）有限公司,幸运是我
英皇电影发行（北京）有限公司,爱在深秋
英皇电影发行（北京）有限公司,破风
英皇电影发行（北京）有限公司,冲锋车
英皇电影有限公司,寄生兽
英皇电影有限公司,幸运是我
英皇电影有限公司,谎言西西里
英皇电影（香港）有限公司,谎言西西里
茅迪影视文化有限公司,甜心巧克力
荣诚国际文化传媒（北京）有限公司,止杀令
荣诚国际文化传媒（北京）有限公司,疯狂的蠢贼
荣诚国际文化传媒（北京）有限公司,模特魅影
荣诚国际文化传媒（北京）有限公司,谎言大爆炸
蒸腾影业（北京）有限公司,党的女儿尹灵芝
m发行团队,饭局也疯狂
m发行团队,战国
m发行团队,十二公民
m发行团队,双城计中计
m发行团队,北漂鱼
m发行团队,大人物
m发行团队,金陵十三钗
m发行团队,无底洞
m发行团队,跑出一片天
m发行团队,摇滚英雄
m发行团队,约定倒计时
m发行团队,爱神
m发行团队,宝岛双雄
m发行团队,浮城大亨
m发行团队,疯狂的导演
m发行团队,好命先生
m发行团队,帝国秘符
m发行团队,时光恋人
m发行团队,一个温州的女人
m发行团队,心跳戈壁
m发行团队,关云长
m发行团队,恐龙宝贝
m发行团队,花咒
m发行团队,假装情侣
m发行团队,功夫战斗机
m发行团队,盗剑72小时
西安幻象影视文化有限公司,禁忌游戏之迷藏
西安曲江影视投资集团有限公司,新大头儿子和小头爸爸2一日成才
西安曲江影视集团,新大头儿子和小头爸爸2一日成才
西安银都电影发行有限公司,风暴
试金石影片,关键第四号
象山枫海传媒科技有限公司,不朽的时光
象山枫海传媒科技有限公司,最佳嫌疑人
贵州盛世华映传媒有限公司,剑河
辽宁中影北方电影院线有限责任公司,闯堂兔2疯狂马戏团
辽宁中影北方电影院线有限责任公司,Hi，高考君
辽宁中影北方电影院线有限责任公司,迷魂之密室逃脱
辽宁中影北方电影院线有限责任公司,我不是王毛
辽宁中影北方电影院线有限责任公司,我是狼之火龙山大冒险
辽宁中影北方电影院线有限责任公司,魔镜奇缘
辽宁中影北方电影院线有限责任公司,奥拉星：进击圣殿
迅雷看看,死亡邮件
重庆保利万和院线,情敌蜜月
重庆保利万和院线,魔镜奇缘
重庆保利万和院线,西游记之孙悟空三打白骨精
重庆保利万和院线,阿里巴巴大盗奇兵
重庆保利万和院线,闯堂兔2疯狂马戏团
重庆保利万和院线,太空熊猫总动员
重庆保利万和院线,我爱灰太狼2
重庆保利万和院线,爵迹
重庆保利万和院线,百变爱人
重庆保利万和院线,将离草
重庆嘉创影视传媒有限公司,渴望的青春
重庆嘉裕影业传媒有限公司,青春.com
重庆电影集团有限公司,爸爸的晚餐
重庆蓝海世纪影业有限公司,璀璨的婚礼
重庆蓝海世纪影业有限公司,分手木马计
重庆蓝海世纪影业有限公司,我们毕业的夏天
重庆蓝海世纪影业有限公司,最佳嫌疑人
重庆越界国际影院投资股份有限公司,超级保镖
重庆鼎盛影业公司,青春.com
重庆鼎盛影业公司,渴望的青春
金亿乾坤电影发行有限公司,布基兰
金亿乾坤电影发行有限公司,自我救赎
鑫岳影业,诡镇
鑫岳影业,光的棍
鑫岳影业,少女哪吒
鑫岳影业,索命暹罗之按摩师
鑫岳影业,喜剧王
鑫岳影业,怖偶
鑫岳影业,死亡邮件
鑫岳影业,谎言大爆炸
鑫岳影业,恐怖禁忌之红旗袍
鑫岳影业,人皮拼图
鑫岳影业,诡娃
鑫岳影业,诡替身
鑫岳影业,诡新娘
鑫岳影业,封门诡影
鑫艺盛世国际影音文化传媒（北京）有限公司,请叫我英雄
钱冠金融信息服务（上海）有限公司,男人不可以穷
银都机构（广州）影视文化有限公司,刺客聂隐娘
银都电影发行有限公司,控制
银都电影发行有限公司,大追捕
银都电影发行有限公司,寒战
银都电影发行有限公司,逆光飞翔
银都电影发行有限公司,一代宗师
镭射发行,赤焰战场
长影集团有限责任公司,大太阳
长影集团译制制作有限责任公司,巴霍巴利王：开端
长影集团译制制作有限责任公司,泰山归来：险战丛林
长影集团译制制作有限责任公司,巴霍巴利王：开端
长春电影制片厂,我是乡下爷
长白山国际文化传媒有限公司,启功
闻影天下（深圳）文化传媒有限公司,默守那份情
阿甘（北京）国际影业有限公司,龙拳小子
阿里巴巴影业集团有限公司,小门神
阿里巴巴影业集团有限公司,不可思异
陕西文投（影视）银海投资有限公司,推拿
雪之梦（北京）影业有限公司,轩辕大帝
霍尔果斯博纳文化传媒有限公司,危城
霍尔果斯嘉博电影发行有限公司,恭喜发财之谈钱说爱
霍尔果斯彩条屋影业有限公司,我叫哀木涕之山口山战记
霍尔果斯彩条屋影业有限公司,我叫MT之山口山战记
霍尔果斯春秋时代文化传媒有限公司,大话西游3
霍尔果斯青春光线影业有限公司,火锅英雄
霍尔果斯青春光线影业有限公司,奔爱
霍尔果斯风筝影业有限公司,不朽的时光
青岛凤凰世纪传媒有限公司,金牌流浪狗
青岛市电影发行放映公司,十五岁的笑脸
青岛市电影发行放映公司,纯纯欲动
青岛海洋传奇影视制作有限公司,纯纯欲动
青岛电影发行放映有限公司,迦酥越挠越痒
青岛电影发行放映有限公司,金牌流浪狗
韦恩斯坦公司,被解救的姜戈
韦恩斯坦公司,再次出发
韦恩斯坦公司,国王的演讲
韦恩斯坦国际影业公司,铁拳
韦恩斯坦国际影业公司,铁拳
韩国希杰娱乐株式会社,疯狂侏罗纪
韩国希杰娱乐株式会社,波鲁鲁冰雪大冒险
韩国希杰娱乐株式会社,美国队长
韩国希杰娱乐株式会社,花样厨神
韩国希杰娱乐株式会社,铁线虫入侵
顶峰娱乐,机械师2：复活
顶峰娱乐,分歧者3：忠诚世界
顶峰娱乐,超脑48小时
顶峰娱乐,深海浩劫
顶峰娱乐,惊天魔盗团2
顶峰娱乐公司,赤焰战场
顶峰娱乐公司,夺命追踪
顶峰娱乐公司,源代码
顶峰娱乐公司,惊天魔盗团2
顶峰娱乐公司,最后的巫师猎人
顶峰娱乐公司,白昼冷光
顶峰娱乐公司,深海浩劫
顶峰娱乐公司,机械师2：复活
顶峰娱乐公司,超脑48小时
顶峰娱乐公司,暮光之城4：破晓（上）
顶峰娱乐公司,三个火枪手
顶峰娱乐公司,分歧者3：忠诚世界
顶峰娱乐公司,狂暴飞车
香港ume影院管理集团,有种你爱我
香港影王朝有限公司,婚前试爱
香港橙天嘉禾娱乐（集团）有限公司,甜蜜蜜
高先电影有限公司,赤焰战场
高先电影有限公司,垫底辣妹
高先电影有限公司,源代码
高先电影有限公司,呼啸山庄
高蒙公司,一夜迷情
麒丰（上海）影视制作有限公司,菜鸟
麒力（上海）文化传媒有限公司,遭遇海明威
麒力（上海）文化传媒有限公司,心跳戈壁
麒力（上海）文化传媒有限公司,菜鸟
麒力（上海）文化传媒有限公司,魔卡行动
麒麟网（北京）影视文化传媒有限公司,甜心巧克力
麒麟网（北京）影视文化传媒有限公司,我老公不靠谱
黑蚂蚁(上海)影业有限公司,绝地逃亡
龙图天瑞（北京）文化传播有限公司,跟踪孔令学
龙标（北京）文化发展有限公司,堵车
龙标（北京）文化发展有限公司,一夜未了情
龙标（北京）文化发展有限公司,跟踪孔令学
龙标（北京）文化发展有限公司,无价之宝
龙腾艺都（北京）影业投资有限公司,嘿・店
龙腾艺都（北京）影业投资有限公司,双城计中计
龙腾艺都（北京）影业投资有限公司,查无此人
龙腾艺都（北京）影业投资有限公司,一夜成名
龙腾艺都（北京）影业投资有限公司,神通乡巴佬
龙腾艺都（北京）影业投资有限公司,给野兽献花
龙腾艺都（北京）影视传媒股份有限公司,美人鱼
