movieName,theme
双雄,动作
双雄,犯罪
双雄,冒险
功夫,动作
功夫,喜剧
功夫,犯罪
龙凤呈祥,剧情
龙凤呈祥,戏曲
栀子花开,爱情
栀子花开,青春
蹴鞠,剧情
蹴鞠,运动
在一起,爱情
我的少女时代,爱情
我的少女时代,喜剧
致命怪谈,惊悚
致命怪谈,悬疑
非常绑匪,喜剧
乐队,歌舞
四大名捕,动作
四大名捕,悬疑
四大名捕,古装
十二星座离奇事件,惊悚
十二星座离奇事件,悬疑
听风者,剧情
听风者,悬疑
河东狮吼2,爱情
河东狮吼2,动作
河东狮吼2,喜剧
河东狮吼2,古装
邋遢大王奇遇记,动画
危城之恋,爱情
都市童话,剧情
蝙蝠侠：黑暗骑士崛起,动作
蝙蝠侠：黑暗骑士崛起,犯罪
蝙蝠侠：黑暗骑士崛起,剧情
蝙蝠侠：黑暗骑士崛起,惊秫
敢死队2,动作
敢死队2,惊悚
敢死队2,冒险
雨中的树,纪实
雨中的树,传记
孝女彩金,剧情
火海逃生,剧情
指尖太阳,动画
指尖太阳,儿童
铜雀台,动作
铜雀台,历史
危险关系,爱情
危险关系,悬疑
二次曝光,爱情
二次曝光,悬疑
吴仁宝,纪实
吴仁宝,传记
美男记,爱情
岁月无声,剧情
浮城谜事,爱情
浮城谜事,悬疑
诡爱,惊悚
诡爱,悬疑
冰雪11天,灾难
冰雪11天,抢险
南平红荔,剧情
缘来是咱俩,喜剧
缘来是咱俩,爱情
寒战,动作
寒战,警匪
天生爱情狂,爱情
天生爱情狂,喜剧
好好过,喜剧
万箭穿心,爱情
借你俩胆,喜剧
借你俩胆,惊悚
2012 3D,灾难
2012 3D,动作
2012 3D,惊悚
保安刘十八,剧情
少年派的奇幻漂流,灾难
少年派的奇幻漂流,剧情
少年派的奇幻漂流,冒险
无间罪：僵尸重生,惊悚
无间罪：僵尸重生,恐怖
一九四二,战争
一九四二,灾难
一九四二,历史
王的盛宴,动作
王的盛宴,历史
王的盛宴,古装
有这样一个医生,剧情
咱们是亲人,剧情
铁线虫入侵,惊悚
铁线虫入侵,灾难
我老公不靠谱,喜剧
小鱼吃大鱼,爱情
笑过2012,灾难
人再逋局泰,喜剧
人再逋局泰,公路
异度迷局,惊悚
异度迷局,悬疑
十二生肖,动作
十二生肖,冒险
十二生肖,喜剧
血滴子,动作
血滴子,武侠
大上海,动作
凶间雪山,惊悚
凶间雪山,冒险
桃枝的桃,爱情
地下室惊魂,惊悚
地下室惊魂,悬疑
地下室惊魂,恐怖
秘密花园,爱情
爱你一生一世,爱情
给你一千万,喜剧
南方大冰雪,剧情
金箍棒传奇,动画
我的狗狗我的爱,剧情
重返大海,动画
玩命时光,动作
玩命时光,喜剧
玩命时光,魔幻
玩命时光,爱情
犀利人妻,爱情
犀利人妻,剧情
201314,爱情
浩昊文字国历险记之智斗谜语城,动画
一代宗师,动作
一代宗师,传记
宝米恰恰,爱情
宝米恰恰,喜剧
暗恋99天,爱情
大叔，我爱你,爱情
大叔，我爱你,喜剧
危情营救,动作
危情营救,犯罪
快乐到家,喜剧
快乐到家,贺岁
喜剧王,喜剧
夺宝联盟,动作
夺宝联盟,犯罪
越位者,动作
越位者,犯罪
都是手机惹的祸,喜剧
绿林大冒险,动画
007：大破天幕杀机,动作
007：大破天幕杀机,冒险
007：大破天幕杀机,惊悚
喜羊羊与灰太狼之喜气羊羊过蛇年,动画
波鲁鲁冰雪大冒险,动画
小小飞虎队,动作
小小飞虎队,儿童
小小飞虎队,喜剧
夺命追踪,惊悚
夺命追踪,悬疑
孤岛惊魂2,惊悚
孤岛惊魂2,悬疑
愤怒的小孩,喜剧
云图,科幻
云图,惊悚
云图,悬疑
洛克王国2圣龙的心愿,动画
巴啦啦小魔仙,魔幻
巴啦啦小魔仙,冒险
巴啦啦小魔仙,儿童
百星酒店,喜剧
女蛹,惊悚
女蛹,悬疑
女蛹,爱情
梦幻飞琴,动画
全城高考,喜剧
全城高考,爱情
全城高考,青春
西游降魔篇,魔幻
西游降魔篇,喜剧
西游降魔篇,冒险
越来越好之村晚,喜剧
越来越好之村晚,贺岁
爱情不NG,喜剧
爱情不NG,爱情
101次求婚,爱情
我的老婆是只猫,动画
侠探杰克,动作
侠探杰克,犯罪
电梯惊魂,惊悚
电梯惊魂,惊秫
阿嬷的梦中情人,爱情
阿嬷的梦中情人,喜剧
霍比特人1：意外旅程,奇幻
霍比特人1：意外旅程,冒险
杨光的快乐生活,喜剧
有人赞美聪慧，有人则不,儿童
有人赞美聪慧，有人则不,动画
悲惨世界,爱情
悲惨世界,歌舞
午夜微博,惊悚
三月情流感,爱情
三月情流感,喜剧
南泥湾,战争
南泥湾,历史
南泥湾,主旋律
劫案迷云,动作
劫案迷云,惊悚
特警判官,动作
特警判官,科幻
让爱绽放,爱情
青春雷锋,纪实
青春雷锋,传记
雷锋在1959,纪实
雷锋的微笑,纪实
笑功震武林,喜剧
笑功震武林,动作
爱神,爱情
午夜火车,惊悚
萧红,爱情
暴走吧，女人,爱情
暴走吧，女人,冒险
暴走吧，女人,励志
不要迷恋姐,喜剧
不要迷恋姐,爱情
铁娘子：坚固柔情,纪录片
铁娘子：坚固柔情,传记
爱情银行,爱情
骇战,科幻
骇战,爱情
骇战,悬疑
虎胆龙威5,动作
生化危机5：惩罚,动作
生化危机5：惩罚,惊悚
生化危机5：惩罚,科幻
北京遇上西雅图,爱情
北京遇上西雅图,喜剧
叶问：终极一战,动作
叶问：终极一战,传记
止杀令,动作
止杀令,战争
止杀令,历史
刘老庄八十二壮士,战争
巨人捕手杰克,科幻
巨人捕手杰克,冒险
楼,惊悚
楼,悬疑
厨子戏子痞子,喜剧
厨子戏子痞子,战争
厨子戏子痞子,动作
梦幻岛,爱情
魔境仙踪,动作
魔境仙踪,冒险
魔境仙踪,奇幻
毒战,动作
毒战,惊悚
毒战,犯罪
忠烈杨家将,动作
忠烈杨家将,古装
忠烈杨家将,战争
石榴树上结樱桃,爱情
石榴树上结樱桃,黑色
石榴树上结樱桃,农村
海底世界3D,纪录片
海底世界3D,动物
分手合约,爱情
金太狼的幸福生活,爱情
金太狼的幸福生活,喜剧
特种部队：全面反击,动作
特种部队：全面反击,冒险
特种部队：全面反击,科幻
特种部队：全面反击,惊悚
柠檬,爱情
柠檬,喜剧
刺夜,动作
刺夜,悬疑
甜蜜十八岁,爱情
甜蜜十八岁,青春
变身超人,喜剧
变身超人,动作
变身超人,励志
疯狂原始人,动画
致我们终将逝去的青春,爱情
致我们终将逝去的青春,青春
同谋,惊悚
同谋,悬疑
同谋,动作
同谋,惊秫
人间蒸发,惊悚
人间蒸发,悬疑
西柏坡2：王二小,动画
石器时代之百万大侦探,喜剧
百家乐翻天,喜剧
大野狼和小绵羊的爱情,爱情
大野狼和小绵羊的爱情,喜剧
大野狼和小绵羊的爱情,浪漫
钢铁侠3,科幻
钢铁侠3,动作
钢铁侠3,冒险
记忆望着我,剧情
天钟,动作
天钟,喜剧
超越那一天,纪录片
超越那一天,音乐
钢琴木马,爱情
钢琴木马,悬疑
倾城,灾难
倾城,警匪
倾城,动作
亲爱,爱情
遗落战境,动作
遗落战境,冒险
遗落战境,科幻
遗落战境,惊悚
残团,战争
残团,爱情
被解救的姜戈,动作
被解救的姜戈,冒险
被解救的姜戈,西部
被解救的姜戈,犯罪
临终迨,惊悚
临终迨,喜剧
中国合伙人,爱情
中国合伙人,励志
中国合伙人,青春
圣诞玫瑰,惊悚
圣诞玫瑰,犯罪
圣诞玫瑰,悬疑
一路狂奔,喜剧
冲锋号,动画
别跟我谈高富帅,喜剧
别跟我谈高富帅,爱情
星际迷航：暗黑无界,科幻
星际迷航：暗黑无界,动作
星际迷航：暗黑无界,冒险
辛巴达历险记2013,动画
魁拔之大战元泱界,动画
太阳脸,战争
太阳脸,儿童
让熊猫飞,喜剧
乡间童谣,剧情
阳光留守,纪实
阳光留守,儿童
少年林祥谦,剧情
王牌情敌,喜剧
王牌情敌,爱情
王牌情敌,贺岁
致命黑兰,动作
致命黑兰,惊悚
致命黑兰,冒险
逆光飞翔,爱情
告诉他们，我乘白鹤去了,剧情
天机・富春山居图,动作
天机・富春山居图,冒险
杀戒,爱情
杀戒,悬疑
光辉岁月,动作
光辉岁月,冒险
光辉岁月,爱情
夜幕惊魂,惊悚
夜幕惊魂,喜剧
百万爱情宝贝,喜剧
百万爱情宝贝,爱情
圣龙奇兵大冒险,动画
大片,喜剧
枕边有张脸,惊悚
非秀不可,爱情
非秀不可,都市
非秀不可,励志
超人：钢铁之躯,动作
超人：钢铁之躯,科幻
超人：钢铁之躯,冒险
不二神探,喜剧
不二神探,动作
不二神探,悬疑
北漂鱼,喜剧
北漂鱼,青春
北漂鱼,都市
小时代,爱情
小时代,青春
东方中国梦,纪实
东方中国梦,纪录片
开心超人,动画
毛泽东与齐白石,纪实
毛泽东与齐白石,传记
乐乐熊奇幻追踪,动画
盲探,动作
盲探,惊悚
盲探,悬疑
初恋未满,爱情
初恋未满,青春
太极侠,动作
太极侠,冒险
太极侠,武侠
咒丝,惊悚
拐杖,剧情
今天明天,动画
赤警威龙,动作
赤警威龙,犯罪
天台爱情,歌舞
天台爱情,爱情
天台爱情,动作
赛尔号大电影3之战神联盟,动画
校花诡异事件,惊悚
校花诡异事件,恐怖
校花诡异事件,灵异
重返地球,科幻
重返地球,冒险
重返地球,动作
重返地球,亲情
笔仙Ⅱ,惊悚
笔仙Ⅱ,悬疑
周恩来的四个昼夜,纪实
周恩来的四个昼夜,传记
周恩来的四个昼夜,历史
大明猩,喜剧
大明猩,运动
火焰山历险记,动画
早见，晚爱,爱情
功夫侠,动作
达人也疯狂,喜剧
终极大冒险,动画
咏春小龙,动作
咏春小龙,家庭
吴哥的微笑,爱情
惊天危机,动作
惊天危机,灾难
正骨,战争
正骨,传记
正骨,历史
爱，很美,爱情
模特魅影,惊悚
模特魅影,悬疑
不肯去观音,纪实
不肯去观音,历史
速度与激情6,动作
速度与激情6,犯罪
速度与激情6,冒险
环太平洋,科幻
环太平洋,冒险
环太平洋,动作
我爱灰太狼2,动画
青春派,爱情
青春派,青春
昆塔・盒子总动员,动画
爱爱迨,爱情
爱爱迨,喜剧
爱爱迨,青春
绑架大明星,喜剧
小时代：青木时代,爱情
小时代：青木时代,青春
一场风花雪月的事,爱情
一场风花雪月的事,动作
一场风花雪月的事,警匪
一夜惊喜,爱情
一夜惊喜,喜剧
玛德2号,喜剧
玛德2号,家庭
情缘廊桥,爱情
嗨起，打他个鬼子,战争
宫锁沉香,爱情
宫锁沉香,古装
小神来了,喜剧
小神来了,家庭
小神来了,儿童
激战,动作
诡魇,惊悚
诡魇,悬疑
高铁英雄,动画
唇唇欲动,喜剧
唇唇欲动,青春
侏罗纪公园3D,科幻
侏罗纪公园3D,动作
侏罗纪公园3D,冒险
侏罗纪公园3D,惊秫
牛胆神偷,喜剧
摩登年代,喜剧
摩登年代,爱情
回到爱开始的地方,爱情
粉红女郎之爱人快跑,爱情
来历不明,科幻
怪兽大学,动画
少年岳飞,动画
隔窗有眼,惊悚
隔窗有眼,惊秫
隔窗有眼,悬疑
被偷走的那五年,爱情
被偷走的那五年,青春
疯狂的导演,喜剧
夏日示爱,爱情
致命闪玩,惊悚
致命闪玩,悬疑
致命闪玩,冒险
了不起的盖茨比,爱情
极乐空间,动作
极乐空间,科幻
极乐空间,惊悚
超级经纪人,爱情
超级经纪人,都市
古镇凶灵之巫咒缠身,惊悚
时光恋人,爱情
时光恋人,幻想
花漾,爱情
花漾,古装
花漾,动作
逆袭,喜剧
4B青年之4楼B座,喜剧
4B青年之4楼B座,爱情
校车,纪实
蓝精灵2,动画
全民目击,惊悚
全民目击,悬疑
全民目击,犯罪
非常幸运,爱情
非常幸运,冒险
非常幸运,喜剧
落经山,动作
落经山,冒险
落经山,战争
我的母亲,爱情
我的母亲,家庭
一座城池,喜剧
一座城池,青春
爸爸妈妈复婚记,剧情
爸爸妈妈复婚记,家庭
帝国秘符,动作
帝国秘符,冒险
爱别离,爱情
极速蜗牛,动画
团圆,爱情
团圆,亲情
5月天诺亚方舟,纪录片
5月天诺亚方舟,音乐
5月天诺亚方舟,歌舞
金刚王：死亡救赎,动作
金刚王：死亡救赎,武侠
乔布斯,纪录片
乔布斯,传记
狄仁杰之神都龙王,动作
狄仁杰之神都龙王,古装
狄仁杰之神都龙王,悬疑
白狐,魔幻
白狐,爱情
81号农场之保卫麦咭,动画
一路顺疯,喜剧
逃出生天3D,灾难
逃出生天3D,动作
逃出生天3D,冒险
神奇,动作
神奇,运动
神奇,爱情
神奇,科幻
神奇,励志
蝙蝠别墅,惊悚
蝙蝠别墅,悬疑
盗剑72小时,喜剧
盗剑72小时,冒险
盗剑72小时,悬疑
门巴将军,纪实
门巴将军,传记
心战,惊悚
心战,犯罪
独行侠,动作
独行侠,冒险
独行侠,西部
惊天魔盗团,动作
惊天魔盗团,悬疑
惊天魔盗团,犯罪
禁忌游戏之迷藏,惊悚
禁忌游戏之迷藏,恐怖
我想和你好好的,爱情
金刚狼2,动作
特殊身份,动作
特殊身份,犯罪
美姐,爱情
目标战,动作
目标战,战争
背水一战,动作
背水一战,惊悚
背水一战,犯罪
大明劫,战争
大明劫,古装
公主的诱惑,爱情
公主的诱惑,青春
公主的诱惑,喜剧
制服,惊悚
爱拼北京,爱情
诡婴吉咪,惊悚
冷瞳,惊悚
冷瞳,悬疑
我为相亲狂,爱情
我为相亲狂,喜剧
铁血娇娃,动作
铁血娇娃,冒险
猎仇者,惊悚
猎仇者,悬疑
猎仇者,犯罪
冲锋战警,动作
冲锋战警,犯罪
精灵旅社,动画
我爱的是你爱我,爱情
意外的恋爱时光,爱情
意外的恋爱时光,喜剧
意外的恋爱时光,公路
甜心巧克力,爱情
诡拼车,惊悚
孪生密码,动作
孪生密码,悬疑
光的棍,喜剧
光的棍,爱情
有种,爱情
有种,青春
有种,都市
爱・回家,剧情
雷神2：黑暗世界,动作
少女灵异日记,惊悚
我的男男男男朋友,爱情
我的男男男男朋友,喜剧
我的男男男男朋友,浪漫
我的男男男男朋友,都市
步步追魂,惊悚
步步追魂,悬疑
功夫战斗机,动作
爱情碰碰撞,爱情
爱情碰碰撞,喜剧
赤焰战场2,动作
赤焰战场2,喜剧
赤焰战场2,犯罪
赤焰战场2,惊悚
地心引力,科幻
地心引力,惊悚
饥饿游戏2:星火燎原,动作
饥饿游戏2:星火燎原,科幻
饥饿游戏2:星火燎原,冒险
饥饿游戏2:星火燎原,惊悚
控制,动作
控制,悬疑
控制,犯罪
暴躁天使,爱情
暴躁天使,励志
扫毒,动作
扫毒,犯罪
扫毒,警匪
郑和1405：魔海寻踪,动画
幸福快递,爱情
幸福快递,青春
幸福快递,励志
飘落的羽毛,爱情
野草莓,爱情
野草莓,青春
森林战士,动画
无人区,动作
无人区,公路
无人区,西部
四大名捕2,动作
四大名捕2,悬疑
四大名捕2,古装
乳娘情,剧情
乳娘情,主旋律
风暴,动作
风暴,警匪
啊朋友还钱,喜剧
听见下雨的声音,爱情
听见下雨的声音,音乐
我的美丽王国,爱情
我的美丽王国,喜剧
私人订制,喜剧
私人订制,贺岁
狼少年,爱情
千锤百炼,纪实
千锤百炼,纪录片
千锤百炼,运动
警察故事2013,动作
警察故事2013,警匪
刺客,动作
刺客,古装
中国好声音之为你转身,歌舞
中国好声音之为你转身,纪实
有招没招之爱情达人,喜剧
有招没招之爱情达人,爱情
迷魂之密室逃脱,惊悚
太空熊猫历险记,动画
青蛙王国,动画
海底大冒险,动画
奥林匹斯的陷落,动作
奥林匹斯的陷落,惊悚
等风来,爱情
等风来,文艺
等风来,公路
史前怪兽,动作
史前怪兽,惊悚
史前怪兽,冒险
201413,爱情
商魂,爱情
商魂,亲情
救火英雄,动作
对不起，我爱你,爱情
圣杯神器：骸骨之城,奇幻
圣杯神器：骸骨之城,动作
圣杯神器：骸骨之城,冒险
圣杯神器：骸骨之城,悬疑
完美超越,喜剧
安德的游戏,动作
安德的游戏,科幻
9号女神,爱情
恶战,动作
怒放之青春再见,音乐
怒放之青春再见,爱情
怒放之青春再见,青春
不爱不散,爱情
哭恋,爱情
早安，冬日海,爱情
西湖传奇,动画
神偷奶爸2,动画
六福喜事,爱情
六福喜事,喜剧
闹在碗中,喜剧
喜羊羊与灰太狼之飞马奇遇记,动画
熊出没之夺宝熊兵,动画
诡镇,惊悚
大寒桃花开,爱情
大寒桃花开,古装
一触即发,动作
一触即发,惊悚
石斛兰,爱情
石斛兰,亲情
金牌流浪狗,喜剧
巴啦啦小魔仙之魔法的考验,魔幻
巴啦啦小魔仙之魔法的考验,冒险
巴啦啦小魔仙之魔法的考验,儿童
永不消失的广播,战争
拯救大明星,动画
生死传递,战争
西游记之大闹天宫,魔幻
西游记之大闹天宫,动作
西游记之大闹天宫,爱情
爸爸去哪儿,纪实
爸爸去哪儿,真人秀
爸爸去哪儿,亲情
澳门风云,动作
澳门风云,警匪
前任攻略,爱情
前任攻略,喜剧
U盘,喜剧
大话天仙,喜剧
大话天仙,古装
冰雪奇缘,动画
北京爱情故事,爱情
谁说我们不会爱,爱情
谁说我们不会爱,青春
过界男女,爱情
林中小屋,爱情
江南爱情故事,爱情
菊花台,爱情
闪魂,惊悚
闪魂,犯罪
李可乐寻人记,喜剧
李可乐寻人记,爱情
80后的独立宣言,剧情
80后的独立宣言,青春
80后的独立宣言,励志
命运派对,惊悚
霍比特人：史矛革之战,奇幻
霍比特人：史矛革之战,冒险
霍比特人：史矛革之战,剧情
霍比特人：史矛革之战,动作
夺樽,动作
机械战警,科幻
机械战警,动作
狂舞派,歌舞
完美假妻168,爱情
完美假妻168,喜剧
完美假妻168,悬疑
恋爱789,喜剧
脱轨时代,爱情
一个温州的女人,爱情
一个温州的女人,家庭
恋者多喜欢,爱情
恋者多喜欢,喜剧
甜蜜杀机,动作
甜蜜杀机,爱情
别惹我,动作
别惹我,喜剧
火鸡总动员,动画
兰亭,爱情
兰亭,战争
非狐外传,爱情
非狐外传,古装
非狐外传,喜剧
非狐外传,魔幻
极品飞车,动作
极品飞车,犯罪
家园防线,动作
家园防线,惊悚
雪国列车,科幻
化妆师,惊悚
俐癜⒍,爱情
白日焰火,爱情
白日焰火,犯罪
英雄之战,动作
英雄之战,冒险
盗马记,喜剧
绝命航班,惊秫
警察日记,纪实
警察日记,犯罪
我在路上最爱你,爱情
幸福中转栈,喜剧
幸福中转栈,爱情
秋语,爱情
天才眼镜狗,动画
盟军夺宝队,动作
盟军夺宝队,传记
县委书记焦裕禄（豫剧）,歌舞
县委书记焦裕禄（豫剧）,戏曲
整容日记,喜剧
整容日记,都市
笔仙惊魂3,惊悚
三小强,动画
美国队长2：冬日战士,科幻
美国队长2：冬日战士,冒险
美国队长2：冬日战士,动作
守望女,剧情
顾家姆妈,剧情
百变爱人,喜剧
特工艾米拉,动作
硬汉奶爸,喜剧
硬汉奶爸,家庭
硬汉奶爸,亲情
再爱一次好不好,爱情
再爱一次好不好,喜剧
谁偷了我的菜,喜剧
血彩,惊悚
里约大冒险2,动画
大力神3D,动作
大力神3D,冒险
西藏天空,剧情
西藏天空,历史
西藏天空,主旋律
追爱大布局,爱情
魔警,动作
最佳嫌疑人,喜剧
最佳嫌疑人,悬疑
201413爱你一世一生,爱情
国宝疑云,动作
国宝疑云,悬疑
超验骇客,科幻
超验骇客,动作
心曲,剧情
同桌的,爱情
同桌的,青春
冰封：重生之门,动作
冰封：重生之门,科幻
冰封：重生之门,喜剧
催眠大师,惊悚
催眠大师,悬疑
催眠大师,心理
聪明的一休之反斗公主,动画
放手爱,爱情
空山鸟语,动画
考拉大冒险,动画
超凡蜘蛛侠2,科幻
超凡蜘蛛侠2,动作
超凡蜘蛛侠2,冒险
怖偶,惊悚
人间・小团圆,爱情
人间・小团圆,家庭
古堡之吻,爱情
近距离击杀,战争
近距离击杀,悬疑
渴望的青春,爱情
渴望的青春,青春
蜂鸟特攻,动作
蜂鸟特攻,惊悚
蜂鸟特攻,犯罪
边区造,喜剧
边区造,悬疑
边区造,战争
冬,剧情
侨女日记,剧情
归来,爱情
归来,传记
永远的焦裕禄,纪实
求爱嫁期,爱情
城市游戏,动作
城市游戏,惊悚
第一眼爱情,爱情
天上的菊美,纪实
天上的菊美,传记
天上的菊美,主旋律
我的播音系女友,爱情
幸福梦想,纪实
幸福梦想,爱情
幸福梦想,亲情
心咒,惊悚
心咒,恐怖
一号目标,动作
一号目标,悬疑
一号目标,剧情
风云1927,战争
风云1927,历史
腊月的春,剧情
X战警：逆转未来,科幻
X战警：逆转未来,动作
X战警：逆转未来,冒险
封门村,惊悚
封门村,悬疑
封门村,恐怖
丑男大翻身,爱情
窃听风云3,动作
窃听风云3,犯罪
窃听风云3,惊悚
窃听风云3,悬疑
潜艇总动员4：章鱼奇遇记,动画
辛巴达历险记2,动画
魔幻仙踪,动画
镇海保卫战,战争
镇海保卫战,历史
新地雷战：神勇小子,动画
猪猪侠之勇闯巨人岛,动画
太空熊猫总动员,动画
我是狼之火龙山大冒险,动画
情笛之爱,歌舞
情笛之爱,音乐
情笛之爱,儿童
疯狂72小时,喜剧
疯狂72小时,爱情
激浪青春,爱情
分手达人,爱情
分手达人,喜剧
明日边缘,科幻
明日边缘,动作
青春真好,纪实
青春真好,青春
夜半梳头,惊悚
夜半梳头,恐怖
哥斯拉,科幻
哥斯拉,灾难
哥斯拉,动作
金色时光,纪实
金色时光,记录
唐家山之恋,纪实
唐家山之恋,传记
鄂尔多斯骑士,剧情
星星的梦,剧情
星星的梦,励志
星星的梦,青春
死亡邮件,惊悚
死亡邮件,犯罪
死亡邮件,悬疑
虐面人之死灵面膜,惊悚
虐面人之死灵面膜,悬疑
沉睡魔咒,动作
沉睡魔咒,冒险
沉睡魔咒,奇幻
摩纳哥王妃,纪录片
摩纳哥王妃,爱情
恋爱大师之让红包飞,爱情
变形金刚4：绝迹重生,科幻
变形金刚4：绝迹重生,动作
变形金刚4：绝迹重生,冒险
分手大师,喜剧
分手大师,爱情
海神密码,动作
海神密码,冒险
海神密码,剧情
租婚男女,爱情
租婚男女,都市
追你到天边,喜剧
笔仙Ⅲ,惊悚
笔仙Ⅲ,恐怖
超萌英雄,喜剧
超萌英雄,爱情
章鱼哥,动画
章鱼哥,爱情
美国骗局,剧情
美国骗局,犯罪
无处可逃,惊秫
无处可逃,犯罪
老男孩之猛龙过江,喜剧
赛尔号4大电影：圣魔之战,动画
赛尔号4大电影：圣魔之战,冒险
洛克王国3：圣龙的守护,动画
胜利,喜剧
胜利,爱情
破局,爱情
破局,剧情
破局,犯罪
小时代3：刺金时代,爱情
小时代3：刺金时代,青春
毛驴县令之酸儿辣女,剧情
毛驴县令之酸儿辣女,喜剧
京城81号,惊悚
京城81号,剧情
京城81号,悬疑
开心超人2启源星之战,动画
曼德拉,纪录片
曼德拉,传记
曼德拉,历史
七彩田野,剧情
七彩田野,农村
后会无期,爱情
后会无期,公路
后会无期,文艺
神笔马良,动画
我就是我,爱情
人在征途,爱情
笨贼快跑,剧情
闺蜜,爱情
闺蜜,青春
白发魔女传之明月天国,动作
白发魔女传之明月天国,武侠
白发魔女传之明月天国,古装
龙之谷：破晓奇兵,动画
龙之谷：破晓奇兵,爱情
不再说分手,爱情
我想结婚的时候你在哪,爱情
我想结婚的时候你在哪,喜剧
绣春刀,动作
绣春刀,古装
绣春刀,悬疑
神秘世界历险记2,动画
神秘世界历险记2,家庭
神秘世界历险记2,冒险
秦时明月3D电影龙腾万里,动画
碟仙诡谭,惊悚
洋妞到我家,喜剧
洋妞到我家,家庭
纯纯欲动,爱情
纯纯欲动,喜剧
飞跃地心,动画
飞跃地心,儿童
飞跃地心,灾难
驯龙高手2,动画
好命先生,爱情
好命先生,喜剧
江湖论剑实录,喜剧
江湖论剑实录,古装
爱情进化论,爱情
香气,爱情
永春白鹤拳之擎天画卷,动作
永春白鹤拳之擎天画卷,喜剧
再见巨人,剧情
庞贝末日,动作
庞贝末日,冒险
反贪风暴,动作
反贪风暴,反腐
临时同居,爱情
临时同居,喜剧
白雪公主之矮人力量,动画
白雪公主之矮人力量,冒险
白雪公主之矮人力量,喜剧
走出迷林,剧情
四大名捕大结局,动作
四大名捕大结局,古装
四大名捕大结局,爱情
四大名捕大结局,悬疑
床下有人2,惊悚
下一站再爱你,爱情
这个大叔不太,喜剧
这个大叔不太,爱情
花香,爱情
美人邦,爱情
美人邦,喜剧
大丑,剧情
大丑,戏曲
忘了去懂你,爱情
忘了去懂你,家庭
我们毕业的夏天,爱情
我们毕业的夏天,喜剧
与贼同屋,爱情
与贼同屋,悬疑
神通佛影,喜剧
神通佛影,动作
神通佛影,冒险
奇迹宝宝,剧情
奇迹宝宝,励志
青春.com,爱情
青春.com,悬疑
猩球崛起：黎明之战,科幻
猩球崛起：黎明之战,动作
敢死队3,动作
敢死队3,惊悚
敢死队3,冒险
圣哲老子,剧情
圣哲老子,戏曲
一生一世,爱情
摩登森林之美食总动员,动画
大峰祖师,惊悚
大峰祖师,悬疑
大峰祖师,古装
动物也疯狂,动画
挑战者联盟,动画
挑战者联盟,动作
龟兔再跑,动画
分歧者：异类觉醒,动作
分歧者：异类觉醒,爱情
分歧者：异类觉醒,冒险
分歧者：异类觉醒,科幻
有一天,剧情
有一天,儿童
斗茶,爱情
女生宿舍,惊悚
女生宿舍,悬疑
我是你的野蛮女友,爱情
我是你的野蛮女友,喜剧
0.5的爱情,爱情
森林孤影,动画
森林孤影,儿童
不惧风暴,动作
不惧风暴,灾难
不惧风暴,惊悚
从哪来，到哪去,喜剧
从哪来，到哪去,儿童
绝密跟踪,动作
绝密跟踪,犯罪
黎明之眼,战争
黎明之眼,历史
触不可及,爱情
触不可及,悬疑
诡八楼,惊悚
诡八楼,爱情
死亡派对,惊悚
死亡派对,悬疑
缘来是游戏,爱情
缘来是游戏,喜剧
空中营救,动作
空中营救,悬疑
空中营救,惊悚
亲爱的,剧情
亲爱的,家庭
新大头儿子和小头爸爸之秘密计划,动画
闯入迷宅,喜剧
闯入迷宅,动作
王化买父,剧情
心花路放,喜剧
心花路放,爱情
心花路放,公路
痞子英雄：黎明升起,动作
痞子英雄：黎明升起,犯罪
黄金时代,爱情
黄金时代,传记
麦兜我和我妈妈,动画
麦兜我和我妈妈,家庭
麦兜我和我妈妈,喜剧
铠甲勇士之雅塔莱斯,动画
魁拔Ⅲ战神崛起,动画
81号农场之疯狂的麦咭,动画
喵星少年漂流记,动画
十二生肖城市英雄,动画
3D食人虫,惊悚
3D食人虫,科幻
3D食人虫,灾难
我的青春蜜友,爱情
银河护卫队,动作
银河护卫队,冒险
银河护卫队,科幻
冰川时代：融冰之灾,动画
冰川时代：融冰之灾,动作
冰川时代：融冰之灾,冒险
房车奇遇,爱情
房车奇遇,喜剧
奈河,剧情
奈河,家庭
深情约定,剧情
诡替身,惊悚
诡替身,恐怖
蓝色骨头,剧情
蓝色骨头,音乐
北回归线,爱情
北回归线,喜剧
毕业那年分手季,爱情
卧龙岗,喜剧
卧龙岗,悬疑
等一个人咖啡,爱情
等一个人咖啡,喜剧
打工老板,剧情
宙斯之子：赫拉克勒斯,动作
宙斯之子：赫拉克勒斯,冒险
深夜前的五分钟,爱情
飞鱼秀,纪实
飞鱼秀,记录
不能说的夏天,爱情
不能说的夏天,青春
大话西游之大圣娶亲,喜剧
大话西游之大圣娶亲,动作
大话西游之大圣娶亲,冒险
大话西游之大圣娶亲,爱情
大话西游之月光宝盒,喜剧
大话西游之月光宝盒,爱情
大话西游之月光宝盒,动作
大话西游之月光宝盒,冒险
狙击时刻,动作
狙击时刻,犯罪
狙击时刻,悬疑
剑河,动作
剑河,武侠
神剑传奇,动画
移动迷宫,科幻
移动迷宫,悬疑
恐怖电影院,惊悚
恐怖电影院,恐怖
一个人的武林,动作
一个人的武林,悬疑
一个人的武林,警匪
一个人的武林,功夫
一个人的武林,爱情
夜莺,爱情
孤岛,惊悚
孤岛,恐怖
孤岛,悬疑
忍者神龟：变种时代,动作
忍者神龟：变种时代,冒险
凤凰台,剧情
医缘,爱情
医缘,喜剧
全城通缉,动作
全城通缉,悬疑
全城通缉,犯罪
露水红颜,爱情
拆散专家,爱情
黑月,惊悚
黑月,悬疑
找个高富帅,爱情
找个高富帅,喜剧
潜龙风云,爱情
潜龙风云,动作
家亦有道,剧情
单身男女2,爱情
单身男女2,喜剧
求爱大作战,爱情
求爱大作战,喜剧
星际穿越,科幻
星际穿越,冒险
星际穿越,亲情
星际穿越,悬疑
怨灵,惊悚
怨灵,恐怖
秘术,惊悚
秘术,悬疑
秘术,冒险
秘术,犯罪
破五,剧情
破五,家庭
马达加斯加的企鹅,动画
马达加斯加的企鹅,喜剧
马达加斯加的企鹅,悬疑
天河,剧情
街舞小子,歌舞
黄飞鸿之英雄有梦,动作
黄飞鸿之英雄有梦,爱情
黄飞鸿之英雄有梦,武侠
黄飞鸿之英雄有梦,功夫
狂怒,战争
狂怒,动作
21岁派对,喜剧
斐济99℃爱情,爱情
斐济99℃爱情,喜剧
换爱七日,爱情
换爱七日,喜剧
等你追我,爱情
等你追我,喜剧
撒娇女人最好命,爱情
推拿,爱情
坏姐姐之拆婚联盟,爱情
坏姐姐之拆婚联盟,喜剧
爱情狂想曲,爱情
爱情狂想曲,喜剧
我不是贼,喜剧
青春时光,爱情
青春时光,青春
机器纪元,惊悚
机器纪元,科幻
分手木马计,爱情
分手木马计,喜剧
太平轮（上）,爱情
太平轮（上）,战争
生死船票,剧情
黄克功案件,剧情
黄克功案件,历史
匆匆那些年,爱情
匆匆那些年,青春
匆匆那年,爱情
匆匆那年,青春
密道追踪之阴兵虎符,动作
密道追踪之阴兵虎符,悬疑
密道追踪之阴兵虎符,冒险
密道追踪之阴兵虎符,惊悚
谁动了我的梦想,爱情
谁动了我的梦想,喜剧
精武青春,爱情
精武青春,青春
我的早更女友,爱情
我的早更女友,喜剧
花咒,惊悚
花咒,爱情
花咒,恐怖
李三娘（花鼓戏）,歌舞
李三娘（花鼓戏）,戏曲
鸣梁海战,战争
鸣梁海战,动作
凡人烦恼,喜剧
凡人烦恼,悬疑
一步之遥,喜剧
一步之遥,歌舞
一步之遥,爱情
智取威虎山3D,动作
智取威虎山3D,战争
智取威虎山3D,冒险
微爱之渐入佳境,爱情
微爱之渐入佳境,喜剧
男人不可以穷,喜剧
男人不可以穷,励志
37次想你,爱情
37次想你,青春
爱你不等来生,爱情
爱你不等来生,励志
还魂之迷失曼谷,惊悚
还魂之迷失曼谷,悬疑
抢劫坚果店,动画
抢劫坚果店,喜剧
抢劫坚果店,冒险
我要上学,剧情
功夫小龙,动作
功夫小龙,喜剧
锁里,战争
十万个冷笑话,动画
十万个冷笑话,喜剧
王牌,战争
王牌,悬疑
怨灵人偶,惊悚
怨灵人偶,恐怖
怨灵人偶,灵异
塞外长风,剧情
面孔,剧情
向阳花开,爱情
向阳花开,音乐
向阳花开,喜剧
闯堂兔2疯狂马戏团,动画
闯堂兔2疯狂马戏团,喜剧
闯堂兔2疯狂马戏团,冒险
闯堂兔2疯狂马戏团,儿童
龙骑侠,动画
龙骑侠,儿童
龙骑侠,冒险
博物馆奇妙夜3,喜剧
博物馆奇妙夜3,冒险
博物馆奇妙夜3,家庭
重返20岁,喜剧
重返20岁,爱情
重返20岁,家庭
重返20岁,亲情
一代宗师3D,动作
一代宗师3D,传记
伞头和他的女人,爱情
安妮：纽约奇缘,喜剧
安妮：纽约奇缘,家庭
亡命地中海,惊悚
亡命地中海,悬疑
少林寺探案传奇之催命符,动作
少林寺探案传奇之催命符,古装
少林寺探案传奇之催命符,武侠
少林寺探案传奇之催命符,悬疑
天生有福,剧情
天生有福,喜剧
桔子的天空,剧情
第七子：降魔之战,魔幻
第七子：降魔之战,家庭
第七子：降魔之战,冒险
暴走神探,喜剧
暴走神探,动作
暴走神探,爱情
暴走神探,悬疑
暴走神探,犯罪
谍・莲花,战争
谍・莲花,悬疑
美丽乡愁,剧情
侠僧探案传奇之大夜叉,动作
侠僧探案传奇之大夜叉,悬疑
侠僧探案传奇之大夜叉,武侠
黑瞳,惊悚
黑瞳,悬疑
怪谈,惊悚
老人，孩子和外国人,剧情
黄金福将,喜剧
黄金福将,爱情
味道中国,纪实
味道中国,记录
我要你开花,喜剧
霍比特人：五军之战,奇幻
霍比特人：五军之战,冒险
霍比特人：五军之战,动作
奔驰的大葱,喜剧
热血男人帮,喜剧
奔跑吧！兄弟,喜剧
熊出没之雪岭熊风,动画
熊出没之雪岭熊风,喜剧
熊出没之雪岭熊风,冒险
时光大战,科幻
时光大战,动作
坚不可摧,动作
坚不可摧,运动
喜羊羊与灰太狼之羊年喜羊羊,动画
喜羊羊与灰太狼之羊年喜羊羊,喜剧
宝贝，对不起,剧情
宝贝，对不起,记录
宝贝，对不起,冒险
摩尔庄园3：魔幻列车大冒险,动画
摩尔庄园3：魔幻列车大冒险,家庭
摩尔庄园3：魔幻列车大冒险,冒险
一路惊喜,爱情
有种你爱我,爱情
有种你爱我,喜剧
神探驾到,喜剧
神探驾到,爱情
神探驾到,悬疑
蜡笔总动员,动画
蜡笔总动员,喜剧
蜡笔总动员,家庭
死亡之谜之双鱼玉佩,动作
死亡之谜之双鱼玉佩,惊悚
死亡之谜之双鱼玉佩,悬疑
邓小平登黄山,纪实
邓小平登黄山,传记
热情奏鸣曲,纪实
热情奏鸣曲,记录
热情奏鸣曲,音乐
甲方乙方,喜剧
不见不散,喜剧
不见不散,爱情
饥饿游戏3：嘲笑鸟（上）,动作
饥饿游戏3：嘲笑鸟（上）,科幻
饥饿游戏3：嘲笑鸟（上）,冒险
饥饿游戏3：嘲笑鸟（上）,惊悚
有一个地方只有我们知道,爱情
有一个地方只有我们知道,喜剧
有一个地方只有我们知道,青春
深海挑战,纪录片
我只要我们在一起,爱情
甜蜜蜜,爱情
乡村不寂寞,爱情
河,剧情
澳门风云2,动作
澳门风云2,喜剧
天将雄师,动作
天将雄师,古装
天将雄师,战争
天将雄师,爱情
狼图腾,剧情
狼图腾,冒险
钟馗伏魔：雪妖魔灵,魔幻
钟馗伏魔：雪妖魔灵,爱情
爸爸去哪儿2,纪实
爸爸去哪儿2,纪录片
爸爸去哪儿2,家庭
爸爸去哪儿2,儿童
冲上云霄,爱情
爸爸的假期,喜剧
爸爸的假期,家庭
新年来啦之大闹除夕,动画
兔侠之青黎传说,动画
兔侠之青黎传说,冒险
超能陆战队,动画
超能陆战队,动作
超能陆战队,喜剧
吉星高照2015,喜剧
将错就错,喜剧
大喜临门,喜剧
全能灏,喜剧
帕丁顿熊,喜剧
帕丁顿熊,家庭
北京・纽约,爱情
美丽笨女人,爱情
天使：生命处方,剧情
木星上行,科幻
木星上行,动作
木星上行,冒险
母亲的梦想,剧情
母亲的梦想,家庭
海岛之恋,爱情
封门诡影,惊悚
灰姑娘,爱情
灰姑娘,冒险
灰姑娘,家庭
扑通扑通我的人生,剧情
山间传来牛铃声,剧情
红包,喜剧
失孤,剧情
可爱的你,爱情
诡宅,惊悚
诡宅,悬疑
见习警员白忆男之初来乍到,剧情
璀璨的婚礼,爱情
璀璨的婚礼,喜剧
抱养奇缘,剧情
梦幻列车,动画
一万年以后,动作
菜鸟,喜剧
菜鸟,爱情
第七谎言,惊悚
第七谎言,犯罪
第七谎言,悬疑
王牌特工：特工学院,动作
王牌特工：特工学院,冒险
王牌特工：特工学院,喜剧
战狼,动作
战狼,战争
咱们结婚吧,爱情
暴疯语,惊悚
暴疯语,悬疑
白幽灵传奇之绝命逃亡,动作
白幽灵传奇之绝命逃亡,战争
冲锋车,动作
冲锋车,犯罪
三更车库,惊悚
三更车库,恐怖
无敌小飞猪,喜剧
无敌小飞猪,儿童
无敌小飞猪,魔幻
公路美人,爱情
特功明星,动画
特功明星,喜剧
特功明星,冒险
特功明星,动作
速度与激情7,动作
速度与激情7,犯罪
速度与激情7,惊悚
我是女王,爱情
枪过境,动作
枪过境,剧情
枪过境,犯罪
枪过境,悬疑
万物生长,爱情
万物生长,青春
陌路惊笑,惊悚
爸爸的晚餐,剧情
十万伙急,喜剧
十万伙急,悬疑
贵族大盗,动作
贵族大盗,喜剧
光荣使命,[]
奇幻女侠,动作
龙潭夺宝,动作
泰国妖医,惊悚
泰国妖医,悬疑
状元媒,剧情
状元媒,戏曲
左耳,爱情
左耳,青春
疯狂外星人,动画
疯狂外星人,冒险
疯狂外星人,喜剧
破坏者,动作
破坏者,犯罪
阳光总在风雨后,爱情
何以笙箫默,爱情
赤道,动作
赤道,犯罪
闯入者,剧情
闯入者,犯罪
爱我就陪我看电影,喜剧
爱我就陪我看电影,爱情
少年毛泽东,动画
少年毛泽东,冒险
少年毛泽东,儿童
念念,爱情
念念,家庭
女神跟我走,爱情
女神跟我走,喜剧
踏雪寻梅,剧情
姑鲁之恋,爱情
姑鲁之恋,喜剧
悬战,动作
悬战,悬疑
悬战,犯罪
分手不分手,爱情
超能查派,科幻
超能查派,动作
超能查派,惊悚
好人常慧珍,纪实
好人常慧珍,亲情
永远的守望,剧情
永远的守望,犯罪
永远的守望,家庭
复仇者联盟2：奥创纪元,科幻
复仇者联盟2：奥创纪元,动作
复仇者联盟2：奥创纪元,冒险
重生爱人,爱情
重生爱人,青春
旋风九日,纪实
旋风九日,纪录片
旋风九日,历史
十二公民,剧情
十二公民,犯罪
夺命旅行,惊悚
情满人间,剧情
情满人间,励志
土豪520,爱情
土豪520,喜剧
迷与狂,喜剧
哺乳期的女人,剧情
阿里巴巴大盗奇兵,动画
阿里巴巴大盗奇兵,喜剧
阿里巴巴大盗奇兵,冒险
明日世界,科幻
明日世界,悬疑
明日世界,冒险
屠魔战士,动作
屠魔战士,科幻
木偶传奇,剧情
木偶传奇,儿童
山丹丹花儿开,纪实
伴我同行,剧情
哆啦A梦：伴我同行,动画
哆啦A梦：伴我同行,家庭
潜艇总动员之时光宝盒,动画
潜艇总动员之时光宝盒,冒险
金箍棒传奇2,动画
金箍棒传奇2,喜剧
金箍棒传奇2,冒险
天亮・分手,爱情
妈咪侠,喜剧
妈咪侠,家庭
妈咪侠,励志
妈咪侠,亲情
超能兔战队,动画
超能兔战队,喜剧
天边的孩子,剧情
末日崩塌,灾难
末日崩塌,惊悚
末日崩塌,动作
末日崩塌,冒险
异种,惊悚
异种,恐怖
异种,悬疑
搏击迷城,爱情
搏击迷城,动作
顺风车,喜剧
顺风车,爱情
白蛇传（戏曲）,剧情
白蛇传（戏曲）,戏曲
侏罗纪世界,动作
侏罗纪世界,冒险
侏罗纪世界,科幻
侏罗纪世界,惊悚
我是谁2015,动作
我是谁2015,喜剧
再见我们的十年,爱情
再见我们的十年,喜剧
杀破狼2,动作
杀破狼2,犯罪
杀破狼2,警匪
少年班,喜剧
少年班,青春
惊魂电影院,惊悚
惊魂电影院,恐怖
我的男友和狗,爱情
分歧者2：绝地反击,动作
分歧者2：绝地反击,爱情
分歧者2：绝地反击,科幻
分歧者2：绝地反击,冒险
致命对决,动作
致命对决,惊悚
摇滚英雄,爱情
摇滚英雄,青春
摇滚英雄,音乐
我是乡下爷,喜剧
临沧的诱惑,爱情
临沧的诱惑,喜剧
约定倒计时,爱情
约定倒计时,喜剧
横冲直撞好莱坞,喜剧
横冲直撞好莱坞,动作
横冲直撞好莱坞,爱情
对风说爱你,爱情
大宅男,喜剧
大宅男,爱情
拳霸风云,动作
拳霸风云,爱情
恋爱排班表,爱情
恋爱排班表,喜剧
因为谷桂花,剧情
无法证明,剧情
无法证明,犯罪
无法证明,悬疑
午夜43路,惊悚
午夜43路,恐怖
听说,爱情
听说,家庭
再次出发,喜剧
再次出发,爱情
再次出发,音乐
三只小猪与神灯,动画
三只小猪与神灯,励志
三只小猪与神灯,儿童
三只小猪与神灯,喜剧
小猪班纳大电影之梦想大“帽”险,动画
小猪班纳大电影之梦想大“帽”险,冒险
铁马飞扬,爱情
铁马飞扬,剧情
保山,剧情
老师也疯狂,剧情
我的23岁,剧情
为了这片土地,剧情
为了这片土地,主旋律
为了这片土地,农村
为了这片土地,现实
默守那份情,爱情
我是路人甲,喜剧
我是路人甲,爱情
我是路人甲,青春
我是路人甲,励志
张震讲故事之鬼迷心窍,惊悚
张震讲故事之鬼迷心窍,悬疑
道士下山,喜剧
道士下山,冒险
道士下山,动作
道士下山,古装
道士下山,武侠
穿越硝烟的歌声,战争
穿越硝烟的歌声,历史
西游新传2：真心话大冒险,动画
西游新传2：真心话大冒险,儿童
西游新传2：真心话大冒险,冒险
西游新传2：真心话大冒险,喜剧
简单爱,爱情
简单爱,喜剧
守信少年,剧情
传奇状元伦文叙,纪录片
传奇状元伦文叙,戏曲
一诺・千金,剧情
一诺・千金,农村
罪恶赎金,动作
罪恶赎金,犯罪
罪恶赎金,惊悚
汽车人总动员,动画
汽车人总动员,喜剧
汽车人总动员,冒险
汽车人总动员,科幻
汽车人总动员,励志
平凡之路,剧情
小时代4：灵魂尽头,爱情
小时代4：灵魂尽头,青春
小时代4：灵魂尽头,喜剧
西游记之大圣归来,动画
西游记之大圣归来,动作
猪猪侠之终极决战,动画
猪猪侠之终极决战,儿童
亲，别怕鬼宅凶灵,惊悚
亲，别怕鬼宅凶灵,恐怖
亲，别怕鬼宅凶灵,悬疑
盗非盗,剧情
山村母亲（戏曲）,剧情
山村母亲（戏曲）,戏曲
少女哪吒,剧情
诺苏之鹰,动作
捉妖记,魔幻
捉妖记,喜剧
煎饼侠,喜剧
煎饼侠,爱情
爱情魔发师,喜剧
爱情魔发师,爱情
小羊肖恩,动画
小羊肖恩,冒险
小羊肖恩,喜剧
小时代4：灵魂尽头（纪录片版）,爱情
小时代4：灵魂尽头（纪录片版）,青春
小时代4：灵魂尽头（纪录片版）,喜剧
模仿游戏,剧情
模仿游戏,传记
模仿游戏,战争
赛尔号5：雷神崛起,动画
赛尔号5：雷神崛起,儿童
赛尔号5：雷神崛起,冒险
奥拉星：进击圣殿,动画
奥拉星：进击圣殿,儿童
奥拉星：进击圣殿,冒险
民工・老大・老板,剧情
民工・老大・老板,农村
命中注定,爱情
命中注定,喜剧
通灵之六世古宅,惊悚
通灵之六世古宅,恐怖
守梦者,剧情
守梦者,犯罪
守梦者,悬疑
等爱归来,喜剧
等爱归来,爱情
等爱归来,悬疑
山娃,剧情
王朝的女人・杨贵妃,爱情
王朝的女人・杨贵妃,古装
王朝的女人・杨贵妃,历史
太平轮：彼岸,爱情
太平轮：彼岸,战争
谜城,动作
谜城,犯罪
谜城,惊悚
巴黎假期,爱情
巴黎假期,喜剧
美人鱼之海盗来袭,动画
美人鱼之海盗来袭,冒险
美人鱼之海盗来袭,喜剧
恐怖游泳馆,惊悚
恐怖游泳馆,恐怖
男人制造,喜剧
七品知县进道观（豫剧）,剧情
七品知县进道观（豫剧）,戏曲
破风,爱情
破风,运动
桂宝之爆笑闯宇宙,动画
桂宝之爆笑闯宇宙,喜剧
一路向前,爱情
一路向前,喜剧
红髅,惊悚
红髅,恐怖
公证人之大卫之死,剧情
公证人之大卫之死,犯罪
公证人之大卫之死,悬疑
黑猫警长之翡翠之星,动画
黑猫警长之翡翠之星,喜剧
黑猫警长之翡翠之星,科幻
黑猫警长之翡翠之星,动作
新步步惊心,爱情
我爸比我小四岁,喜剧
我爸比我小四岁,儿童
我爸比我小四岁,家庭
轩辕剑传奇,魔幻
轩辕剑传奇,武侠
轩辕剑传奇,古装
轩辕剑传奇,动作
情剑,动作
情剑,武侠
情剑,古装
时间都去哪了,爱情
小西天狄道传奇,爱情
小西天狄道传奇,历史
小西天狄道传奇,古装
最美的承诺,剧情
滚蛋吧！肿瘤君,喜剧
滚蛋吧！肿瘤君,爱情
滚蛋吧！肿瘤君,励志
洛克王国4：出发！巨人谷,动画
洛克王国4：出发！巨人谷,儿童
洛克王国4：出发！巨人谷,喜剧
宅女侦探桂香,爱情
宅女侦探桂香,悬疑
七月半之恐怖宿舍,惊悚
七月半之恐怖宿舍,恐怖
白雪公主之神秘爸爸,动画
白雪公主之神秘爸爸,家庭
白雪公主之神秘爸爸,冒险
白雪公主之神秘爸爸,喜剧
狂野飞车,动作
狂野飞车,爱情
狂野飞车,冒险
相伴库里申科,剧情
我是大熊猫之熊猫大侠,动画
我是大熊猫之熊猫大侠,冒险
恋爱中的城市,爱情
恋爱中的城市,浪漫
鹰笛・雪莲,剧情
鹰笛・雪莲,儿童
鹰笛・雪莲,冒险
新娘大作战,爱情
新娘大作战,喜剧
非你勿扰,爱情
非你勿扰,喜剧
战火中的芭蕾,战争
双生灵,惊悚
双生灵,悬疑
王子与108煞,动画
王子与108煞,动作
王子与108煞,冒险
无脚鸟,剧情
终结者：创世纪,科幻
终结者：创世纪,动作
终结者：创世纪,冒险
诱狼,战争
诱狼,历史
诱狼,动作
烈日灼心,剧情
烈日灼心,犯罪
烈日灼心,悬疑
烈日灼心,心理
刺客聂隐娘,动作
刺客聂隐娘,武侠
刺客聂隐娘,古装
三城记,爱情
心跳戈壁,动作
心跳戈壁,冒险
百团大战,战争
百团大战,历史
诡劫,惊悚
诡劫,悬疑
诡劫,爱情
犹太女孩在上海2：项链密码,动画
犹太女孩在上海2：项链密码,冒险
我是奋青,爱情
我是奋青,喜剧
大变局之梦回甲午,战争
大变局之梦回甲午,爱情
大变局之梦回甲午,古装
华丽上班族,喜剧
华丽上班族,爱情
情敌蜜月,爱情
情敌蜜月,喜剧
角逐,剧情
角逐,犯罪
魔镜奇缘,动画
魔镜奇缘,家庭
魔镜奇缘,冒险
开罗宣言,战争
枕边诡影,惊悚
枕边诡影,爱情
穷途,喜剧
穷途,爱情
少年杨靖宇,动作
落跑吧，爱情,爱情
落跑吧，爱情,喜剧
碟中谍5：神秘国度,动作
碟中谍5：神秘国度,冒险
碟中谍5：神秘国度,惊悚
放飞理想,喜剧
放飞理想,励志
赤狼蚁,警匪
赤狼蚁,剧情
启功,剧情
启功,传记
星语心愿之再爱,爱情
1980年代的爱情,爱情
斗地主,喜剧
东莞女孩,爱情
小黄人大眼萌,动画
小黄人大眼萌,喜剧
小黄人大眼萌,家庭
娘家人,剧情
娘家人,亲情
像素大战,动作
像素大战,喜剧
像素大战,科幻
来电不善,动作
奇袭胡家台,战争
油菜花儿开,爱情
别有动机,动作
别有动机,犯罪
别有动机,悬疑
铁血残阳,战争
铁血残阳,纪录片
少年圆瑛,剧情
恋爱兄弟,爱情
恋爱兄弟,农村
妮莎罕,剧情
暗杀,动作
暗杀,犯罪
暗杀,历史
人皮拼图,惊悚
人皮拼图,恐怖
人皮拼图,悬疑
墓穴迷城,惊悚
将离草,剧情
燃烧的影像,纪录片
使命召唤,动作
使命召唤,犯罪
爱情攻略,爱情
爱情攻略,喜剧
黄河,歌舞
黄河,音乐
黄河,主旋律
男左女右,剧情
这里是新疆,纪实
这里是新疆,纪录片
人在驴途,喜剧
港,喜剧
第三种爱情,爱情
魔镜,惊悚
魔镜,恐怖
遥远的拥抱,剧情
诡打墙,惊悚
诡打墙,恐怖
逆转胜,喜剧
长江7号：超萌特攻队,动画
长江7号：超萌特攻队,喜剧
长江7号：超萌特攻队,家庭
整形师・脸,剧情
谍战锦屏山,剧情
夏洛特烦恼,喜剧
夏洛特烦恼,爱情
夏洛特烦恼,青春
九层妖塔,动作
九层妖塔,惊悚
九层妖塔,魔幻
九层妖塔,冒险
解救吾先生,动作
解救吾先生,犯罪
巴啦啦小魔仙之魔箭公主,魔幻
巴啦啦小魔仙之魔箭公主,儿童
巴啦啦小魔仙之魔箭公主,冒险
天眼传奇,动画
天眼传奇,冒险
极地大反攻,动画
极地大反攻,喜剧
极地大反攻,冒险
妈妈让我再爱你一次,剧情
妈妈让我再爱你一次,家庭
妈妈让我再爱你一次,亲情
家有虎妻,爱情
家有虎妻,励志
家有虎妻,喜剧
头脑特工队,动画
头脑特工队,喜剧
头脑特工队,家庭
头脑特工队,冒险
天各一方,爱情
喜马拉雅天梯,剧情
喜马拉雅天梯,纪录片
心迷宫,剧情
心迷宫,犯罪
心迷宫,悬疑
笔仙魔咒,惊悚
笔仙魔咒,恐怖
魔卡行动,动作
魔卡行动,喜剧
零点杀机,惊悚
零点杀机,恐怖
蚁人,科幻
蚁人,动作
蚁人,冒险
莫日根,动画
莫日根,儿童
莫日根,冒险
幸存者,动作
幸存者,惊悚
幸存者,犯罪
顾景舟,剧情
顾景舟,传记
小飞侠：幻梦启航,动作
小飞侠：幻梦启航,冒险
既然青春留不住,爱情
既然青春留不住,喜剧
龙在哪里?,动画
浪漫天降,爱情
浪漫天降,喜剧
猛龙特,喜剧
猛龙特,动作
探灵档案,惊悚
探灵档案,悬疑
家在水草丰茂的地方,剧情
名侦探柯南2015：业火的向日葵,动画
名侦探柯南2015：业火的向日葵,侦探
名侦探柯南2015：业火的向日葵,悬疑
回到被爱的每一天,爱情
精灵旅社2,动画
精灵旅社2,喜剧
幸福很,喜剧
幸福很,爱情
幸福很,亲情
我是证人,剧情
我是证人,悬疑
我是证人,青春
山河故人,剧情
半夜叫你别回头,惊悚
半夜叫你别回头,恐怖
兔子镇的火狐狸,动画
兔子镇的火狐狸,喜剧
兔子镇的火狐狸,冒险
魔比斯环3D,动画
魔比斯环3D,科幻
魔比斯环3D,冒险
逶,喜剧
逶,爱情
钢铁，是这样炼成的,纪实
十七岁,爱情
我的诗篇,纪实
我的诗篇,纪录片
我的处女地,剧情
花都之恋,爱情
绝命海拔,剧情
绝命海拔,冒险
绝命海拔,惊悚
绝命海拔,灾难
移动迷宫2,动作
移动迷宫2,科幻
移动迷宫2,惊悚
前任2：备胎反击战,爱情
前任2：备胎反击战,喜剧
剩者为王,爱情
剩者为王,喜剧
剩者为王,都市
雨夜惊魂,惊悚
雨夜惊魂,恐怖
激战黎明,战争
时尚女郎之女人江湖,爱情
史努比：花生大电影,动画
史努比：花生大电影,喜剧
史努比：花生大电影,家庭
史努比：花生大电影,冒险
不是钱的事,剧情
日本战犯忏悔备忘录,剧情
日本战犯忏悔备忘录,纪录片
我的青春期,爱情
我的青春期,喜剧
糯米的苹果,剧情
追梦英雄,剧情
二十二,剧情
二十二,纪录片
瓯柑之恋,剧情
陪安东尼度过漫长岁月,爱情
年少轻狂,爱情
年少轻狂,青春
年少轻狂,喜剧
男二本色,喜剧
007：幽灵党,动作
007：幽灵党,冒险
007：幽灵党,惊悚
007：幽灵党,悬疑
昆塔：盒子总动员,动画
昆塔：盒子总动员,喜剧
昆塔：盒子总动员,冒险
桑榆街9号,剧情
梦行者,剧情
东方欲晓,纪实
东方欲晓,革命
东方欲晓,历史
火车快跑,爱情
玩命速递：重启之战,动作
玩命速递：重启之战,犯罪
玩命速递：重启之战,惊悚
十月初五的月光,爱情
一个勺子,喜剧
一个勺子,冒险
藏羚王之雪域精灵,动画
藏羚王之雪域精灵,冒险
藏羚王之雪域精灵,喜剧
灵臆事件,惊悚
灵臆事件,恐怖
遭遇海明威,爱情
痞子・洛克,喜剧
痞子・洛克,动作
喋血神兵,剧情
路口,爱情
饥饿游戏3：嘲笑鸟（下）,动作
饥饿游戏3：嘲笑鸟（下）,科幻
饥饿游戏3：嘲笑鸟（下）,冒险
饥饿游戏3：嘲笑鸟（下）,惊悚
一刻十年,爱情
星探,喜剧
火星救援,科幻
火星救援,动作
火星救援,冒险
水晶女孩,剧情
消失的凶手,动作
消失的凶手,悬疑
坏蛋必须死,喜剧
坏蛋必须死,动作
坏蛋必须死,悬疑
坏蛋必须死,犯罪
诡影迷情,惊悚
诡影迷情,恐怖
诡影迷情,灵异
摇滚水果,喜剧
摇滚水果,励志
摇滚水果,爱情
我和初恋的三次婚礼,爱情
乌珠穆沁的孩子,剧情
敌后文工队,战争
敌后文工队,革命
火云端,剧情
漫瀚调,爱情
海绵宝宝,动画
海绵宝宝,喜剧
海绵宝宝,家庭
海绵宝宝,冒险
怦然星动,爱情
极盗者,动作
极盗者,犯罪
极盗者,冒险
不可思异,喜剧
不可思异,科幻
从天“儿”降,喜剧
从天“儿”降,爱情
从天“儿”降,科幻
杜拉拉追婚记,爱情
杜拉拉追婚记,喜剧
浴血反击,动作
打开天窗说亮话,剧情
白石山下一家人,剧情
余之香,剧情
何帅的爱情,爱情
爱情不等式,爱情
正果,爱情
正果,惊悚
受降前夕,战争
受降前夕,犯罪
受降前夕,悬疑
师父,动作
师父,武侠
不能错过,爱情
我是大明星,喜剧
天降,剧情
天降,文艺
擦枪走火,喜剧
最美的时候遇见你,爱情
东北偏北,喜剧
东北偏北,犯罪
东北偏北,悬疑
紫霞,魔幻
紫霞,爱情
电商时代,喜剧
梦幻佳期,爱情
梦幻佳期,喜剧
北京时间,爱情
全力扣杀,动作
全力扣杀,喜剧
极速风流,动作
极速风流,传记
极速风流,运动
咕噜咕噜美人鱼,动画
咕噜咕噜美人鱼,喜剧
咕噜咕噜美人鱼,冒险
圣诞大赢家,动画
圣诞大赢家,喜剧
没女神探,爱情
没女神探,喜剧
母亲的飞机场,剧情
青春笔记,爱情
一个人的恋情,爱情
暗剑,战争
麻辣白玉堂之致命棋局,剧情
麻辣白玉堂之致命棋局,动作
麻辣白玉堂之致命棋局,悬疑
寻龙诀,惊悚
寻龙诀,冒险
寻龙诀,动作
万万没想到,喜剧
万万没想到,古装
万万没想到,冒险
诡娃娃,惊悚
诡娃娃,恐怖
根据地,剧情
根据地,记录
风雨日升昌,纪实
无法触碰的爱,爱情
守卫者,剧情
老炮儿,剧情
老炮儿,亲情
老炮儿,家庭
老炮儿,动作
老炮儿,犯罪
恶棍天使,喜剧
分手再说我爱你,爱情
胜利大阅兵,剧情
胜利大阅兵,纪录片
你是不是我的爱人,爱情
你是不是我的爱人,励志
催命符,惊悚
催命符,悬疑
被风吹过的记忆,爱情
夜郎侠之一路危途,动作
喜乐长安,爱情
喜乐长安,武侠
喜乐长安,喜剧
喜乐长安,动作
唐人街探案,喜剧
唐人街探案,动作
唐人街探案,悬疑
一念天堂,喜剧
索命暹罗之按摩师,惊悚
索命暹罗之按摩师,悬疑
索命暹罗之按摩师,恐怖
探秘者,剧情
探秘者,冒险
诡新娘,惊悚
诡新娘,爱情
诡新娘,恐怖
军号密码,战争
女神时代,爱情
小门神,动画
小门神,喜剧
一切都好,喜剧
皇帝的新装之圣诞大明星,动画
皇帝的新装之圣诞大明星,喜剧
神探夏洛克,剧情
神探夏洛克,悬疑
神探夏洛克,犯罪
舌尖上的新年,纪录片
百家拳之关门弟子,动作
荒村怨灵,惊悚
荒村怨灵,恐怖
冰美人,爱情
冰美人,冒险
星球大战：原力觉醒,动作
星球大战：原力觉醒,冒险
星球大战：原力觉醒,科幻
通灵神探,科幻
通灵神探,动作
通灵神探,悬疑
通灵神探,犯罪
最后的巫师猎人,动作
最后的巫师猎人,冒险
极限挑战之皇家宝藏,喜剧
极限挑战之皇家宝藏,悬疑
极限挑战之皇家宝藏,真人秀
消失爱人,爱情
消失爱人,悬疑
国酒,剧情
国酒,爱情
恋爱教父之三个“坏”家伙,爱情
恋爱教父之三个“坏”家伙,喜剧
恋爱教父之三个“坏”家伙,励志
我很帅,喜剧
我很帅,剧情
熊出没之熊心归来,动画
熊出没之熊心归来,喜剧
熊出没之熊心归来,冒险
天堂之吻,爱情
清明,[]
雏鸟的天空,剧情
致命一击,动作
临时约定,爱情
临时约定,喜剧
真相禁区,动作
真相禁区,悬疑
真相禁区,犯罪
恶灵之门,惊悚
恶灵之门,恐怖
恶灵之门,悬疑
一家老小向前冲,喜剧
爱在深秋,爱情
谎言大爆炸,喜剧
谎言大爆炸,悬疑
爸爸我来救你了,喜剧
爸爸我来救你了,动作
爸爸我来救你了,冒险
爸爸我来救你了,儿童
请把你的窗户打开,剧情
钢板咏叹调,喜剧
云中行走,剧情
云中行走,传记
云中行走,冒险
恶人报喜,喜剧
果宝特攻之水果大逃亡,动画
果宝特攻之水果大逃亡,喜剧
果宝特攻之水果大逃亡,冒险
猿创世界之熊孩子部落,动画
男神时代,爱情
男神时代,喜剧
当流星划过天际,爱情
爱之初体验,喜剧
爱之初体验,爱情
爱之初体验,青春
爱情麻辣烫之情定终身,爱情
回乡逗儿,喜剧
回乡逗儿,公路
刺猬小子之天生我刺,动画
刺猬小子之天生我刺,儿童
刺猬小子之天生我刺,冒险
绝地逃亡,动作
绝地逃亡,喜剧
绝地逃亡,冒险
三少爷的剑,动作
三少爷的剑,古装
夏有乔木 雅望天堂,爱情
夏有乔木 雅望天堂,青春
小小校长,剧情
大山的女儿,剧情
鼠来宝4：萌在逋,动画
鼠来宝4：萌在逋,冒险
鼠来宝4：萌在逋,喜剧
欲链迷情,爱情
欲链迷情,悬疑
欲链迷情,惊悚
功夫熊猫3,动画
功夫熊猫3,动作
功夫熊猫3,冒险
功夫熊猫3,喜剧
蒸发太平洋,科幻
蒸发太平洋,冒险
蒸发太平洋,悬疑
致我们终将到来的爱情,爱情
我的“狐朋狗友”,喜剧
我的“狐朋狗友”,动作
我的“狐朋狗友”,爱情
非同小可,爱情
非同小可,励志
风口青春,爱情
风口青春,喜剧
过年好,喜剧
那岁月―刻骨铭心,剧情
大鱼海棠,动画
大鱼海棠,奇幻
逆境王牌,剧情
请柬,剧情
神秘的未知世界,剧情
马达加斯加：狐猴之岛,剧情
马达加斯加：狐猴之岛,科教片
触发,剧情
爱情斑马线,[]
爱无界,[]
初一,[]
美人鱼,喜剧
美人鱼,爱情
美人鱼,科幻
美人鱼,怀旧
西游记之孙悟空三打白骨精,奇幻
西游记之孙悟空三打白骨精,动作
西游记之孙悟空三打白骨精,喜剧
澳门风云3,动作
澳门风云3,喜剧
澳门风云3,冒险
年兽大作战,动画
年兽大作战,喜剧
断片儿,爱情
断片儿,喜剧
奔爱,爱情
谋杀似水年华,爱情
谋杀似水年华,悬疑
谋杀似水年华,犯罪
高跟鞋先生,喜剧
高跟鞋先生,爱情
火影忍者剧场版：博人传,动画
火影忍者剧场版：博人传,动作
火影忍者剧场版：博人传,冒险
卧虎藏龙：青冥宝剑,动作
卧虎藏龙：青冥宝剑,冒险
青蛙王国之冰冻大冒险,动画
青蛙王国之冰冻大冒险,喜剧
青蛙王国之冰冻大冒险,冒险
恭喜发财之谈钱说爱,喜剧
恭喜发财之谈钱说爱,爱情
托马斯和朋友们多多岛之迷失宝藏,动画
女汉子真爱公式,爱情
女汉子真爱公式,喜剧
蜜月酒店杀人事件,惊悚
蜜月酒店杀人事件,爱情
蜜月酒店杀人事件,悬疑
诡娃,惊悚
诡娃,恐怖
当我们年轻的时候,剧情
当我们年轻的时候,青春
冰河追凶,动作
冰河追凶,悬疑
冰河追凶,犯罪
美好人生,[]
霹雳寤,喜剧
霹雳寤,动作
末日迷踪,动作
末日迷踪,科幻
末日迷踪,惊悚
圣斗士星矢：圣域传说,动画
别开门,惊悚
别开门,悬疑
别开门,恐怖
叶问3,动作
叶问3,传记
半熟少女,爱情
疯狂动物城,动画
疯狂动物城,冒险
谍影特工,动作
谍影特工,犯罪
谍影特工,惊悚
地心营救,剧情
地心营救,传记
哑孩儿,剧情
哑孩儿,亲情
东北往事之破马张飞,喜剧
哪一天我们会飞,爱情
哪一天我们会飞,剧情
床下有人3,惊悚
床下有人3,恐怖
床下有人3,悬疑
箭士柳白猿,剧情
箭士柳白猿,武侠
箭士柳白猿,古装
我不是王毛,喜剧
我不是王毛,战争
同城邂逅,爱情
同城邂逅,喜剧
笨贼别跑,喜剧
笨贼别跑,黑色幽默
笨贼别跑,动作
笨贼别跑,古装
灯塔下的恋人,爱情
灯塔下的恋人,剧情
神战：权力之眼,动作
神战：权力之眼,冒险
决不饶恕,剧情
决不饶恕,反腐
洛杉矶捣蛋计划,喜剧
洛杉矶捣蛋计划,冒险
恐怖禁忌之红旗袍,惊悚
恐怖禁忌之红旗袍,恐怖
不速之客,惊悚
不速之客,悬疑
不速之客,犯罪
情比山高,纪录片
荒野猎人,剧情
荒野猎人,冒险
荒野猎人,惊悚
飞鹰艾迪,喜剧
飞鹰艾迪,运动
飞鹰艾迪,传记
寻找心中的你,爱情
寻找心中的你,剧情
斗地主传奇之双王之王,喜剧
恐怖将映,惊悚
恐怖将映,恐怖
恐怖将映,爱情
一夜危机,爱情
一夜危机,喜剧
假装看不见之电影大师,爱情
假装看不见之电影大师,喜剧
缘份,爱情
缘份,喜剧
缘份,剧情
缘份,怀旧
蝙蝠侠大战超人：正义黎明,动作
蝙蝠侠大战超人：正义黎明,奇幻
蝙蝠侠大战超人：正义黎明,冒险
睡在我上铺的兄弟,爱情
睡在我上铺的兄弟,怀旧
火锅英雄,爱情
火锅英雄,动作
火锅英雄,喜剧
火锅英雄,友情
轩辕大帝,剧情
我的特工爷爷,动作
我的特工爷爷,惊悚
我的特工爷爷,悬疑
灵偶契约,惊悚
灵偶契约,恐怖
太空熊猫英雄归来,动画
太空熊猫英雄归来,冒险
隔壁惊魂,惊悚
午夜寻访录,恐怖
伦敦陷落,动作
伦敦陷落,惊悚
伦敦陷落,犯罪
垫底辣妹,剧情
奇幻森林,冒险
奇幻森林,剧情
奇幻森林,奇幻
废柴特工,动作
废柴特工,喜剧
不朽的时光,剧情
不朽的时光,励志
纽约纽约,爱情
猫脸老太太,惊悚
猫脸老太太,恐怖
猫脸老太太,悬疑
猎神：冬日之战,动作
猎神：冬日之战,剧情
猎神：冬日之战,冒险
失眠男女,爱情
记忆碎片,惊悚
记忆碎片,悬疑
记忆碎片,犯罪
我的1000万,剧情
我的1000万,悬疑
刑警兄弟,喜剧
雷锋侠,动画
北京遇上西雅图之不二情书,爱情
北京遇上西雅图之不二情书,喜剧
大唐玄奘,剧情
马小乐之玩具也疯狂,动画
梦想合伙人,爱情
梦想合伙人,励志
梦想合伙人,职场
梦想合伙人,友情
笔仙诡影,惊悚
笔仙诡影,恐怖
超脑48小时,动作
超脑48小时,犯罪
超脑48小时,剧情
百鸟朝凤,剧情
水果宝贝之水果总动员,动画
死亡游戏,惊悚
天亮之前,爱情
天亮之前,黑帮
七月半2：前世今生,惊悚
七月半2：前世今生,恐怖
筷仙,惊悚
筷仙,恐怖
笔仙撞碟仙,惊悚
笔仙撞碟仙,恐怖
谁的青春不迷茫,爱情
谁的青春不迷茫,青春
谁的青春不迷茫,友情
寒战2,动作
寒战2,警匪
寒战2,悬疑
超级保镖,动作
那件疯狂的小事叫爱情,爱情
那件疯狂的小事叫爱情,喜剧
了不起的处女座,喜剧
了不起的处女座,爱情
长江图,爱情
长江图,奇幻
发条城市,喜剧
封神传奇,动作
封神传奇,奇幻
封神传奇,剧情
摇滚藏獒,动画
摇滚藏獒,音乐
爱丽丝梦游仙境2：镜中奇遇记,奇幻
爱丽丝梦游仙境2：镜中奇遇记,冒险
六弄咖啡馆,爱情
六弄咖啡馆,青春
布基兰,剧情
美国队长3：英雄内战,动作
美国队长3：英雄内战,科幻
美国队长3：英雄内战,冒险
我心雀跃,剧情
男神抱抱,喜剧
男神抱抱,爱情
呼吸正常,爱情
呼吸正常,剧情
妄想症,惊悚
妄想症,恐怖
妄想症,悬疑
糖果世界大冒险,动画
糖果世界大冒险,冒险
糖果世界大冒险,奇幻
快手枪手快枪手,动作
快手枪手快枪手,喜剧
佩小姐的奇幻城堡,奇幻
佩小姐的奇幻城堡,冒险
在雨中,爱情
死亡笔记,惊悚
死亡笔记,恐怖
死亡笔记,悬疑
小角色,爱情
阿里巴巴2所罗门封印,动画
阿里巴巴2所罗门封印,喜剧
阿里巴巴2所罗门封印,冒险
再见，在也不见,爱情
再见，在也不见,剧情
再见，在也不见,同性
平凡的足球,[]
古曼,惊悚
我的老婆是明星,喜剧
我的老婆是明星,爱情
夜孔雀,爱情
夜孔雀,剧情
夜孔雀,文艺
夺命推理,剧情
夺命推理,悬疑
三人行,动作
三人行,惊悚
三人行,犯罪
分裂1：906号患者档案,剧情
分裂1：906号患者档案,心理
分裂1：906号患者档案,悬疑
惊天大逆转,剧情
惊天大逆转,悬疑
愤怒的小鸟,动画
愤怒的小鸟,动作
愤怒的小鸟,喜剧
我和我们,[]
水墨大别山,[]
情花谷,爱情
情花谷,剧情
我的新野蛮女友,爱情
我的新野蛮女友,喜剧
莫斯科离大同不远,剧情
恐怖照相机,惊悚
恐怖照相机,悬疑
恐怖照相机,恐怖
魔宫魅影,惊悚
魔宫魅影,悬疑
魔宫魅影,爱情
魔宫魅影,剧情
青蛙总动员,动画
青蛙总动员,冒险
风铃上的卡片,爱情
风铃上的卡片,剧情
风铃上的卡片,儿童
判我有罪,剧情
判我有罪,悬疑
心在彼处,喜剧
麦兜・饭宝奇兵,动画
幻体：续命游戏,科幻
幻体：续命游戏,悬疑
幻体：续命游戏,惊悚
购物女王,爱情
购物女王,喜剧
分歧者3：忠诚世界,科幻
分歧者3：忠诚世界,动作
分歧者3：忠诚世界,冒险
分歧者3：忠诚世界,悬疑
爱的“蟹”逅,爱情
小蚂蚁之环球大冒险,动画
小蚂蚁之环球大冒险,冒险
X战警：天启,动作
X战警：天启,科幻
X战警：天启,冒险
路边野餐,剧情
路边野餐,奇幻
赏金猎人,动作
赏金猎人,喜剧
赏金猎人,剧情
魔兽,动作
魔兽,冒险
魔兽,奇幻
魔兽,战争
我们毕业啦,爱情
我们毕业啦,青春
所以……和黑粉结婚了,爱情
张震讲故事之合租屋,惊悚
张震讲故事之合租屋,剧情
魔轮,惊悚
魔轮,悬疑
陆知马俐,爱情
陆知马俐,喜剧
神秘世界历险记3,动画
神秘世界历险记3,奇幻
神秘世界历险记3,冒险
泰迪熊之玩具大战,动画
泰迪熊之玩具大战,喜剧
泰迪熊之玩具大战,冒险
提款机,剧情
我最好朋友的婚礼,爱情
我最好朋友的婚礼,喜剧
监禁风暴,惊悚
监禁风暴,剧情
监禁风暴,恐怖
我叫MT之山口山战记,动画
我叫MT之山口山战记,喜剧
惊天魔盗团2,动作
惊天魔盗团2,喜剧
惊天魔盗团2,惊悚
独立日：卷土重来,动作
独立日：卷土重来,科幻
独立日：卷土重来,冒险
忍者神龟2：破影而出,动作
忍者神龟2：破影而出,喜剧
忍者神龟2：破影而出,冒险
星际迷航3：超越星辰,科幻
星际迷航3：超越星辰,动作
星际迷航3：超越星辰,冒险
谍影重重5,动作
谍影重重5,悬疑
谍影重重5,惊悚
自我救赎,剧情
山那边有匹马,剧情
恐怖爱情故事之死亡公路,惊悚
恐怖爱情故事之死亡公路,恐怖
恐怖爱情故事之死亡公路,爱情
钢刀,动作
钢刀,战争
708090之深圳恋歌,爱情
708090之深圳恋歌,剧情
708090之深圳恋歌,青春
708090之深圳恋歌,励志
水滴之梦,剧情
斗龙战士之星印罗盘,动画
斗龙战士之星印罗盘,奇幻
动植物大战,动画
动植物大战,儿童
昆塔2・反转星球,动画
严冬里的春天,剧情
红鹰突击队之狙击,[]
练胆儿,喜剧
山花烂漫时,剧情
山花烂漫时,青春
天生不对,爱情
天生不对,喜剧
丑小鸭历险记,动画
盗墓笔记,奇幻
盗墓笔记,悬疑
泰山归来：险战丛林,动作
泰山归来：险战丛林,冒险
我们诞生在中国,纪录片
魔都凶音,惊悚
魔都凶音,恐怖
使徒行者,动作
使徒行者,警匪
使徒行者,悬疑
海洋之恋,爱情
南口1937,战争
绝战,战争
谎言西西里,爱情
危城,动作
危城,武侠
危城,古装
党的女儿尹灵芝,剧情
党的女儿尹灵芝,主旋律
微微一笑很倾城,爱情
微微一笑很倾城,奇幻
微微一笑很倾城,校园
红色警戒999,剧情
红色警戒999,动作
红色警戒999,犯罪
老警,剧情
致青春・原来你还在这里,爱情
致青春・原来你还在这里,青春
龙拳小子,动作
龙拳小子,喜剧
爱宠大机密,动画
爱宠大机密,喜剧
超能太阳鸭,动画
泡沫之夏,爱情
当流星划过天际,爱情
海底总动员2：寻找多莉,动画
海底总动员2：寻找多莉,喜剧
海底总动员2：寻找多莉,冒险
喊・山,剧情
喊・山,爱情
喊・山,犯罪
冬,剧情
精灵王座,动画
精灵王座,爱情
精灵王座,冒险
在世界中心呼唤爱,爱情
古田会议,剧情
古田会议,主旋律
少年师爷之大禹宝藏,动画
少年师爷之大禹宝藏,儿童
鲨滩,惊悚
鲨滩,恐怖
鲨滩,剧情
终极硬汉,动作
终极硬汉,枪战
终极硬汉,犯罪
血证一九二八,剧情
禁锢,[]
大火种,剧情
大火种,主旋律
大火种,怀旧
哆啦A梦：新・大雄的日本诞生,冒险
哆啦A梦：新・大雄的日本诞生,动画
岛,喜剧
刻在石磨上的勋章,剧情
情况不妙,喜剧
白雪公主和三只小猪,动画
白雪公主和三只小猪,冒险
再生之乐,剧情
再生之乐,喜剧
返乡,剧情
寄生兽,科幻
寄生兽,恐怖
吉祥宝宝之我是食神,动画
吉祥宝宝之我是食神,喜剧
十月阳春,剧情
狼兵吼,动作
狼兵吼,战争
狼兵吼,爱情
狼兵吼,悬疑
爸爸的木房子,剧情
爸爸的木房子,亲情
一棵心中的许愿树,剧情
一棵心中的许愿树,爱情
幸运是我,剧情
幸运是我,亲情
蜜月计划,爱情
蜜月计划,喜剧
老阿姨,剧情
天使请吻我,剧情
天使请吻我,爱情
爱在星空下,剧情
爱在星空下,爱情
夜半哭声,惊悚
夜半哭声,恐怖
回到原点,剧情
世界屋脊的歌声,剧情
情战,爱情
疯狂的疯狂,喜剧
疯狂的疯狂,悬疑
新大头儿子和小头爸爸2一日成才,动画
新大头儿子和小头爸爸2一日成才,儿童
花样厨神,剧情
花样厨神,喜剧
花样厨神,励志
许海峰的枪,运动
谁hold住谁,喜剧
爱在旅途,爱情
大地赤子史来贺,剧情
大地赤子史来贺,传记
湖杀令,战争
青涩日记,喜剧
青涩日记,爱情
夜魔人,惊悚
夜魔人,恐怖
功夫世家,动作
功夫世家,喜剧
人生不能重来,剧情
孕城,剧情
毛丰美,剧情
毛丰美,传记
报国之路,纪录片
荒村凶间,惊悚
荒村凶间,恐怖
奇葩追梦,喜剧
奇葩追梦,剧情
魔法老师,喜剧
魔法老师,科幻
Hi，高考君,剧情
Hi，高考君,喜剧
勿忘初心,剧情
勿忘初心,喜剧
低碳爱情,爱情
看见我和你,爱情
看见我和你,喜剧
丢羊,剧情
斗艳,爱情
斗艳,剧情
为爱放手,爱情
换个活法,剧情
三个孬家伙,喜剧
三个孬家伙,剧情
