theme,movieName
[],爱情斑马线
[],红鹰突击队之狙击
[],水墨大别山
[],平凡的足球
[],我和我们
[],禁锢
[],爱无界
[],光荣使命
[],清明
[],初一
[],美好人生
主旋律,为了这片土地
主旋律,西藏天空
主旋律,南泥湾
主旋律,古田会议
主旋律,天上的菊美
主旋律,党的女儿尹灵芝
主旋律,黄河
主旋律,大火种
主旋律,乳娘情
亲情,幸福梦想
亲情,妈妈让我再爱你一次
亲情,爸爸的木房子
亲情,团圆
亲情,重返20岁
亲情,商魂
亲情,哑孩儿
亲情,幸福很
亲情,爸爸去哪儿
亲情,老炮儿
亲情,好人常慧珍
亲情,星际穿越
亲情,妈咪侠
亲情,幸运是我
亲情,硬汉奶爸
亲情,石斛兰
亲情,重返地球
亲情,娘家人
传记,曼德拉
传记,吴仁宝
传记,极速风流
传记,云中行走
传记,模仿游戏
传记,一代宗师
传记,铁娘子：坚固柔情
传记,乔布斯
传记,地心营救
传记,顾景舟
传记,邓小平登黄山
传记,盟军夺宝队
传记,门巴将军
传记,叶问3
传记,毛丰美
传记,飞鹰艾迪
传记,正骨
传记,大地赤子史来贺
传记,周恩来的四个昼夜
传记,黄金时代
传记,启功
传记,天上的菊美
传记,毛泽东与齐白石
传记,青春雷锋
传记,一代宗师3D
传记,唐家山之恋
传记,雨中的树
传记,归来
传记,叶问：终极一战
侦探,名侦探柯南2015：业火的向日葵
儿童,巴啦啦小魔仙之魔箭公主
儿童,爸爸我来救你了
儿童,风铃上的卡片
儿童,少年毛泽东
儿童,从哪来，到哪去
儿童,奥拉星：进击圣殿
儿童,闯堂兔2疯狂马戏团
儿童,洛克王国4：出发！巨人谷
儿童,我爸比我小四岁
儿童,无敌小飞猪
儿童,太阳脸
儿童,龙骑侠
儿童,小小飞虎队
儿童,莫日根
儿童,阳光留守
儿童,巴啦啦小魔仙
儿童,有人赞美聪慧，有人则不
儿童,爸爸去哪儿2
儿童,刺猬小子之天生我刺
儿童,有一天
儿童,森林孤影
儿童,巴啦啦小魔仙之魔法的考验
儿童,动植物大战
儿童,木偶传奇
儿童,新大头儿子和小头爸爸2一日成才
儿童,猪猪侠之终极决战
儿童,西游新传2：真心话大冒险
儿童,情笛之爱
儿童,小神来了
儿童,飞跃地心
儿童,鹰笛・雪莲
儿童,指尖太阳
儿童,少年师爷之大禹宝藏
儿童,三只小猪与神灯
儿童,赛尔号5：雷神崛起
公路,等风来
公路,回乡逗儿
公路,后会无期
公路,心花路放
公路,人再逋局泰
公路,意外的恋爱时光
公路,无人区
冒险,侏罗纪公园3D
冒险,小羊肖恩
冒险,钢铁侠3
冒险,被解救的姜戈
冒险,王牌特工：特工学院
冒险,极盗者
冒险,澳门风云3
冒险,小猪班纳大电影之梦想大“帽”险
冒险,海绵宝宝
冒险,复仇者联盟2：奥创纪元
冒险,道士下山
冒险,火影忍者剧场版：博人传
冒险,遗落战境
冒险,一个勺子
冒险,兔侠之青黎传说
冒险,藏羚王之雪域精灵
冒险,霍比特人1：意外旅程
冒险,昆塔：盒子总动员
冒险,疯狂动物城
冒险,007：幽灵党
冒险,小飞侠：幻梦启航
冒险,西游新传2：真心话大冒险
冒险,太极侠
冒险,木星上行
冒险,饥饿游戏3：嘲笑鸟（下）
冒险,灰姑娘
冒险,青蛙王国之冰冻大冒险
冒险,火星救援
冒险,卧虎藏龙：青冥宝剑
冒险,暴走吧，女人
冒险,逃出生天3D
冒险,分歧者2：绝地反击
冒险,奥拉星：进击圣殿
冒险,特功明星
冒险,巨人捕手杰克
冒险,特种部队：全面反击
冒险,爸爸我来救你了
冒险,疯狂外星人
冒险,致命闪玩
冒险,少年毛泽东
冒险,明日世界
冒险,阿里巴巴大盗奇兵
冒险,魔境仙踪
冒险,熊出没之熊心归来
冒险,赛尔号5：雷神崛起
冒险,探秘者
冒险,最后的巫师猎人
冒险,兔子镇的火狐狸
冒险,速度与激情6
冒险,冰美人
冒险,魔比斯环3D
冒险,绝命海拔
冒险,帝国秘符
冒险,星际迷航：暗黑无界
冒险,云中行走
冒险,蒸发太平洋
冒险,功夫熊猫3
冒险,星球大战：原力觉醒
冒险,咕噜咕噜美人鱼
冒险,鼠来宝4：萌在逋
冒险,侏罗纪世界
冒险,末日崩塌
冒险,落经山
冒险,寻龙诀
冒险,绝地逃亡
冒险,史努比：花生大电影
冒险,万万没想到
冒险,金箍棒传奇2
冒险,刺猬小子之天生我刺
冒险,潜艇总动员之时光宝盒
冒险,环太平洋
冒险,果宝特攻之水果大逃亡
冒险,非常幸运
冒险,魔镜奇缘
冒险,博物馆奇妙夜3
冒险,饥饿游戏2:星火燎原
冒险,庞贝末日
冒险,白雪公主之矮人力量
冒险,超人：钢铁之躯
冒险,少年派的奇幻漂流
冒险,神通佛影
冒险,我是大熊猫之熊猫大侠
冒险,星际迷航3：超越星辰
冒险,敢死队3
冒险,忍者神龟2：破影而出
冒险,独立日：卷土重来
冒险,分歧者：异类觉醒
冒险,九层妖塔
冒险,狂野飞车
冒险,泰迪熊之玩具大战
冒险,神秘世界历险记3
冒险,魔兽
冒险,十二生肖
冒险,狼图腾
冒险,银河护卫队
冒险,X战警：天启
冒险,冰川时代：融冰之灾
冒险,凶间雪山
冒险,小蚂蚁之环球大冒险
冒险,泰山归来：险战丛林
冒险,神秘世界历险记2
冒险,鹰笛・雪莲
冒险,霍比特人：史矛革之战
冒险,双雄
冒险,英雄之战
冒险,美国队长2：冬日战士
冒险,碟中谍5：神秘国度
冒险,巴啦啦小魔仙之魔法的考验
冒险,大力神3D
冒险,犹太女孩在上海2：项链密码
冒险,超凡蜘蛛侠2
冒险,心跳戈壁
冒险,X战警：逆转未来
冒险,圣杯神器：骸骨之城
冒险,分歧者3：忠诚世界
冒险,白雪公主和三只小猪
冒险,哆啦A梦：新・大雄的日本诞生
冒险,敢死队2
冒险,史前怪兽
冒险,沉睡魔咒
冒险,变形金刚4：绝迹重生
冒险,海神密码
冒险,王子与108煞
冒险,精灵王座
冒险,赛尔号4大电影：圣魔之战
冒险,重返地球
冒险,海底总动员2：寻找多莉
冒险,终结者：创世纪
冒险,巴啦啦小魔仙之魔箭公主
冒险,汽车人总动员
冒险,极地大反攻
冒险,闯堂兔2疯狂马戏团
冒险,龙骑侠
冒险,天眼传奇
冒险,致命黑兰
冒险,奇幻森林
冒险,第七子：降魔之战
冒险,莫日根
冒险,太空熊猫英雄归来
冒险,巴啦啦小魔仙
冒险,美人鱼之海盗来袭
冒险,007：大破天幕杀机
冒险,霍比特人：五军之战
冒险,蝙蝠侠大战超人：正义黎明
冒险,独行侠
冒险,宝贝，对不起
冒险,荒野猎人
冒险,摩尔庄园3：魔幻列车大冒险
冒险,西游降魔篇
冒险,洛杉矶捣蛋计划
冒险,神战：权力之眼
冒险,盗剑72小时
冒险,饥饿游戏3：嘲笑鸟（上）
冒险,熊出没之雪岭熊风
冒险,蚁人
冒险,猎神：冬日之战
冒险,秘术
冒险,天机・富春山居图
冒险,大话西游之大圣娶亲
冒险,宙斯之子：赫拉克勒斯
冒险,忍者神龟：变种时代
冒险,白雪公主之神秘爸爸
冒险,美国队长3：英雄内战
冒险,佩小姐的奇幻城堡
冒险,密道追踪之阴兵虎符
冒险,阿里巴巴2所罗门封印
冒险,头脑特工队
冒险,铁血娇娃
冒险,爱丽丝梦游仙境2：镜中奇遇记
冒险,智取威虎山3D
冒险,青蛙总动员
冒险,星际穿越
冒险,光辉岁月
冒险,抢劫坚果店
冒险,糖果世界大冒险
冒险,大话西游之月光宝盒
农村,石榴树上结樱桃
农村,为了这片土地
农村,民工・老大・老板
农村,恋爱兄弟
农村,一诺・千金
农村,七彩田野
剧情,拐杖
剧情,角逐
剧情,鹰笛・雪莲
剧情,山村母亲（戏曲）
剧情,守梦者
剧情,盗非盗
剧情,最美的承诺
剧情,少女哪吒
剧情,无脚鸟
剧情,相伴库里申科
剧情,模仿游戏
剧情,公证人之大卫之死
剧情,民工・老大・老板
剧情,七品知县进道观（豫剧）
剧情,烈日灼心
剧情,山娃
剧情,三个孬家伙
剧情,一诺・千金
剧情,大丑
剧情,乳娘情
剧情,奇迹宝宝
剧情,圣哲老子
剧情,有一天
剧情,亲爱的
剧情,王化买父
剧情,走出迷林
剧情,奈河
剧情,蓝色骨头
剧情,打工老板
剧情,爱・回家
剧情,凤凰台
剧情,家亦有道
剧情,破五
剧情,天河
剧情,深情约定
剧情,生死船票
剧情,再见巨人
剧情,七彩田野
剧情,霍比特人：史矛革之战
剧情,守望女
剧情,顾家姆妈
剧情,西藏天空
剧情,心曲
剧情,冬
剧情,侨女日记
剧情,笨贼快跑
剧情,一号目标
剧情,鄂尔多斯骑士
剧情,星星的梦
剧情,海神密码
剧情,美国骗局
剧情,破局
剧情,毛驴县令之酸儿辣女
剧情,京城81号
剧情,腊月的春
剧情,平凡之路
剧情,黄克功案件
剧情,塞外长风
剧情,永远的守望
剧情,十二公民
剧情,情满人间
剧情,哺乳期的女人
剧情,木偶传奇
剧情,伴我同行
剧情,天边的孩子
剧情,踏雪寻梅
剧情,白蛇传（戏曲）
剧情,无法证明
剧情,铁马飞扬
剧情,保山
剧情,老师也疯狂
剧情,我的23岁
剧情,为了这片土地
剧情,守信少年
剧情,因为谷桂花
剧情,我要上学
剧情,闯入者
剧情,爸爸的晚餐
剧情,面孔
剧情,天生有福
剧情,桔子的天空
剧情,美丽乡愁
剧情,老人，孩子和外国人
剧情,宝贝，对不起
剧情,河
剧情,状元媒
剧情,狼图腾
剧情,扑通扑通我的人生
剧情,山间传来牛铃声
剧情,失孤
剧情,见习警员白忆男之初来乍到
剧情,抱养奇缘
剧情,爸爸妈妈复婚记
剧情,枪过境
剧情,母亲的梦想
剧情,天使：生命处方
剧情,80后的独立宣言
剧情,我很帅
剧情,火海逃生
剧情,大火种
剧情,血证一九二八
剧情,国酒
剧情,赏金猎人
剧情,百鸟朝凤
剧情,雏鸟的天空
剧情,超脑48小时
剧情,鲨滩
剧情,古田会议
剧情,岁月无声
剧情,冬
剧情,请把你的窗户打开
剧情,喊・山
剧情,云中行走
剧情,孝女彩金
剧情,神探夏洛克
剧情,探秘者
剧情,刻在石磨上的勋章
剧情,一棵心中的许愿树
剧情,爸爸的木房子
剧情,布基兰
剧情,缘份
剧情,麻辣白玉堂之致命棋局
剧情,十月阳春
剧情,封神传奇
剧情,老警
剧情,都市童话
剧情,根据地
剧情,守卫者
剧情,老炮儿
剧情,路边野餐
剧情,胜利大阅兵
剧情,再生之乐
剧情,蝙蝠侠：黑暗骑士崛起
剧情,返乡
剧情,大唐玄奘
剧情,南平红荔
剧情,小小校长
剧情,垫底辣妹
剧情,保安刘十八
剧情,少年派的奇幻漂流
剧情,山那边有匹马
剧情,自我救赎
剧情,地心营救
剧情,哑孩儿
剧情,当我们年轻的时候
剧情,哪一天我们会飞
剧情,箭士柳白猿
剧情,轩辕大帝
剧情,灯塔下的恋人
剧情,决不饶恕
剧情,咱们是亲人
剧情,荒野猎人
剧情,寻找心中的你
剧情,监禁风暴
剧情,幸运是我
剧情,708090之深圳恋歌
剧情,奇幻森林
剧情,大山的女儿
剧情,红色警戒999
剧情,党的女儿尹灵芝
剧情,我的1000万
剧情,猎神：冬日之战
剧情,那岁月―刻骨铭心
剧情,逆境王牌
剧情,水滴之梦
剧情,张震讲故事之合租屋
剧情,请柬
剧情,神秘的未知世界
剧情,山花烂漫时
剧情,提款机
剧情,马达加斯加：狐猴之岛
剧情,触发
剧情,严冬里的春天
剧情,不朽的时光
剧情,听风者
剧情,母亲的飞机场
剧情,老阿姨
剧情,妈妈让我再爱你一次
剧情,喜马拉雅天梯
剧情,心迷宫
剧情,勿忘初心
剧情,龙凤呈祥
剧情,夺命推理
剧情,Hi，高考君
剧情,魔宫魅影
剧情,奇葩追梦
剧情,蹴鞠
剧情,顾景舟
剧情,毛丰美
剧情,夜孔雀
剧情,少年林祥谦
剧情,孕城
剧情,家在水草丰茂的地方
剧情,告诉他们，我乘白鹤去了
剧情,我是证人
剧情,丢羊
剧情,谍战锦屏山
剧情,赤狼蚁
剧情,启功
剧情,娘家人
剧情,换个活法
剧情,莫斯科离大同不远
剧情,情花谷
剧情,惊天大逆转
剧情,分裂1：906号患者档案
剧情,我的狗狗我的爱
剧情,妮莎罕
剧情,犀利人妻
剧情,将离草
剧情,斗艳
剧情,男左女右
剧情,遥远的拥抱
剧情,整形师・脸
剧情,少年圆瑛
剧情,山河故人
剧情,乡间童谣
剧情,绝命海拔
剧情,风铃上的卡片
剧情,世界屋脊的歌声
剧情,我的处女地
剧情,呼吸正常
剧情,水晶女孩
剧情,我心雀跃
剧情,回到原点
剧情,记忆望着我
剧情,乌珠穆沁的孩子
剧情,火云端
剧情,判我有罪
剧情,爱在星空下
剧情,打开天窗说亮话
剧情,白石山下一家人
剧情,余之香
剧情,天使请吻我
剧情,天降
剧情,喋血神兵
剧情,南方大冰雪
剧情,有这样一个医生
剧情,再见，在也不见
剧情,梦行者
剧情,人生不能重来
剧情,不是钱的事
剧情,桑榆街9号
剧情,大地赤子史来贺
剧情,日本战犯忏悔备忘录
剧情,瓯柑之恋
剧情,糯米的苹果
剧情,花样厨神
剧情,追梦英雄
剧情,二十二
功夫,黄飞鸿之英雄有梦
功夫,一个人的武林
动作,绝密跟踪
动作,痞子英雄：黎明升起
动作,X战警：天启
动作,闯入迷宅
动作,赏金猎人
动作,独立日：卷土重来
动作,惊天魔盗团2
动作,宙斯之子：赫拉克勒斯
动作,大话西游之月光宝盒
动作,不惧风暴
动作,分歧者3：忠诚世界
动作,魔兽
动作,大话西游之大圣娶亲
动作,空中营救
动作,冰川时代：融冰之灾
动作,银河护卫队
动作,碟中谍5：神秘国度
动作,挑战者联盟
动作,狼兵吼
动作,一号目标
动作,城市游戏
动作,蜂鸟特攻
动作,超凡蜘蛛侠2
动作,冰封：重生之门
动作,超验骇客
动作,国宝疑云
动作,魔警
动作,功夫世家
动作,X战警：逆转未来
动作,大力神3D
动作,美国队长2：冬日战士
动作,盟军夺宝队
动作,英雄之战
动作,家园防线
动作,极品飞车
动作,别惹我
动作,甜蜜杀机
动作,机械战警
动作,夺樽
动作,霍比特人：史矛革之战
动作,特工艾米拉
动作,分歧者：异类觉醒
动作,窃听风云3
动作,哥斯拉
动作,忍者神龟2：破影而出
动作,星际迷航3：超越星辰
动作,谍影重重5
动作,敢死队3
动作,猩球崛起：黎明之战
动作,钢刀
动作,神通佛影
动作,四大名捕大结局
动作,反贪风暴
动作,庞贝末日
动作,明日边缘
动作,永春白鹤拳之擎天画卷
动作,使徒行者
动作,绣春刀
动作,白发魔女传之明月天国
动作,危城
动作,红色警戒999
动作,龙拳小子
动作,海神密码
动作,终极硬汉
动作,变形金刚4：绝迹重生
动作,沉睡魔咒
动作,泰山归来：险战丛林
动作,狙击时刻
动作,侠僧探案传奇之大夜叉
动作,一个人的武林
动作,极盗者
动作,浴血反击
动作,师父
动作,拳霸风云
动作,横冲直撞好莱坞
动作,全力扣杀
动作,致命对决
动作,极速风流
动作,分歧者2：绝地反击
动作,杀破狼2
动作,我是谁2015
动作,侏罗纪世界
动作,搏击迷城
动作,麻辣白玉堂之致命棋局
动作,末日崩塌
动作,寻龙诀
动作,老炮儿
动作,夜郎侠之一路危途
动作,喜乐长安
动作,屠魔战士
动作,唐人街探案
动作,百家拳之关门弟子
动作,星球大战：原力觉醒
动作,通灵神探
动作,复仇者联盟2：奥创纪元
动作,最后的巫师猎人
动作,超能查派
动作,悬战
动作,致命一击
动作,坏蛋必须死
动作,真相禁区
动作,消失的凶手
动作,火星救援
动作,心跳戈壁
动作,刺客聂隐娘
动作,像素大战
动作,诱狼
动作,来电不善
动作,终结者：创世纪
动作,别有动机
动作,王子与108煞
动作,使命召唤
动作,九层妖塔
动作,解救吾先生
动作,狂野飞车
动作,情剑
动作,轩辕剑传奇
动作,魔卡行动
动作,黑猫警长之翡翠之星
动作,蚁人
动作,幸存者
动作,谜城
动作,小飞侠：幻梦启航
动作,猛龙特
动作,移动迷宫2
动作,诺苏之鹰
动作,007：幽灵党
动作,西游记之大圣归来
动作,罪恶赎金
动作,玩命速递：重启之战
动作,痞子・洛克
动作,饥饿游戏3：嘲笑鸟（下）
动作,道士下山
动作,剑河
动作,赤道
动作,爸爸我来救你了
动作,坚不可摧
动作,时光大战
动作,火锅英雄
动作,霍比特人：五军之战
动作,我的特工爷爷
动作,少年杨靖宇
动作,伦敦陷落
动作,暴走神探
动作,废柴特工
动作,少林寺探案传奇之催命符
动作,一代宗师3D
动作,猎神：冬日之战
动作,超脑48小时
动作,寒战2
动作,功夫小龙
动作,超级保镖
动作,封神传奇
动作,智取威虎山3D
动作,鸣梁海战
动作,美国队长3：英雄内战
动作,密道追踪之阴兵虎符
动作,狂怒
动作,黄飞鸿之英雄有梦
动作,快手枪手快枪手
动作,三人行
动作,潜龙风云
动作,全城通缉
动作,愤怒的小鸟
动作,忍者神龟：变种时代
动作,蝙蝠侠大战超人：正义黎明
动作,破坏者
动作,死亡之谜之双鱼玉佩
动作,饥饿游戏3：嘲笑鸟（上）
动作,龙潭夺宝
动作,奇幻女侠
动作,绝地逃亡
动作,三少爷的剑
动作,贵族大盗
动作,枪过境
动作,速度与激情7
动作,功夫熊猫3
动作,特功明星
动作,我的“狐朋狗友”
动作,冲锋车
动作,白幽灵传奇之绝命逃亡
动作,战狼
动作,王牌特工：特工学院
动作,一万年以后
动作,西游记之孙悟空三打白骨精
动作,澳门风云3
动作,火影忍者剧场版：博人传
动作,卧虎藏龙：青冥宝剑
动作,冰河追凶
动作,霹雳寤
动作,木星上行
动作,末日迷踪
动作,超能陆战队
动作,叶问3
动作,谍影特工
动作,天将雄师
动作,澳门风云2
动作,笨贼别跑
动作,神战：权力之眼
动作,暗杀
动作,双雄
动作,咏春小龙
动作,生化危机5：惩罚
动作,背水一战
动作,十二生肖
动作,风暴
动作,叶问：终极一战
动作,四大名捕2
动作,止杀令
动作,无人区
动作,侏罗纪公园3D
动作,功夫侠
动作,厨子戏子痞子
动作,魔境仙踪
动作,一场风花雪月的事
动作,毒战
动作,王的盛宴
动作,2012 3D
动作,忠烈杨家将
动作,扫毒
动作,一触即发
动作,特种部队：全面反击
动作,重返地球
动作,天台爱情
动作,控制
动作,狄仁杰之神都龙王
动作,刺夜
动作,寒战
动作,变身超人
动作,血滴子
动作,虎胆龙威5
动作,逃出生天3D
动作,大上海
动作,奥林匹斯的陷落
动作,小小飞虎队
动作,救火英雄
动作,007：大破天幕杀机
动作,独行侠
动作,侠探杰克
动作,圣杯神器：骸骨之城
动作,环太平洋
动作,惊天魔盗团
动作,刺客
动作,越位者
动作,夺宝联盟
动作,速度与激情6
动作,金刚王：死亡救赎
动作,警察故事2013
动作,危情营救
动作,安德的游戏
动作,劫案迷云
动作,特警判官
动作,恶战
动作,一代宗师
动作,笑功震武林
动作,金刚狼2
动作,玩命时光
动作,特殊身份
动作,惊天危机
动作,神奇
动作,目标战
动作,激战
动作,饥饿游戏2:星火燎原
动作,史前怪兽
动作,西游记之大闹天宫
动作,铜雀台
动作,被解救的姜戈
动作,河东狮吼2
动作,太极侠
动作,功夫战斗机
动作,致命黑兰
动作,遗落战境
动作,敢死队2
动作,钢铁侠3
动作,天钟
动作,花漾
动作,澳门风云
动作,倾城
动作,帝国秘符
动作,孪生密码
动作,极乐空间
动作,盲探
动作,铁血娇娃
动作,赤焰战场2
动作,不二神探
动作,蝙蝠侠：黑暗骑士崛起
动作,冲锋战警
动作,落经山
动作,功夫
动作,四大名捕
动作,光辉岁月
动作,同谋
动作,星际迷航：暗黑无界
动作,赤警威龙
动作,天机・富春山居图
动作,超人：钢铁之躯
动作,雷神2：黑暗世界
动物,海底世界3D
动画,飞跃地心
动画,秦时明月3D电影龙腾万里
动画,魔比斯环3D
动画,极地大反攻
动画,熊出没之雪岭熊风
动画,托马斯和朋友们多多岛之迷失宝藏
动画,龙之谷：破晓奇兵
动画,青蛙王国之冰冻大冒险
动画,圣龙奇兵大冒险
动画,神秘世界历险记2
动画,辛巴达历险记2013
动画,奥拉星：进击圣殿
动画,天眼传奇
动画,火影忍者剧场版：博人传
动画,兔子镇的火狐狸
动画,赛尔号5：雷神崛起
动画,有人赞美聪慧，有人则不
动画,洛克王国2圣龙的心愿
动画,太空熊猫英雄归来
动画,汽车人总动员
动画,梦幻飞琴
动画,海底大冒险
动画,西游记之大圣归来
动画,猪猪侠之终极决战
动画,蜡笔总动员
动画,昆塔・盒子总动员
动画,章鱼哥
动画,青蛙王国
动画,赛尔号4大电影：圣魔之战
动画,太空熊猫历险记
动画,圣斗士星矢：圣域传说
动画,洛克王国3：圣龙的守护
动画,我的老婆是只猫
动画,摩尔庄园3：魔幻列车大冒险
动画,莫日根
动画,我爱灰太狼2
动画,开心超人2启源星之战
动画,马达加斯加的企鹅
动画,喜羊羊与灰太狼之羊年喜羊羊
动画,龙在哪里?
动画,名侦探柯南2015：业火的向日葵
动画,魁拔之大战元泱界
动画,精灵旅社
动画,神笔马良
动画,精灵旅社2
动画,小羊肖恩
动画,年兽大作战
动画,长江7号：超萌特攻队
动画,美人鱼之海盗来袭
动画,龙骑侠
动画,我是大熊猫之熊猫大侠
动画,皇帝的新装之圣诞大明星
动画,闯堂兔2疯狂马戏团
动画,小门神
动画,王子与108煞
动画,新大头儿子和小头爸爸之秘密计划
动画,西柏坡2：王二小
动画,赛尔号大电影3之战神联盟
动画,魔镜奇缘
动画,今天明天
动画,海绵宝宝
动画,抢劫坚果店
动画,十万个冷笑话
动画,铠甲勇士之雅塔莱斯
动画,魁拔Ⅲ战神崛起
动画,81号农场之疯狂的麦咭
动画,喵星少年漂流记
动画,十二生肖城市英雄
动画,咕噜咕噜美人鱼
动画,圣诞大赢家
动画,疯狂原始人
动画,犹太女孩在上海2：项链密码
动画,冰川时代：融冰之灾
动画,麦兜我和我妈妈
动画,郑和1405：魔海寻踪
动画,森林孤影
动画,熊出没之熊心归来
动画,桂宝之爆笑闯宇宙
动画,冲锋号
动画,史努比：花生大电影
动画,白雪公主之矮人力量
动画,大鱼海棠
动画,黑猫警长之翡翠之星
动画,功夫熊猫3
动画,终极大冒险
动画,鼠来宝4：萌在逋
动画,昆塔：盒子总动员
动画,刺猬小子之天生我刺
动画,藏羚王之雪域精灵
动画,开心超人
动画,神剑传奇
动画,乐乐熊奇幻追踪
动画,猿创世界之熊孩子部落
动画,森林战士
动画,果宝特攻之水果大逃亡
动画,摩登森林之美食总动员
动画,动物也疯狂
动画,挑战者联盟
动画,洛克王国4：出发！巨人谷
动画,龟兔再跑
动画,白雪公主之神秘爸爸
动画,小黄人大眼萌
动画,驯龙高手2
动画,火焰山历险记
动画,疯狂动物城
动画,头脑特工队
动画,极速蜗牛
动画,潜艇总动员4：章鱼奇遇记
动画,辛巴达历险记2
动画,魔幻仙踪
动画,吉祥宝宝之我是食神
动画,新地雷战：神勇小子
动画,猪猪侠之勇闯巨人岛
动画,太空熊猫总动员
动画,哆啦A梦：伴我同行
动画,我是狼之火龙山大冒险
动画,新年来啦之大闹除夕
动画,冰雪奇缘
动画,摇滚藏獒
动画,白雪公主和三只小猪
动画,喜羊羊与灰太狼之飞马奇遇记
动画,81号农场之保卫麦咭
动画,熊出没之夺宝熊兵
动画,我叫MT之山口山战记
动画,空山鸟语
动画,超能陆战队
动画,神偷奶爸2
动画,麦兜・饭宝奇兵
动画,神秘世界历险记3
动画,三只小猪与神灯
动画,阿里巴巴2所罗门封印
动画,火鸡总动员
动画,阿里巴巴大盗奇兵
动画,高铁英雄
动画,泰迪熊之玩具大战
动画,邋遢大王奇遇记
动画,考拉大冒险
动画,特功明星
动画,小猪班纳大电影之梦想大“帽”险
动画,糖果世界大冒险
动画,聪明的一休之反斗公主
动画,西湖传奇
动画,潜艇总动员之时光宝盒
动画,斗龙战士之星印罗盘
动画,蓝精灵2
动画,金箍棒传奇
动画,三小强
动画,重返大海
动画,马小乐之玩具也疯狂
动画,梦幻列车
动画,少年师爷之大禹宝藏
动画,拯救大明星
动画,疯狂外星人
动画,愤怒的小鸟
动画,天才眼镜狗
动画,雷锋侠
动画,精灵王座
动画,超能太阳鸭
动画,金箍棒传奇2
动画,海底总动员2：寻找多莉
动画,爱宠大机密
动画,兔侠之青黎传说
动画,波鲁鲁冰雪大冒险
动画,水果宝贝之水果总动员
动画,哆啦A梦：新・大雄的日本诞生
动画,青蛙总动员
动画,动植物大战
动画,少年毛泽东
动画,昆塔2・反转星球
动画,新大头儿子和小头爸爸2一日成才
动画,西游新传2：真心话大冒险
动画,喜羊羊与灰太狼之喜气羊羊过蛇年
动画,指尖太阳
动画,里约大冒险2
动画,浩昊文字国历险记之智斗谜语城
动画,怪兽大学
动画,丑小鸭历险记
动画,少年岳飞
动画,超能兔战队
动画,绿林大冒险
动画,小蚂蚁之环球大冒险
励志,非同小可
励志,中国合伙人
励志,摇滚水果
励志,奇迹宝宝
励志,滚蛋吧！肿瘤君
励志,幸福快递
励志,恋爱教父之三个“坏”家伙
励志,708090之深圳恋歌
励志,放飞理想
励志,暴躁天使
励志,你是不是我的爱人
励志,妈咪侠
励志,变身超人
励志,男人不可以穷
励志,情满人间
励志,暴走吧，女人
励志,爱你不等来生
励志,三只小猪与神灯
励志,非秀不可
励志,神奇
励志,我是路人甲
励志,梦想合伙人
励志,星星的梦
励志,家有虎妻
励志,不朽的时光
励志,花样厨神
励志,汽车人总动员
励志,80后的独立宣言
历史,南泥湾
历史,东方欲晓
历史,暗杀
历史,不肯去观音
历史,止杀令
历史,镇海保卫战
历史,王的盛宴
历史,一九四二
历史,小西天狄道传奇
历史,曼德拉
历史,穿越硝烟的歌声
历史,风云1927
历史,西藏天空
历史,诱狼
历史,铜雀台
历史,百团大战
历史,王朝的女人・杨贵妃
历史,正骨
历史,黄克功案件
历史,旋风九日
历史,黎明之眼
历史,周恩来的四个昼夜
友情,谁的青春不迷茫
友情,梦想合伙人
友情,火锅英雄
反腐,决不饶恕
反腐,反贪风暴
古装,轩辕剑传奇
古装,宫锁沉香
古装,刺客聂隐娘
古装,花漾
古装,箭士柳白猿
古装,少林寺探案传奇之催命符
古装,情剑
古装,危城
古装,江湖论剑实录
古装,忠烈杨家将
古装,道士下山
古装,笨贼别跑
古装,大寒桃花开
古装,绣春刀
古装,大变局之梦回甲午
古装,万万没想到
古装,王朝的女人・杨贵妃
古装,三少爷的剑
古装,四大名捕
古装,四大名捕大结局
古装,狄仁杰之神都龙王
古装,大峰祖师
古装,大明劫
古装,白发魔女传之明月天国
古装,非狐外传
古装,天将雄师
古装,大话天仙
古装,小西天狄道传奇
古装,四大名捕2
古装,河东狮吼2
古装,刺客
古装,王的盛宴
同性,再见，在也不见
喜剧,情敌蜜月
喜剧,我为相亲狂
喜剧,斐济99℃爱情
喜剧,港
喜剧,疯狂的导演
喜剧,夜幕惊魂
喜剧,穷途
喜剧,疯狂外星人
喜剧,一座城池
喜剧,等你追我
喜剧,家有虎妻
喜剧,微爱之渐入佳境
喜剧,非常幸运
喜剧,长江7号：超萌特攻队
喜剧,换爱七日
喜剧,男人不可以穷
喜剧,不二神探
喜剧,逆转胜
喜剧,无敌小飞猪
喜剧,谁动了我的梦想
喜剧,爱我就陪我看电影
喜剧,大片
喜剧,逆袭
喜剧,北漂鱼
喜剧,特功明星
喜剧,像素大战
喜剧,我的早更女友
喜剧,阿里巴巴大盗奇兵
喜剧,迷与狂
喜剧,小黄人大眼萌
喜剧,土豪520
喜剧,我不是贼
喜剧,女神跟我走
喜剧,百万爱情宝贝
喜剧,王牌特工：特工学院
喜剧,爱情攻略
喜剧,斗地主
喜剧,分手木马计
喜剧,凡人烦恼
喜剧,放飞理想
喜剧,一步之遥
喜剧,人在驴途
喜剧,爱情狂想曲
喜剧,极地大反攻
喜剧,坏姐姐之拆婚联盟
喜剧,落跑吧，爱情
喜剧,夏洛特烦恼
喜剧,4B青年之4楼B座
喜剧,姑鲁之恋
喜剧,简单爱
喜剧,金箍棒传奇2
喜剧,小神来了
喜剧,奔跑吧！兄弟
喜剧,热血男人帮
喜剧,三只小猪与神灯
喜剧,奔驰的大葱
喜剧,命中注定
喜剧,我要你开花
喜剧,等爱归来
喜剧,熊出没之雪岭熊风
喜剧,再次出发
喜剧,黄金福将
喜剧,巴黎假期
喜剧,美人鱼之海盗来袭
喜剧,男人制造
喜剧,爸爸的假期
喜剧,三个孬家伙
喜剧,桂宝之爆笑闯宇宙
喜剧,一路向前
喜剧,唇唇欲动
喜剧,澳门风云2
喜剧,我是路人甲
喜剧,喜羊羊与灰太狼之羊年喜羊羊
喜剧,甲方乙方
喜剧,西游新传2：真心话大冒险
喜剧,一夜惊喜
喜剧,汽车人总动员
喜剧,小时代4：灵魂尽头
喜剧,盗剑72小时
喜剧,绑架大明星
喜剧,爱爱迨
喜剧,蜡笔总动员
喜剧,捉妖记
喜剧,神探驾到
喜剧,有种你爱我
喜剧,煎饼侠
喜剧,爱情魔发师
喜剧,玛德2号
喜剧,有一个地方只有我们知道
喜剧,小羊肖恩
喜剧,道士下山
喜剧,小时代4：灵魂尽头（纪录片版）
喜剧,黑猫警长之翡翠之星
喜剧,华丽上班族
喜剧,我爸比我小四岁
喜剧,天生有福
喜剧,摩登年代
喜剧,闯堂兔2疯狂马戏团
喜剧,少年班
喜剧,向阳花开
喜剧,新娘大作战
喜剧,非你勿扰
喜剧,再见我们的十年
喜剧,我是谁2015
喜剧,公主的诱惑
喜剧,红包
喜剧,顺风车
喜剧,超能兔战队
喜剧,功夫小龙
喜剧,璀璨的婚礼
喜剧,菜鸟
喜剧,妈咪侠
喜剧,我是奋青
喜剧,抢劫坚果店
喜剧,十万个冷笑话
喜剧,大明猩
喜剧,牛胆神偷
喜剧,我是乡下爷
喜剧,超能陆战队
喜剧,吉星高照2015
喜剧,将错就错
喜剧,大喜临门
喜剧,全能灏
喜剧,达人也疯狂
喜剧,滚蛋吧！肿瘤君
喜剧,帕丁顿熊
喜剧,恋爱排班表
喜剧,大宅男
喜剧,安妮：纽约奇缘
喜剧,横冲直撞好莱坞
喜剧,约定倒计时
喜剧,一路顺疯
喜剧,洛克王国4：出发！巨人谷
喜剧,重返20岁
喜剧,白雪公主之神秘爸爸
喜剧,临沧的诱惑
喜剧,不见不散
喜剧,暴走神探
喜剧,博物馆奇妙夜3
喜剧,万万没想到
喜剧,头脑特工队
喜剧,缘份
喜剧,全城高考
喜剧,分手大师
喜剧,火锅英雄
喜剧,百星酒店
喜剧,愤怒的小孩
喜剧,废柴特工
喜剧,小小飞虎队
喜剧,刑警兄弟
喜剧,北京遇上西雅图之不二情书
喜剧,那件疯狂的小事叫爱情
喜剧,了不起的处女座
喜剧,分手达人
喜剧,发条城市
喜剧,都是手机惹的祸
喜剧,疯狂72小时
喜剧,喜剧王
喜剧,男神抱抱
喜剧,快乐到家
喜剧,快手枪手快枪手
喜剧,完美超越
喜剧,大叔，我爱你
喜剧,阿里巴巴2所罗门封印
喜剧,宝米恰恰
喜剧,我的老婆是明星
喜剧,愤怒的小鸟
喜剧,玩命时光
喜剧,追你到天边
喜剧,假装看不见之电影大师
喜剧,一夜危机
喜剧,超萌英雄
喜剧,澳门风云3
喜剧,纯纯欲动
喜剧,年兽大作战
喜剧,断片儿
喜剧,洋妞到我家
喜剧,高跟鞋先生
喜剧,我想结婚的时候你在哪
喜剧,青蛙王国之冰冻大冒险
喜剧,恭喜发财之谈钱说爱
喜剧,21岁派对
喜剧,三月情流感
喜剧,霹雳寤
喜剧,杨光的快乐生活
喜剧,我的新野蛮女友
喜剧,阿嬷的梦中情人
喜剧,有招没招之爱情达人
喜剧,毛驴县令之酸儿辣女
喜剧,我不是王毛
喜剧,同城邂逅
喜剧,笨贼别跑
喜剧,爱情不NG
喜剧,胜利
喜剧,老男孩之猛龙过江
喜剧,洛杉矶捣蛋计划
喜剧,越来越好之村晚
喜剧,西游降魔篇
喜剧,飞鹰艾迪
喜剧,斗地主传奇之双王之王
喜剧,东北往事之破马张飞
喜剧,给你一千万
喜剧,心在彼处
喜剧,购物女王
喜剧,岛
喜剧,情况不妙
喜剧,再生之乐
喜剧,吉祥宝宝之我是食神
喜剧,非狐外传
喜剧,河东狮吼2
喜剧,别惹我
喜剧,蜜月计划
喜剧,前任攻略
喜剧,恋者多喜欢
喜剧,疯狂的疯狂
喜剧,恋爱789
喜剧,非常绑匪
喜剧,盗马记
喜剧,完美假妻168
喜剧,U盘
喜剧,谁hold住谁
喜剧,大话天仙
喜剧,青涩日记
喜剧,我的少女时代
喜剧,功夫世家
喜剧,奇葩追梦
喜剧,魔法老师
喜剧,李可乐寻人记
喜剧,Hi，高考君
喜剧,勿忘初心
喜剧,看见我和你
喜剧,功夫
喜剧,花样厨神
喜剧,西游记之孙悟空三打白骨精
喜剧,海底总动员2：寻找多莉
喜剧,爱宠大机密
喜剧,边区造
喜剧,赏金猎人
喜剧,十二生肖
喜剧,陆知马俐
喜剧,人再逋局泰
喜剧,泰迪熊之玩具大战
喜剧,六福喜事
喜剧,我最好朋友的婚礼
喜剧,我老公不靠谱
喜剧,我叫MT之山口山战记
喜剧,惊天魔盗团2
喜剧,冰封：重生之门
喜剧,闹在碗中
喜剧,幸福中转栈
喜剧,忍者神龟2：破影而出
喜剧,借你俩胆
喜剧,练胆儿
喜剧,谁偷了我的菜
喜剧,再爱一次好不好
喜剧,天生不对
喜剧,金牌流浪狗
喜剧,硬汉奶爸
喜剧,百变爱人
喜剧,好好过
喜剧,天生爱情狂
喜剧,缘来是咱俩
喜剧,整容日记
喜剧,龙拳小子
喜剧,最佳嫌疑人
喜剧,好命先生
喜剧,女汉子真爱公式
喜剧,咕噜咕噜美人鱼
喜剧,坏蛋必须死
喜剧,摇滚水果
喜剧,大话西游之月光宝盒
喜剧,大话西游之大圣娶亲
喜剧,海绵宝宝
喜剧,大野狼和小绵羊的爱情
喜剧,不可思异
喜剧,从天“儿”降
喜剧,杜拉拉追婚记
喜剧,爱情碰碰撞
喜剧,等一个人咖啡
喜剧,百家乐翻天
喜剧,石器时代之百万大侦探
喜剧,卧龙岗
喜剧,北回归线
喜剧,我是大明星
喜剧,擦枪走火
喜剧,赤焰战场2
喜剧,东北偏北
喜剧,电商时代
喜剧,梦幻佳期
喜剧,全力扣杀
喜剧,房车奇遇
喜剧,江湖论剑实录
喜剧,圣诞大赢家
喜剧,没女神探
喜剧,变身超人
喜剧,麦兜我和我妈妈
喜剧,贵族大盗
喜剧,天钟
喜剧,柠檬
喜剧,星探
喜剧,痞子・洛克
喜剧,魔卡行动
喜剧,意外的恋爱时光
喜剧,马达加斯加的企鹅
喜剧,王牌情敌
喜剧,既然青春留不住
喜剧,浪漫天降
喜剧,猛龙特
喜剧,让熊猫飞
喜剧,精灵旅社2
喜剧,幸福很
喜剧,求爱大作战
喜剧,单身男女2
喜剧,光的棍
喜剧,兔子镇的火狐狸
喜剧,找个高富帅
喜剧,别跟我谈高富帅
喜剧,逶
喜剧,一路狂奔
喜剧,前任2：备胎反击战
喜剧,剩者为王
喜剧,医缘
喜剧,史努比：花生大电影
喜剧,我的青春期
喜剧,临终迨
喜剧,年少轻狂
喜剧,男二本色
喜剧,昆塔：盒子总动员
喜剧,一个勺子
喜剧,藏羚王之雪域精灵
喜剧,我的男男男男朋友
喜剧,恶棍天使
喜剧,十万伙急
喜剧,厨子戏子痞子
喜剧,过年好
喜剧,风口青春
喜剧,我是你的野蛮女友
喜剧,熊出没之熊心归来
喜剧,我的“狐朋狗友”
喜剧,这个大叔不太
喜剧,功夫熊猫3
喜剧,临时约定
喜剧,一家老小向前冲
喜剧,鼠来宝4：萌在逋
喜剧,美人邦
喜剧,绝地逃亡
喜剧,谎言大爆炸
喜剧,爸爸我来救你了
喜剧,我们毕业的夏天
喜剧,北京遇上西雅图
喜剧,神通佛影
喜剧,钢板咏叹调
喜剧,恶人报喜
喜剧,果宝特攻之水果大逃亡
喜剧,男神时代
喜剧,我很帅
喜剧,爱之初体验
喜剧,从哪来，到哪去
喜剧,恋爱教父之三个“坏”家伙
喜剧,美人鱼
喜剧,笑功震武林
喜剧,心花路放
喜剧,喜乐长安
喜剧,永春白鹤拳之擎天画卷
喜剧,闯入迷宅
喜剧,私人订制
喜剧,唐人街探案
喜剧,金太狼的幸福生活
喜剧,缘来是游戏
喜剧,啊朋友还钱
喜剧,我的美丽王国
喜剧,一念天堂
喜剧,临时同居
喜剧,白雪公主之矮人力量
喜剧,小门神
喜剧,不要迷恋姐
喜剧,一切都好
喜剧,皇帝的新装之圣诞大明星
喜剧,极限挑战之皇家宝藏
喜剧,回乡逗儿
奇幻,霍比特人：史矛革之战
奇幻,霍比特人：五军之战
奇幻,霍比特人1：意外旅程
奇幻,大鱼海棠
奇幻,西游记之孙悟空三打白骨精
奇幻,微微一笑很倾城
奇幻,佩小姐的奇幻城堡
奇幻,爱丽丝梦游仙境2：镜中奇遇记
奇幻,封神传奇
奇幻,路边野餐
奇幻,长江图
奇幻,圣杯神器：骸骨之城
奇幻,魔兽
奇幻,神秘世界历险记3
奇幻,奇幻森林
奇幻,斗龙战士之星印罗盘
奇幻,沉睡魔咒
奇幻,糖果世界大冒险
奇幻,蝙蝠侠大战超人：正义黎明
奇幻,魔境仙踪
奇幻,盗墓笔记
家庭,永远的守望
家庭,头脑特工队
家庭,哆啦A梦：伴我同行
家庭,小神来了
家庭,听说
家庭,妈妈让我再爱你一次
家庭,史努比：花生大电影
家庭,玛德2号
家庭,念念
家庭,白雪公主之神秘爸爸
家庭,海绵宝宝
家庭,魔镜奇缘
家庭,妈咪侠
家庭,长江7号：超萌特攻队
家庭,我爸比我小四岁
家庭,咏春小龙
家庭,小黄人大眼萌
家庭,老炮儿
家庭,爸爸的假期
家庭,博物馆奇妙夜3
家庭,爸爸去哪儿2
家庭,破五
家庭,麦兜我和我妈妈
家庭,爸爸妈妈复婚记
家庭,第七子：降魔之战
家庭,洋妞到我家
家庭,忘了去懂你
家庭,帕丁顿熊
家庭,灰姑娘
家庭,亲爱的
家庭,奈河
家庭,我的母亲
家庭,一个温州的女人
家庭,神秘世界历险记2
家庭,重返20岁
家庭,蜡笔总动员
家庭,母亲的梦想
家庭,安妮：纽约奇缘
家庭,硬汉奶爸
家庭,人间・小团圆
家庭,摩尔庄园3：魔幻列车大冒险
幻想,时光恋人
心理,烈日灼心
心理,催眠大师
心理,分裂1：906号患者档案
怀旧,缘份
怀旧,美人鱼
怀旧,睡在我上铺的兄弟
怀旧,大火种
恐怖,半夜叫你别回头
恐怖,恐怖照相机
恐怖,床下有人3
恐怖,孤岛
恐怖,雨夜惊魂
恐怖,恐怖禁忌之红旗袍
恐怖,校花诡异事件
恐怖,怨灵人偶
恐怖,恐怖将映
恐怖,笔仙Ⅲ
恐怖,魔都凶音
恐怖,亲，别怕鬼宅凶灵
恐怖,怨灵
恐怖,夜半梳头
恐怖,妄想症
恐怖,笔仙撞碟仙
恐怖,花咒
恐怖,筷仙
恐怖,魔镜
恐怖,七月半2：前世今生
恐怖,诡打墙
恐怖,惊魂电影院
恐怖,笔仙诡影
恐怖,封门村
恐怖,鲨滩
恐怖,死亡笔记
恐怖,猫脸老太太
恐怖,心咒
恐怖,笔仙魔咒
恐怖,零点杀机
恐怖,午夜寻访录
恐怖,灵偶契约
恐怖,恐怖电影院
恐怖,异种
恐怖,寄生兽
恐怖,午夜43路
恐怖,灵臆事件
恐怖,别开门
恐怖,红髅
恐怖,诡娃娃
恐怖,恐怖游泳馆
恐怖,夜魔人
恐怖,荒村凶间
恐怖,通灵之六世古宅
恐怖,三更车库
恐怖,禁忌游戏之迷藏
恐怖,恐怖爱情故事之死亡公路
恐怖,诡新娘
恐怖,无间罪：僵尸重生
恐怖,荒村怨灵
恐怖,监禁风暴
恐怖,恶灵之门
恐怖,索命暹罗之按摩师
恐怖,诡替身
恐怖,人皮拼图
恐怖,夜半哭声
恐怖,诡娃
恐怖,七月半之恐怖宿舍
恐怖,地下室惊魂
恐怖,诡影迷情
悬疑,妄想症
悬疑,分裂1：906号患者档案
悬疑,神探驾到
悬疑,凡人烦恼
悬疑,盲探
悬疑,封门村
悬疑,双生灵
悬疑,宅女侦探桂香
悬疑,催眠大师
悬疑,惊天大逆转
悬疑,魔轮
悬疑,守梦者
悬疑,惊天魔盗团
悬疑,笔仙Ⅱ
悬疑,圣杯神器：骸骨之城
悬疑,魔宫魅影
悬疑,恐怖照相机
悬疑,模特魅影
悬疑,幻体：续命游戏
悬疑,等爱归来
悬疑,死亡笔记
悬疑,暴走神探
悬疑,判我有罪
悬疑,王牌
悬疑,烈日灼心
悬疑,公证人之大卫之死
悬疑,分歧者3：忠诚世界
悬疑,夺命推理
悬疑,诡劫
悬疑,谍・莲花
悬疑,侠僧探案传奇之大夜叉
悬疑,少林寺探案传奇之催命符
悬疑,别有动机
悬疑,黑瞳
悬疑,亡命地中海
悬疑,还魂之迷失曼谷
悬疑,边区造
悬疑,异度迷局
悬疑,近距离击杀
悬疑,一号目标
悬疑,地下室惊魂
悬疑,冷瞳
悬疑,十万伙急
悬疑,人皮拼图
悬疑,骇战
悬疑,刺夜
悬疑,欲链迷情
悬疑,麻辣白玉堂之致命棋局
悬疑,蒸发太平洋
悬疑,四大名捕大结局
悬疑,同谋
悬疑,东北偏北
悬疑,受降前夕
悬疑,人间蒸发
悬疑,卧龙岗
悬疑,谋杀似水年华
悬疑,绣春刀
悬疑,步步追魂
悬疑,蜜月酒店杀人事件
悬疑,控制
悬疑,坏蛋必须死
悬疑,催命符
悬疑,四大名捕2
悬疑,真相禁区
悬疑,消失爱人
悬疑,极限挑战之皇家宝藏
悬疑,恶灵之门
悬疑,谎言大爆炸
悬疑,通灵神探
悬疑,楼
悬疑,大峰祖师
悬疑,神探夏洛克
悬疑,触不可及
悬疑,死亡派对
悬疑,青春.com
悬疑,索命暹罗之按摩师
悬疑,唐人街探案
悬疑,空中营救
悬疑,与贼同屋
悬疑,消失的凶手
悬疑,冰河追凶
悬疑,狙击时刻
悬疑,马达加斯加的企鹅
悬疑,杀戒
悬疑,亲，别怕鬼宅凶灵
悬疑,云图
悬疑,虐面人之死灵面膜
悬疑,孤岛惊魂2
悬疑,猫脸老太太
悬疑,夺命追踪
悬疑,记忆碎片
悬疑,死亡邮件
悬疑,我的1000万
悬疑,密道追踪之阴兵虎符
悬疑,猎仇者
悬疑,不二神探
悬疑,寒战2
悬疑,我的特工爷爷
悬疑,女蛹
悬疑,秘术
悬疑,探灵档案
悬疑,钢琴木马
悬疑,别开门
悬疑,移动迷宫
悬疑,一个人的武林
悬疑,007：幽灵党
悬疑,床下有人3
悬疑,京城81号
悬疑,窃听风云3
悬疑,孤岛
悬疑,不速之客
悬疑,圣诞玫瑰
悬疑,黑月
悬疑,我是证人
悬疑,孪生密码
悬疑,星际穿越
悬疑,名侦探柯南2015：业火的向日葵
悬疑,全城通缉
悬疑,心迷宫
悬疑,女生宿舍
悬疑,第七谎言
悬疑,无法证明
悬疑,明日世界
悬疑,听风者
悬疑,异种
悬疑,二次曝光
悬疑,致命怪谈
悬疑,悬战
悬疑,暴疯语
悬疑,危险关系
悬疑,完美假妻168
悬疑,最佳嫌疑人
悬疑,十二星座离奇事件
悬疑,疯狂的疯狂
悬疑,使徒行者
悬疑,诡魇
悬疑,盗剑72小时
悬疑,四大名捕
悬疑,张震讲故事之鬼迷心窍
悬疑,隔窗有眼
悬疑,狄仁杰之神都龙王
悬疑,全民目击
悬疑,蝙蝠别墅
悬疑,致命闪玩
悬疑,谍影重重5
悬疑,死亡之谜之双鱼玉佩
悬疑,狼兵吼
悬疑,浮城谜事
悬疑,盗墓笔记
悬疑,诡爱
悬疑,国宝疑云
悬疑,泰国妖医
悬疑,枪过境
悬疑,诡宅
惊悚,笔仙Ⅲ
惊悚,怨灵
惊悚,心战
惊悚,隔壁惊魂
惊悚,零点杀机
惊悚,黑月
惊悚,第七谎言
惊悚,诡宅
惊悚,灵偶契约
惊悚,幸存者
惊悚,化妆师
惊悚,奥林匹斯的陷落
惊悚,家园防线
惊悚,异种
惊悚,我的特工爷爷
惊悚,女蛹
惊悚,伦敦陷落
惊悚,诡拼车
惊悚,秘术
惊悚,探灵档案
惊悚,末日崩塌
惊悚,半夜叫你别回头
惊悚,隔窗有眼
惊悚,惊天魔盗团2
惊悚,敢死队2
惊悚,封门诡影
惊悚,魔镜
惊悚,筷仙
惊悚,笔仙撞碟仙
惊悚,致命对决
惊悚,密道追踪之阴兵虎符
惊悚,诡爱
惊悚,诡打墙
惊悚,夜半梳头
惊悚,人皮拼图
惊悚,窃听风云3
惊悚,妄想症
惊悚,花咒
惊悚,封门村
惊悚,盲探
惊悚,女生宿舍
惊悚,墓穴迷城
惊悚,笔仙魔咒
惊悚,七月半2：前世今生
惊悚,007：大破天幕杀机
惊悚,云图
惊悚,史前怪兽
惊悚,恐怖将映
惊悚,夜幕惊魂
惊悚,虐面人之死灵面膜
惊悚,猫脸老太太
惊悚,孤岛惊魂2
惊悚,死亡游戏
惊悚,鲨滩
惊悚,记忆碎片
惊悚,机器纪元
惊悚,枕边有张脸
惊悚,死亡邮件
惊悚,九层妖塔
惊悚,笔仙诡影
惊悚,惊魂电影院
惊悚,夺命追踪
惊悚,侏罗纪世界
惊悚,致命闪玩
惊悚,荒野猎人
惊悚,生化危机5：惩罚
惊悚,命运派对
惊悚,夜魔人
惊悚,诡娃娃
惊悚,欲链迷情
惊悚,饥饿游戏2:星火燎原
惊悚,致命怪谈
惊悚,3D食人虫
惊悚,寻龙诀
惊悚,地心引力
惊悚,床下有人2
惊悚,同谋
惊悚,赤焰战场2
惊悚,诡替身
惊悚,超能查派
惊悚,特种部队：全面反击
惊悚,催命符
惊悚,速度与激情7
惊悚,荒村凶间
惊悚,不惧风暴
惊悚,毒战
惊悚,陌路惊笑
惊悚,恶灵之门
惊悚,泰国妖医
惊悚,楼
惊悚,荒村怨灵
惊悚,午夜火车
惊悚,大峰祖师
惊悚,死亡派对
惊悚,敢死队3
惊悚,诡新娘
惊悚,全民目击
惊悚,闪魂
惊悚,索命暹罗之按摩师
惊悚,空中营救
惊悚,诡八楼
惊悚,绝命海拔
惊悚,人间蒸发
惊悚,三更车库
惊悚,遗落战境
惊悚,电梯惊魂
惊悚,少女灵异日记
惊悚,007：幽灵党
惊悚,床下有人3
惊悚,孤岛
惊悚,京城81号
惊悚,临终迨
惊悚,猎仇者
惊悚,迷魂之密室逃脱
惊悚,圣诞玫瑰
惊悚,雨夜惊魂
惊悚,恐怖禁忌之红旗袍
惊悚,不速之客
惊悚,移动迷宫2
惊悚,谍影特工
惊悚,玩命速递：重启之战
惊悚,恐怖电影院
惊悚,灵臆事件
惊悚,古镇凶灵之巫咒缠身
惊悚,碟仙诡谭
惊悚,劫案迷云
惊悚,夜半哭声
惊悚,蜜月酒店杀人事件
惊悚,步步追魂
惊悚,诡影迷情
惊悚,正果
惊悚,诡娃
惊悚,十二星座离奇事件
惊悚,午夜微博
惊悚,饥饿游戏3：嘲笑鸟（下）
惊悚,末日迷踪
惊悚,别开门
惊悚,极乐空间
惊悚,暴疯语
惊悚,夺命旅行
惊悚,碟中谍5：神秘国度
惊悚,致命黑兰
惊悚,死亡笔记
惊悚,午夜43路
惊悚,一触即发
惊悚,借你俩胆
惊悚,张震讲故事之鬼迷心窍
惊悚,血彩
惊悚,咒丝
惊悚,亡命地中海
惊悚,背水一战
惊悚,城市游戏
惊悚,七月半之恐怖宿舍
惊悚,魔宫魅影
惊悚,蝙蝠别墅
惊悚,地下室惊魂
惊悚,恐怖照相机
惊悚,古曼
惊悚,笔仙Ⅱ
惊悚,诡魇
惊悚,心咒
惊悚,还魂之迷失曼谷
惊悚,双生灵
惊悚,诡婴吉咪
惊悚,魔都凶音
惊悚,校花诡异事件
惊悚,怨灵人偶
惊悚,三人行
惊悚,诡劫
惊悚,制服
惊悚,红髅
惊悚,幻体：续命游戏
惊悚,恐怖游泳馆
惊悚,亲，别怕鬼宅凶灵
惊悚,笔仙惊魂3
惊悚,死亡之谜之双鱼玉佩
惊悚,铁线虫入侵
惊悚,催眠大师
惊悚,监禁风暴
惊悚,怖偶
惊悚,谍影重重5
惊悚,无间罪：僵尸重生
惊悚,罪恶赎金
惊悚,魔轮
惊悚,禁忌游戏之迷藏
惊悚,饥饿游戏3：嘲笑鸟（上）
惊悚,恐怖爱情故事之死亡公路
惊悚,异度迷局
惊悚,张震讲故事之合租屋
惊悚,黑瞳
惊悚,怪谈
惊悚,凶间雪山
惊悚,谜城
惊悚,枕边诡影
惊悚,诡镇
惊悚,蜂鸟特攻
惊悚,2012 3D
惊悚,模特魅影
惊悚,通灵之六世古宅
惊悚,冷瞳
惊秫,无处可逃
惊秫,蝙蝠侠：黑暗骑士崛起
惊秫,绝命航班
惊秫,隔窗有眼
惊秫,同谋
惊秫,电梯惊魂
惊秫,侏罗纪公园3D
戏曲,白蛇传（戏曲）
戏曲,山村母亲（戏曲）
戏曲,七品知县进道观（豫剧）
戏曲,传奇状元伦文叙
戏曲,大丑
戏曲,状元媒
戏曲,李三娘（花鼓戏）
戏曲,龙凤呈祥
戏曲,县委书记焦裕禄（豫剧）
戏曲,圣哲老子
战争,太平轮（上）
战争,战火中的芭蕾
战争,敌后文工队
战争,镇海保卫战
战争,正骨
战争,铁血残阳
战争,边区造
战争,生死传递
战争,白幽灵传奇之绝命逃亡
战争,穿越硝烟的歌声
战争,谍・莲花
战争,太平轮：彼岸
战争,残团
战争,永不消失的广播
战争,开罗宣言
战争,战狼
战争,目标战
战争,我不是王毛
战争,激战黎明
战争,兰亭
战争,大明劫
战争,太阳脸
战争,狼兵吼
战争,南泥湾
战争,受降前夕
战争,魔兽
战争,大变局之梦回甲午
战争,厨子戏子痞子
战争,落经山
战争,黎明之眼
战争,忠烈杨家将
战争,刘老庄八十二壮士
战争,止杀令
战争,锁里
战争,百团大战
战争,一九四二
战争,军号密码
战争,鸣梁海战
战争,奇袭胡家台
战争,王牌
战争,风云1927
战争,近距离击杀
战争,绝战
战争,南口1937
战争,狂怒
战争,湖杀令
战争,智取威虎山3D
战争,诱狼
战争,暗剑
战争,嗨起，打他个鬼子
战争,钢刀
战争,模仿游戏
战争,天将雄师
抢险,冰雪11天
文艺,等风来
文艺,天降
文艺,夜孔雀
文艺,后会无期
枪战,终极硬汉
校园,微微一笑很倾城
歌舞,中国好声音之为你转身
歌舞,街舞小子
歌舞,狂舞派
歌舞,5月天诺亚方舟
歌舞,县委书记焦裕禄（豫剧）
歌舞,情笛之爱
歌舞,悲惨世界
歌舞,天台爱情
歌舞,李三娘（花鼓戏）
歌舞,乐队
歌舞,黄河
歌舞,一步之遥
武侠,师父
武侠,太极侠
武侠,黄飞鸿之英雄有梦
武侠,情剑
武侠,箭士柳白猿
武侠,侠僧探案传奇之大夜叉
武侠,剑河
武侠,道士下山
武侠,喜乐长安
武侠,轩辕剑传奇
武侠,金刚王：死亡救赎
武侠,刺客聂隐娘
武侠,白发魔女传之明月天国
武侠,危城
武侠,血滴子
武侠,少林寺探案传奇之催命符
浪漫,我的男男男男朋友
浪漫,大野狼和小绵羊的爱情
浪漫,恋爱中的城市
灵异,诡影迷情
灵异,校花诡异事件
灵异,怨灵人偶
灾难,惊天危机
灾难,3D食人虫
灾难,2012 3D
灾难,少年派的奇幻漂流
灾难,倾城
灾难,末日崩塌
灾难,笑过2012
灾难,铁线虫入侵
灾难,不惧风暴
灾难,冰雪11天
灾难,飞跃地心
灾难,绝命海拔
灾难,逃出生天3D
灾难,哥斯拉
灾难,一九四二
爱情,708090之深圳恋歌
爱情,我的美丽王国
爱情,暴走吧，女人
爱情,不要迷恋姐
爱情,丑男大翻身
爱情,恐怖爱情故事之死亡公路
爱情,海洋之恋
爱情,萧红
爱情,渴望的青春
爱情,北京爱情故事
爱情,爱神
爱情,欲链迷情
爱情,天亮之前
爱情,西游记之大闹天宫
爱情,听见下雨的声音
爱情,花香
爱情,下一站再爱你
爱情,致我们终将到来的爱情
爱情,我的“狐朋狗友”
爱情,夜孔雀
爱情,所以……和黑粉结婚了
爱情,这个大叔不太
爱情,非同小可
爱情,我们毕业啦
爱情,风口青春
爱情,爱情银行
爱情,爱在旅途
爱情,美男记
爱情,9号女神
爱情,天生爱情狂
爱情,完美假妻168
爱情,四大名捕大结局
爱情,美人邦
爱情,临时同居
爱情,微微一笑很倾城
爱情,北京遇上西雅图
爱情,青涩日记
爱情,放手爱
爱情,一生一世
爱情,看见我和你
爱情,谎言西西里
爱情,在世界中心呼唤爱
爱情,菊花台
爱情,北京遇上西雅图之不二情书
爱情,江南爱情故事
爱情,201413
爱情,野草莓
爱情,分歧者：异类觉醒
爱情,二次曝光
爱情,商魂
爱情,飘落的羽毛
爱情,爱在深秋
爱情,斗艳
爱情,林中小屋
爱情,为爱放手
爱情,小角色
爱情,在雨中
爱情,梦想合伙人
爱情,临时约定
爱情,斗茶
爱情,梦幻岛
爱情,同桌的
爱情,我最好朋友的婚礼
爱情,小鱼吃大鱼
爱情,低碳爱情
爱情,201314
爱情,夏有乔木 雅望天堂
爱情,忘了去懂你
爱情,我的少女时代
爱情,纽约纽约
爱情,陆知马俐
爱情,我们毕业的夏天
爱情,与贼同屋
爱情,危险关系
爱情,宝米恰恰
爱情,在一起
爱情,青春.com
爱情,爱情麻辣烫之情定终身
爱情,谁说我们不会爱
爱情,古堡之吻
爱情,栀子花开
爱情,李可乐寻人记
爱情,爱之初体验
爱情,幸福梦想
爱情,失眠男女
爱情,人间・小团圆
爱情,致青春・原来你还在这里
爱情,当流星划过天际
爱情,六福喜事
爱情,男神时代
爱情,骇战
爱情,呼吸正常
爱情,纯纯欲动
爱情,香气
爱情,我的新野蛮女友
爱情,了不起的处女座
爱情,幸福中转栈
爱情,兰亭
爱情,情花谷
爱情,胜利
爱情,破局
爱情,爱情不NG
爱情,101次求婚
爱情,灯塔下的恋人
爱情,风铃上的卡片
爱情,小时代3：刺金时代
爱情,同城邂逅
爱情,前任攻略
爱情,爱你一生一世
爱情,石斛兰
爱情,有招没招之爱情达人
爱情,怒放之青春再见
爱情,一棵心中的许愿树
爱情,秘密花园
爱情,河东狮吼2
爱情,当流星划过天际
爱情,哪一天我们会飞
爱情,等风来
爱情,哭恋
爱情,那件疯狂的小事叫爱情
爱情,喊・山
爱情,万箭穿心
爱情,不爱不散
爱情,谁的青春不迷茫
爱情,睡在我上铺的兄弟
爱情,女蛹
爱情,分手大师
爱情,暗恋99天
爱情,危城之恋
爱情,第一眼爱情
爱情,非狐外传
爱情,租婚男女
爱情,缘份
爱情,再爱一次好不好
爱情,假装看不见之电影大师
爱情,天生不对
爱情,再见，在也不见
爱情,一夜危机
爱情,恐怖将映
爱情,狼兵吼
爱情,魔宫魅影
爱情,超萌英雄
爱情,全城高考
爱情,寻找心中的你
爱情,章鱼哥
爱情,缘来是咱俩
爱情,我在路上最爱你
爱情,大叔，我爱你
爱情,求爱嫁期
爱情,狼少年
爱情,长江图
爱情,分手达人
爱情,女汉子真爱公式
爱情,恭喜发财之谈钱说爱
爱情,龙之谷：破晓奇兵
爱情,六弄咖啡馆
爱情,不再说分手
爱情,我想结婚的时候你在哪
爱情,我的老婆是明星
爱情,泡沫之夏
爱情,情战
爱情,高跟鞋先生
爱情,俐癜⒍
爱情,秋语
爱情,谋杀似水年华
爱情,奔爱
爱情,一个温州的女人
爱情,断片儿
爱情,火锅英雄
爱情,让爱绽放
爱情,摩纳哥王妃
爱情,好命先生
爱情,爱情进化论
爱情,脱轨时代
爱情,白日焰火
爱情,美人鱼
爱情,男神抱抱
爱情,恋爱大师之让红包飞
爱情,阿嬷的梦中情人
爱情,蜜月酒店杀人事件
爱情,201413爱你一世一生
爱情,购物女王
爱情,后会无期
爱情,归来
爱情,半熟少女
爱情,我就是我
爱情,追爱大布局
爱情,悲惨世界
爱情,蜜月计划
爱情,甜蜜杀机
爱情,激浪青春
爱情,我的播音系女友
爱情,大寒桃花开
爱情,人在征途
爱情,疯狂72小时
爱情,玩命时光
爱情,爱的“蟹”逅
爱情,早安，冬日海
爱情,三月情流感
爱情,桃枝的桃
爱情,对不起，我爱你
爱情,浮城谜事
爱情,犀利人妻
爱情,天使请吻我
爱情,精灵王座
爱情,恋者多喜欢
爱情,爱在星空下
爱情,闺蜜
爱情,过界男女
爱情,我是你的野蛮女友
爱情,光辉岁月
爱情,宫锁沉香
爱情,天将雄师
爱情,黄飞鸿之英雄有梦
爱情,杀戒
爱情,意外的恋爱时光
爱情,天各一方
爱情,铁马飞扬
爱情,神奇
爱情,王牌情敌
爱情,钟馗伏魔：雪妖魔灵
爱情,再次出发
爱情,既然青春留不住
爱情,甜心巧克力
爱情,逆光飞翔
爱情,我爱的是你爱我
爱情,斐济99℃爱情
爱情,换爱七日
爱情,我只要我们在一起
爱情,情缘廊桥
爱情,甜蜜蜜
爱情,非秀不可
爱情,乡村不寂寞
爱情,我是路人甲
爱情,默守那份情
爱情,青春时光
爱情,爱情狂想曲
爱情,百万爱情宝贝
爱情,坏姐姐之拆婚联盟
爱情,推拿
爱情,撒娇女人最好命
爱情,家有虎妻
爱情,等你追我
爱情,浪漫天降
爱情,回到被爱的每一天
爱情,听说
爱情,幸福很
爱情,剩者为王
爱情,时尚女郎之女人江湖
爱情,约定倒计时
爱情,有种
爱情,医缘
爱情,白狐
爱情,临沧的诱惑
爱情,摇滚英雄
爱情,海岛之恋
爱情,我的青春期
爱情,中国合伙人
爱情,陪安东尼度过漫长岁月
爱情,年少轻狂
爱情,分歧者2：绝地反击
爱情,夜莺
爱情,前任2：备胎反击战
爱情,分手木马计
爱情,美丽笨女人
爱情,露水红颜
爱情,求爱大作战
爱情,单身男女2
爱情,光的棍
爱情,冲上云霄
爱情,潜龙风云
爱情,别跟我谈高富帅
爱情,找个高富帅
爱情,恋爱排班表
爱情,逶
爱情,拳霸风云
爱情,十七岁
爱情,拆散专家
爱情,花都之恋
爱情,大宅男
爱情,北京・纽约
爱情,横冲直撞好莱坞
爱情,有一个地方只有我们知道
爱情,简单爱
爱情,不见不散
爱情,巴黎假期
爱情,天台爱情
爱情,三城记
爱情,诡劫
爱情,我是奋青
爱情,我为相亲狂
爱情,大变局之梦回甲午
爱情,华丽上班族
爱情,情敌蜜月
爱情,爱你不等来生
爱情,我想和你好好的
爱情,37次想你
爱情,微爱之渐入佳境
爱情,枕边诡影
爱情,穷途
爱情,爱拼北京
爱情,落跑吧，爱情
爱情,非你勿扰
爱情,向阳花开
爱情,新步步惊心
爱情,时间都去哪了
爱情,小西天狄道传奇
爱情,滚蛋吧！肿瘤君
爱情,伞头和他的女人
爱情,宅女侦探桂香
爱情,重返20岁
爱情,早见，晚爱
爱情,公主的诱惑
爱情,狂野飞车
爱情,吴哥的微笑
爱情,暴走神探
爱情,恋爱中的城市
爱情,一路向前
爱情,新娘大作战
爱情,破风
爱情,我的男友和狗
爱情,一步之遥
爱情,初恋未满
爱情,煎饼侠
爱情,有种你爱我
爱情,神探驾到
爱情,谁动了我的梦想
爱情,爱爱迨
爱情,爱情攻略
爱情,小时代4：灵魂尽头
爱情,第三种爱情
爱情,小时代：青木时代
爱情,匆匆那年
爱情,匆匆那些年
爱情,一场风花雪月的事
爱情,太平轮（上）
爱情,一夜惊喜
爱情,夏洛特烦恼
爱情,一路惊喜
爱情,太平轮：彼岸
爱情,精武青春
爱情,小时代
爱情,黄金福将
爱情,王朝的女人・杨贵妃
爱情,星语心愿之再爱
爱情,1980年代的爱情
爱情,东莞女孩
爱情,花咒
爱情,爱，很美
爱情,我的早更女友
爱情,等爱归来
爱情,油菜花儿开
爱情,命中注定
爱情,天堂之吻
爱情,恋爱兄弟
爱情,小时代4：灵魂尽头（纪录片版）
爱情,青春派
爱情,爱情魔发师
爱情,一个人的武林
爱情,对风说爱你
爱情,美姐
爱情,被风吹过的记忆
爱情,北回归线
爱情,超级经纪人
爱情,不能错过
爱情,土豪520
爱情,正果
爱情,爱情不等式
爱情,团圆
爱情,何帅的爱情
爱情,咱们结婚吧
爱情,毕业那年分手季
爱情,等一个人咖啡
爱情,你是不是我的爱人
爱情,喜乐长安
爱情,杜拉拉追婚记
爱情,暴躁天使
爱情,从天“儿”降
爱情,缘来是游戏
爱情,金太狼的幸福生活
爱情,深夜前的五分钟
爱情,分手合约
爱情,甜蜜十八岁
爱情,何以笙箫默
爱情,大野狼和小绵羊的爱情
爱情,诡新娘
爱情,夏日示爱
爱情,爱情碰碰撞
爱情,女神时代
爱情,我是女王
爱情,最美的时候遇见你
爱情,公路美人
爱情,女神跟我走
爱情,念念
爱情,姑鲁之恋
爱情,爱别离
爱情,我的青春蜜友
爱情,一个人的恋情
爱情,无法触碰的爱
爱情,青春笔记
爱情,致我们终将逝去的青春
爱情,我的母亲
爱情,黄金时代
爱情,重生爱人
爱情,没女神探
爱情,4B青年之4楼B座
爱情,花漾
爱情,柠檬
爱情,房车奇遇
爱情,灰姑娘
爱情,北京时间
爱情,心花路放
爱情,梦幻佳期
爱情,分手再说我爱你
爱情,紫霞
爱情,时光恋人
爱情,爱我就陪我看电影
爱情,分手不分手
爱情,诡八楼
爱情,了不起的盖茨比
爱情,怦然星动
爱情,我的男男男男朋友
爱情,万物生长
爱情,钢琴木马
爱情,顺风车
爱情,石榴树上结樱桃
爱情,左耳
爱情,一刻十年
爱情,可爱的你
爱情,恋爱教父之三个“坏”家伙
爱情,粉红女郎之爱人快跑
爱情,路口
爱情,国酒
爱情,非常幸运
爱情,消失爱人
爱情,遭遇海明威
爱情,亲爱
爱情,天亮・分手
爱情,搏击迷城
爱情,火车快跑
爱情,摩登年代
爱情,菜鸟
爱情,触不可及
爱情,不能说的夏天
爱情,璀璨的婚礼
爱情,漫瀚调
爱情,残团
爱情,阳光总在风雨后
爱情,大话西游之大圣娶亲
爱情,幸福快递
爱情,再见我们的十年
爱情,十月初五的月光
爱情,大话西游之月光宝盒
爱情,冰美人
爱情,回到爱开始的地方
爱情,我和初恋的三次婚礼
爱情,摇滚水果
爱情,被偷走的那五年
爱情,0.5的爱情
犯罪,速度与激情6
犯罪,夺宝联盟
犯罪,守梦者
犯罪,痞子英雄：黎明升起
犯罪,别有动机
犯罪,特殊身份
犯罪,背水一战
犯罪,惊天魔盗团
犯罪,窃听风云3
犯罪,速度与激情7
犯罪,真相禁区
犯罪,双雄
犯罪,绝密跟踪
犯罪,扫毒
犯罪,角逐
犯罪,神探夏洛克
犯罪,谜城
犯罪,赤警威龙
犯罪,赤道
犯罪,闪魂
犯罪,三人行
犯罪,烈日灼心
犯罪,功夫
犯罪,老炮儿
犯罪,破坏者
犯罪,闯入者
犯罪,蜂鸟特攻
犯罪,控制
犯罪,全民目击
犯罪,通灵神探
犯罪,暴走神探
犯罪,公证人之大卫之死
犯罪,毒战
犯罪,危情营救
犯罪,枪过境
犯罪,心战
犯罪,侠探杰克
犯罪,暗杀
犯罪,谋杀似水年华
犯罪,幸存者
犯罪,第七谎言
犯罪,越位者
犯罪,秘术
犯罪,极品飞车
犯罪,无法证明
犯罪,坏蛋必须死
犯罪,蝙蝠侠：黑暗骑士崛起
犯罪,狙击时刻
犯罪,红色警戒999
犯罪,冰河追凶
犯罪,伦敦陷落
犯罪,白日焰火
犯罪,美国骗局
犯罪,不速之客
犯罪,全城通缉
犯罪,无处可逃
犯罪,玩命速递：重启之战
犯罪,破局
犯罪,终极硬汉
犯罪,喊・山
犯罪,谍影特工
犯罪,警察日记
犯罪,被解救的姜戈
犯罪,杀破狼2
犯罪,圣诞玫瑰
犯罪,心迷宫
犯罪,极盗者
犯罪,永远的守望
犯罪,悬战
犯罪,使命召唤
犯罪,受降前夕
犯罪,猎仇者
犯罪,记忆碎片
犯罪,罪恶赎金
犯罪,十二公民
犯罪,死亡邮件
犯罪,解救吾先生
犯罪,冲锋战警
犯罪,冲锋车
犯罪,超脑48小时
犯罪,东北偏北
犯罪,赤焰战场2
现实,为了这片土地
真人秀,极限挑战之皇家宝藏
真人秀,爸爸去哪儿
科幻,饥饿游戏3：嘲笑鸟（上）
科幻,超凡蜘蛛侠2
科幻,极乐空间
科幻,环太平洋
科幻,机械战警
科幻,分歧者2：绝地反击
科幻,神奇
科幻,时光大战
科幻,独立日：卷土重来
科幻,冰封：重生之门
科幻,侏罗纪世界
科幻,超验骇客
科幻,复仇者联盟2：奥创纪元
科幻,黑猫警长之翡翠之星
科幻,木星上行
科幻,星际迷航3：超越星辰
科幻,来历不明
科幻,屠魔战士
科幻,超能查派
科幻,幻体：续命游戏
科幻,明日世界
科幻,魔法老师
科幻,寄生兽
科幻,侏罗纪公园3D
科幻,美国队长2：冬日战士
科幻,X战警：天启
科幻,雪国列车
科幻,分歧者3：忠诚世界
科幻,汽车人总动员
科幻,饥饿游戏2:星火燎原
科幻,钢铁侠3
科幻,饥饿游戏3：嘲笑鸟（下）
科幻,特种部队：全面反击
科幻,生化危机5：惩罚
科幻,明日边缘
科幻,移动迷宫
科幻,遗落战境
科幻,哥斯拉
科幻,不可思异
科幻,3D食人虫
科幻,骇战
科幻,超人：钢铁之躯
科幻,猩球崛起：黎明之战
科幻,蒸发太平洋
科幻,地心引力
科幻,机器纪元
科幻,云图
科幻,蚁人
科幻,特警判官
科幻,变形金刚4：绝迹重生
科幻,星际穿越
科幻,美人鱼
科幻,星际迷航：暗黑无界
科幻,魔比斯环3D
科幻,移动迷宫2
科幻,银河护卫队
科幻,美国队长3：英雄内战
科幻,从天“儿”降
科幻,通灵神探
科幻,巨人捕手杰克
科幻,火星救援
科幻,终结者：创世纪
科幻,重返地球
科幻,安德的游戏
科幻,星球大战：原力觉醒
科幻,X战警：逆转未来
科幻,分歧者：异类觉醒
科幻,像素大战
科幻,末日迷踪
科教片,马达加斯加：狐猴之岛
纪实,飞鱼秀
纪实,千锤百炼
纪实,山丹丹花儿开
纪实,金色时光
纪实,永远的焦裕禄
纪实,警察日记
纪实,好人常慧珍
纪实,青春雷锋
纪实,幸福梦想
纪实,天上的菊美
纪实,吴仁宝
纪实,我的诗篇
纪实,旋风九日
纪实,周恩来的四个昼夜
纪实,热情奏鸣曲
纪实,阳光留守
纪实,爸爸去哪儿2
纪实,钢铁，是这样炼成的
纪实,雷锋在1959
纪实,雷锋的微笑
纪实,不肯去观音
纪实,唐家山之恋
纪实,门巴将军
纪实,东方中国梦
纪实,雨中的树
纪实,校车
纪实,毛泽东与齐白石
纪实,青春真好
纪实,爸爸去哪儿
纪实,味道中国
纪实,邓小平登黄山
纪实,中国好声音之为你转身
纪实,风雨日升昌
纪实,东方欲晓
纪实,这里是新疆
纪录片,东方中国梦
纪录片,情比山高
纪录片,铁血残阳
纪录片,舌尖上的新年
纪录片,我的诗篇
纪录片,千锤百炼
纪录片,乔布斯
纪录片,日本战犯忏悔备忘录
纪录片,超越那一天
纪录片,这里是新疆
纪录片,5月天诺亚方舟
纪录片,二十二
纪录片,报国之路
纪录片,传奇状元伦文叙
纪录片,旋风九日
纪录片,爸爸去哪儿2
纪录片,曼德拉
纪录片,深海挑战
纪录片,铁娘子：坚固柔情
纪录片,燃烧的影像
纪录片,海底世界3D
纪录片,摩纳哥王妃
纪录片,胜利大阅兵
纪录片,我们诞生在中国
纪录片,喜马拉雅天梯
职场,梦想合伙人
西部,无人区
西部,被解救的姜戈
西部,独行侠
警匪,倾城
警匪,扫毒
警匪,杀破狼2
警匪,风暴
警匪,一个人的武林
警匪,赤狼蚁
警匪,一场风花雪月的事
警匪,警察故事2013
警匪,澳门风云
警匪,使徒行者
警匪,寒战2
警匪,寒战
记录,味道中国
记录,热情奏鸣曲
记录,金色时光
记录,飞鱼秀
记录,根据地
记录,宝贝，对不起
贺岁,快乐到家
贺岁,私人订制
贺岁,王牌情敌
贺岁,越来越好之村晚
运动,飞鹰艾迪
运动,大明猩
运动,破风
运动,坚不可摧
运动,神奇
运动,蹴鞠
运动,千锤百炼
运动,极速风流
运动,许海峰的枪
都市,剩者为王
都市,北漂鱼
都市,非秀不可
都市,租婚男女
都市,我的男男男男朋友
都市,有种
都市,整容日记
都市,超级经纪人
青春,万物生长
青春,不能说的夏天
青春,幸福快递
青春,左耳
青春,野草莓
青春,甜蜜十八岁
青春,爱之初体验
青春,栀子花开
青春,被偷走的那五年
青春,夏有乔木 雅望天堂
青春,重生爱人
青春,80后的独立宣言
青春,致我们终将逝去的青春
青春,一座城池
青春,致青春・原来你还在这里
青春,闺蜜
青春,有一个地方只有我们知道
青春,708090之深圳恋歌
青春,匆匆那些年
青春,小时代：青木时代
青春,匆匆那年
青春,小时代4：灵魂尽头
青春,同桌的
青春,谁的青春不迷茫
青春,爱爱迨
青春,青春派
青春,青春真好
青春,北漂鱼
青春,小时代
青春,小时代4：灵魂尽头（纪录片版）
青春,六弄咖啡馆
青春,精武青春
青春,我们毕业啦
青春,渴望的青春
青春,初恋未满
青春,37次想你
青春,怒放之青春再见
青春,公主的诱惑
青春,谁说我们不会爱
青春,星星的梦
青春,我是路人甲
青春,夏洛特烦恼
青春,年少轻狂
青春,全城高考
青春,有种
青春,山花烂漫时
青春,中国合伙人
青春,唇唇欲动
青春,我是证人
青春,摇滚英雄
青春,当我们年轻的时候
青春,少年班
青春,青春时光
青春,小时代3：刺金时代
革命,东方欲晓
革命,敌后文工队
音乐,情笛之爱
音乐,摇滚英雄
音乐,摇滚藏獒
音乐,黄河
音乐,怒放之青春再见
音乐,再次出发
音乐,热情奏鸣曲
音乐,蓝色骨头
音乐,向阳花开
音乐,超越那一天
音乐,听见下雨的声音
音乐,5月天诺亚方舟
魔幻,白狐
魔幻,玩命时光
魔幻,非狐外传
魔幻,第七子：降魔之战
魔幻,紫霞
魔幻,捉妖记
魔幻,西游降魔篇
魔幻,西游记之大闹天宫
魔幻,无敌小飞猪
魔幻,钟馗伏魔：雪妖魔灵
魔幻,巴啦啦小魔仙
魔幻,九层妖塔
魔幻,巴啦啦小魔仙之魔法的考验
魔幻,巴啦啦小魔仙之魔箭公主
魔幻,轩辕剑传奇
黑帮,天亮之前
黑色,石榴树上结樱桃
黑色幽默,笨贼别跑
