name,theme,boxtotal,releaseTime
双雄,动作/犯罪/冒险,566.8,2013/12/6
功夫,动作/喜剧/犯罪,2559.5,2015/1/15
龙凤呈祥,剧情/戏曲,11.8,2014/1/29
栀子花开,爱情/青春,37900.2,2015/7/10
蹴鞠,剧情/运动,,2016/7/29
在一起,爱情,3228.3,2013/2/12
我的少女时代,爱情/喜剧,35939.6,2015/11/19
致命怪谈,惊悚/悬疑,,2016/2/19
非常绑匪,喜剧,192.5,2012/6/29
乐队,歌舞,5.8,2012/7/4
四大名捕,动作/悬疑/古装,19506.7,2012/7/12
十二星座离奇事件,惊悚/悬疑,2004.6,2012/7/13
听风者,剧情/悬疑,23219.4,2012/8/7
河东狮吼2,爱情/动作/喜剧/古装,7091.8,2012/8/17
邋遢大王奇遇记,动画,415.1,2012/8/17
危城之恋,爱情,1.8,2012/8/18
都市童话,剧情,8.5,2012/8/24
蝙蝠侠：黑暗骑士崛起,动作/犯罪/剧情/惊秫,33879,2012/8/27
敢死队2,动作/惊悚/冒险,33214.9,2012/9/4
雨中的树,纪实/传记,2391.7,2012/9/19
孝女彩金,剧情,330.1,2012/9/20
火海逃生,剧情,44.3,2012/9/21
指尖太阳,动画/儿童,13.7,2012/9/25
铜雀台,动作/历史,10606.6,2012/9/26
危险关系,爱情/悬疑,6271.2,2012/9/27
二次曝光,爱情/悬疑,10738.7,2012/9/29
吴仁宝,纪实/传记,1112.5,2012/10/12
美男记,爱情,88.9,2012/10/12
岁月无声,剧情,35.5,2012/10/12
浮城谜事,爱情/悬疑,554.4,2012/10/19
诡爱,惊悚/悬疑,1203.4,2012/10/30
冰雪11天,灾难/抢险,958.9,2012/11/1
南平红荔,剧情,82,2012/11/6
缘来是咱俩,喜剧/爱情,28.8,2012/11/8
寒战,动作/警匪,25303.8,2012/11/8
天生爱情狂,爱情/喜剧,1139.1,2012/11/9
好好过,喜剧,94.6,2012/11/12
万箭穿心,爱情,265,2012/11/16
借你俩胆,喜剧/惊悚,188.2,2012/11/16
2012 3D,灾难/动作/惊悚,,2012/11/20
保安刘十八,剧情,26.1,2012/11/21
少年派的奇幻漂流,灾难/剧情/冒险,57290,2012/11/22
无间罪：僵尸重生,惊悚/恐怖,584.4,2012/11/23
一九四二,战争/灾难/历史,37113.6,2012/11/29
王的盛宴,动作/历史/古装,7699.8,2012/11/29
有这样一个医生,剧情,17.6,2012/11/30
咱们是亲人,剧情,139.6,2012/12/4
铁线虫入侵,惊悚/灾难,743.7,2012/12/6
我老公不靠谱,喜剧,2596.1,2012/12/7
小鱼吃大鱼,爱情,105.1,2012/12/7
笑过2012,灾难,80.8,2012/12/7
人再逋局泰,喜剧/公路,126800.1,2012/12/12
异度迷局,惊悚/悬疑,294.4,2012/12/14
十二生肖,动作/冒险/喜剧,88113.4,2012/12/20
血滴子,动作/武侠,7183.4,2012/12/20
大上海,动作,14963.5,2012/12/21
凶间雪山,惊悚/冒险,754.8,2012/12/21
桃枝的桃,爱情,10.6,2012/12/23
地下室惊魂,惊悚/悬疑/恐怖,701,2012/12/28
秘密花园,爱情,544.2,2012/12/28
爱你一生一世,爱情,63.3,2012/12/28
给你一千万,喜剧,40.2,2012/12/28
南方大冰雪,剧情,32.3,2012/12/28
金箍棒传奇,动画,1097.4,2012/12/29
我的狗狗我的爱,剧情,36.5,2012/12/29
重返大海,动画,385.7,2012/12/30
玩命时光,动作/喜剧/魔幻/爱情,255,2012/12/31
犀利人妻,爱情/剧情,286.6,2012/12/31
201314,爱情,1325.2,2013/1/1
浩昊文字国历险记之智斗谜语城,动画,39.6,2013/1/7
一代宗师,动作/传记,28924.1,2013/1/8
宝米恰恰,爱情/喜剧,44.4,2013/1/10
暗恋99天,爱情,703.5,2013/1/11
大叔，我爱你,爱情/喜剧,476.1,2013/1/11
危情营救,动作/犯罪,102.2,2013/1/12
快乐到家,喜剧/贺岁,15360.1,2013/1/15
喜剧王,喜剧,59.8,2013/1/15
夺宝联盟,动作/犯罪,2225.1,2013/1/15
越位者,动作/犯罪,29.7,2013/1/16
都是手机惹的祸,喜剧,0.9,2013/1/18
绿林大冒险,动画,931.4,2013/1/19
007：大破天幕杀机,动作/冒险/惊悚,37614.2,2013/1/21
喜羊羊与灰太狼之喜气羊羊过蛇年,动画,12493.9,2013/1/24
波鲁鲁冰雪大冒险,动画,1220.5,2013/1/25
小小飞虎队,动作/儿童/喜剧,150.8,2013/1/25
夺命追踪,惊悚/悬疑,817.4,2013/1/25
孤岛惊魂2,惊悚/悬疑,1672.8,2013/1/26
愤怒的小孩,喜剧,844.6,2013/1/29
云图,科幻/惊悚/悬疑,17019.8,2013/1/31
洛克王国2圣龙的心愿,动画,6952.7,2013/1/31
巴啦啦小魔仙,魔幻/冒险/儿童,5177.2,2013/1/31
百星酒店,喜剧,5830.4,2013/2/1
女蛹,惊悚/悬疑/爱情,1192.2,2013/2/1
梦幻飞琴,动画,71.1,2013/2/2
全城高考,喜剧/爱情/青春,332.1,2013/2/5
西游降魔篇,魔幻/喜剧/冒险,124699.4,2013/2/10
越来越好之村晚,喜剧/贺岁,3002.2,2013/2/10
爱情不NG,喜剧/爱情,722.8,2013/2/10
101次求婚,爱情,20000.8,2013/2/12
我的老婆是只猫,动画,164.7,2013/2/14
侠探杰克,动作/犯罪,9711.4,2013/2/16
电梯惊魂,惊悚/惊秫,2221,2013/2/22
阿嬷的梦中情人,爱情/喜剧,47.3,2013/2/22
霍比特人1：意外旅程,奇幻/冒险,31628.7,2013/2/22
杨光的快乐生活,喜剧,207.2,2013/2/26
有人赞美聪慧，有人则不,儿童/动画,11.7,2013/2/28
悲惨世界,爱情/歌舞,6305.9,2013/2/28
午夜微博,惊悚,536.6,2013/3/1
三月情流感,爱情/喜剧,135.6,2013/3/1
南泥湾,战争/历史/主旋律,,2013/3/1
劫案迷云,动作/惊悚,4425.8,2013/3/1
特警判官,动作/科幻,3006.6,2013/3/1
让爱绽放,爱情,3.5,2013/3/2
青春雷锋,纪实/传记,99.7,2013/3/4
雷锋在1959,纪实,51.7,2013/3/5
雷锋的微笑,纪实,45,2013/3/5
笑功震武林,喜剧/动作,7022.4,2013/3/8
爱神,爱情,1211.9,2013/3/8
午夜火车,惊悚,679.1,2013/3/8
萧红,爱情,202.5,2013/3/8
暴走吧，女人,爱情/冒险/励志,199.5,2013/3/8
不要迷恋姐,喜剧/爱情,11.6,2013/3/8
铁娘子：坚固柔情,纪录片/传记,560.8,2013/3/8
爱情银行,爱情,536.1,2013/3/14
骇战,科幻/爱情/悬疑,299.4,2013/3/14
虎胆龙威5,动作,20126,2013/3/14
生化危机5：惩罚,动作/惊悚/科幻,11058.8,2013/3/17
北京遇上西雅图,爱情/喜剧,51975,2013/3/21
叶问：终极一战,动作/传记,1113,2013/3/22
止杀令,动作/战争/历史,450.5,2013/3/22
刘老庄八十二壮士,战争,18.1,2013/3/22
巨人捕手杰克,科幻/冒险,5415.7,2013/3/25
楼,惊悚/悬疑,372,2013/3/28
厨子戏子痞子,喜剧/战争/动作,27277.8,2013/3/29
梦幻岛,爱情,209.4,2013/3/29
魔境仙踪,动作/冒险/奇幻,16421.9,2013/3/29
毒战,动作/惊悚/犯罪,14696,2013/4/2
忠烈杨家将,动作/古装/战争,6182,2013/4/4
石榴树上结樱桃,爱情/黑色/农村,83,2013/4/4
海底世界3D,纪录片/动物,71.8,2013/4/10
分手合约,爱情,19284.8,2013/4/12
金太狼的幸福生活,爱情/喜剧,560.8,2013/4/12
特种部队：全面反击,动作/冒险/科幻/惊悚,33806.1,2013/4/15
柠檬,爱情/喜剧,167.6,2013/4/19
刺夜,动作/悬疑,72.8,2013/4/19
甜蜜十八岁,爱情/青春,48.3,2013/4/19
变身超人,喜剧/动作/励志,238.7,2013/4/19
疯狂原始人,动画,39472.8,2013/4/20
致我们终将逝去的青春,爱情/青春,71918.1,2013/4/26
同谋,惊悚/悬疑/动作/惊秫,2257.7,2013/4/27
人间蒸发,惊悚/悬疑,433.5,2013/4/28
西柏坡2：王二小,动画,170.5,2013/4/28
石器时代之百万大侦探,喜剧,32.1,2013/4/28
百家乐翻天,喜剧,222.1,2013/4/28
大野狼和小绵羊的爱情,爱情/喜剧/浪漫,79.4,2013/4/28
钢铁侠3,科幻/动作/冒险,75487,2013/5/1
记忆望着我,剧情,8.7,2013/5/5
天钟,动作/喜剧,1.6,2013/5/8
超越那一天,纪录片/音乐,37.3,2013/5/8
钢琴木马,爱情/悬疑,90.7,2013/5/10
倾城,灾难/警匪/动作,66,2013/5/10
亲爱,爱情,60.5,2013/5/10
遗落战境,动作/冒险/科幻/惊悚,14850.2,2013/5/10
残团,战争/爱情,50.3,2013/5/11
被解救的姜戈,动作/冒险/西部/犯罪,1788.9,2013/5/12
临终迨,惊悚/喜剧,781.9,2013/5/16
中国合伙人,爱情/励志/青春,53880.3,2013/5/17
圣诞玫瑰,惊悚/犯罪/悬疑,2349.5,2013/5/24
一路狂奔,喜剧,588.1,2013/5/24
冲锋号,动画,110.1,2013/5/24
别跟我谈高富帅,喜剧/爱情,1.7,2013/5/24
星际迷航：暗黑无界,科幻/动作/冒险,35320.1,2013/5/28
辛巴达历险记2013,动画,4022.2,2013/5/31
魁拔之大战元泱界,动画,2529.9,2013/5/31
太阳脸,战争/儿童,13.8,2013/5/31
让熊猫飞,喜剧,190.3,2013/6/1
乡间童谣,剧情,31.3,2013/6/1
阳光留守,纪实/儿童,4.5,2013/6/1
少年林祥谦,剧情,10.3,2013/6/4
王牌情敌,喜剧/爱情/贺岁,1170.2,2013/6/4
致命黑兰,动作/惊悚/冒险,5020.4,2013/6/7
逆光飞翔,爱情,888.6,2013/6/8
告诉他们，我乘白鹤去了,剧情,8.2,2013/6/8
天机・富春山居图,动作/冒险,30032,2013/6/9
杀戒,爱情/悬疑,947.8,2013/6/9
光辉岁月,动作/冒险/爱情,376.6,2013/6/9
夜幕惊魂,惊悚/喜剧,333.2,2013/6/9
百万爱情宝贝,喜剧/爱情,85.6,2013/6/9
圣龙奇兵大冒险,动画,571.3,2013/6/10
大片,喜剧,352.3,2013/6/11
枕边有张脸,惊悚,2354.7,2013/6/14
非秀不可,爱情/都市/励志,33.8,2013/6/14
超人：钢铁之躯,动作/科幻/冒险,39449.3,2013/6/20
不二神探,喜剧/动作/悬疑,28400.7,2013/6/21
北漂鱼,喜剧/青春/都市,333,2013/6/21
小时代,爱情/青春,48478.1,2013/6/27
东方中国梦,纪实/纪录片,49.3,2013/6/27
开心超人,动画,3566.4,2013/6/28
毛泽东与齐白石,纪实/传记,246.1,2013/6/29
乐乐熊奇幻追踪,动画,7.4,2013/6/29
盲探,动作/惊悚/悬疑,21095.7,2013/7/4
初恋未满,爱情/青春,225.8,2013/7/4
太极侠,动作/冒险/武侠,2756.7,2013/7/5
咒丝,惊悚,744.2,2013/7/5
拐杖,剧情,3.5,2013/7/5
今天明天,动画,34.4,2013/7/6
赤警威龙,动作/犯罪,1280.2,2013/7/9
天台爱情,歌舞/爱情/动作,11984.8,2013/7/11
赛尔号大电影3之战神联盟,动画,7644.4,2013/7/12
校花诡异事件,惊悚/恐怖/灵异,801.3,2013/7/12
重返地球,科幻/冒险/动作/亲情,21458.7,2013/7/12
笔仙Ⅱ,惊悚/悬疑,8217.3,2013/7/16
周恩来的四个昼夜,纪实/传记/历史,5941.4,2013/7/16
大明猩,喜剧/运动,11284.5,2013/7/18
火焰山历险记,动画,583.2,2013/7/19
早见，晚爱,爱情,244.2,2013/7/19
功夫侠,动作,67.1,2013/7/19
达人也疯狂,喜剧,9.9,2013/7/19
终极大冒险,动画,447,2013/7/20
咏春小龙,动作/家庭,4.5,2013/7/20
吴哥的微笑,爱情,5.5,2013/7/20
惊天危机,动作/灾难,17726.8,2013/7/22
正骨,战争/传记/历史,10.2,2013/7/24
爱，很美,爱情,39,2013/7/25
模特魅影,惊悚/悬疑,333.5,2013/7/26
不肯去观音,纪实/历史,178,2013/7/26
速度与激情6,动作/犯罪/冒险,41372.8,2013/7/26
环太平洋,科幻/冒险/动作,69530.9,2013/7/31
我爱灰太狼2,动画,7550.9,2013/8/1
青春派,爱情/青春,2813.3,2013/8/2
昆塔・盒子总动员,动画,1710.4,2013/8/2
爱爱迨,爱情/喜剧/青春,211.7,2013/8/2
绑架大明星,喜剧,104.2,2013/8/2
小时代：青木时代,爱情/青春,29654.4,2013/8/8
一场风花雪月的事,爱情/动作/警匪,2276.3,2013/8/8
一夜惊喜,爱情/喜剧,17250.5,2013/8/9
玛德2号,喜剧/家庭,117.5,2013/8/9
情缘廊桥,爱情,2.6,2013/8/9
嗨起，打他个鬼子,战争,1.1,2013/8/10
宫锁沉香,爱情/古装,5449,2013/8/13
小神来了,喜剧/家庭/儿童,105.4,2013/8/15
激战,动作,11792.7,2013/8/16
诡魇,惊悚/悬疑,356.8,2013/8/16
高铁英雄,动画,118.7,2013/8/16
唇唇欲动,喜剧/青春,33.5,2013/8/16
侏罗纪公园3D,科幻/动作/冒险/惊秫,34947.2,2013/8/20
牛胆神偷,喜剧,51,2013/8/22
摩登年代,喜剧/爱情,6845,2013/8/23
回到爱开始的地方,爱情,1108.8,2013/8/23
粉红女郎之爱人快跑,爱情,400.6,2013/8/23
来历不明,科幻,21.1,2013/8/23
怪兽大学,动画,20999.2,2013/8/23
少年岳飞,动画,2.5,2013/8/27
隔窗有眼,惊悚/惊秫/悬疑,175.4,2013/8/28
被偷走的那五年,爱情/青春,14912.7,2013/8/29
疯狂的导演,喜剧,504.3,2013/8/30
夏日示爱,爱情,72.6,2013/8/30
致命闪玩,惊悚/悬疑/冒险,72.8,2013/8/30
了不起的盖茨比,爱情,8506.3,2013/8/30
极乐空间,动作/科幻/惊悚,15976.4,2013/9/5
超级经纪人,爱情/都市,2883.8,2013/9/6
古镇凶灵之巫咒缠身,惊悚,1063.4,2013/9/6
时光恋人,爱情/幻想,413.6,2013/9/6
花漾,爱情/古装/动作,217.7,2013/9/6
逆袭,喜剧,19.5,2013/9/6
4B青年之4楼B座,喜剧/爱情,452.3,2013/9/10
校车,纪实,10.3,2013/9/10
蓝精灵2,动画,13796.9,2013/9/12
全民目击,惊悚/悬疑/犯罪,18118.5,2013/9/13
非常幸运,爱情/冒险/喜剧,13711.7,2013/9/17
落经山,动作/冒险/战争,9.2,2013/9/17
我的母亲,爱情/家庭,0.4,2013/9/17
一座城池,喜剧/青春,688,2013/9/18
爸爸妈妈复婚记,剧情/家庭,505.9,2013/9/18
帝国秘符,动作/冒险,349.7,2013/9/18
爱别离,爱情,123.9,2013/9/18
极速蜗牛,动画,11295.4,2013/9/18
团圆,爱情/亲情,36.3,2013/9/19
5月天诺亚方舟,纪录片/音乐/歌舞,2089.6,2013/9/19
金刚王：死亡救赎,动作/武侠,1270.6,2013/9/24
乔布斯,纪录片/传记,1259.2,2013/9/27
狄仁杰之神都龙王,动作/古装/悬疑,60078.7,2013/9/28
白狐,魔幻/爱情,3153.7,2013/9/28
81号农场之保卫麦咭,动画,2515.7,2013/9/28
一路顺疯,喜剧,1425,2013/9/29
逃出生天3D,灾难/动作/冒险,13309.2,2013/9/30
神奇,动作/运动/爱情/科幻/励志,4597.1,2013/9/30
蝙蝠别墅,惊悚/悬疑,256,2013/9/30
盗剑72小时,喜剧/冒险/悬疑,108.2,2013/9/30
门巴将军,纪实/传记,37.8,2013/10/1
心战,惊悚/犯罪,1059.8,2013/10/3
独行侠,动作/冒险/西部,8145.2,2013/10/5
惊天魔盗团,动作/悬疑/犯罪,14299.9,2013/10/10
禁忌游戏之迷藏,惊悚/恐怖,379.6,2013/10/11
我想和你好好的,爱情,8774.5,2013/10/12
金刚狼2,动作,24978.8,2013/10/17
特殊身份,动作/犯罪,15526.9,2013/10/18
美姐,爱情,67.9,2013/10/18
目标战,动作/战争,28.9,2013/10/18
背水一战,动作/惊悚/犯罪,4923.2,2013/10/24
大明劫,战争/古装,452.9,2013/10/25
公主的诱惑,爱情/青春/喜剧,161.7,2013/10/25
制服,惊悚,1293.6,2013/10/29
爱拼北京,爱情,80,2013/10/29
诡婴吉咪,惊悚,1819.1,2013/10/31
冷瞳,惊悚/悬疑,285.4,2013/10/31
我为相亲狂,爱情/喜剧,517.5,2013/11/1
铁血娇娃,动作/冒险,522.3,2013/11/1
猎仇者,惊悚/悬疑/犯罪,581.1,2013/11/1
冲锋战警,动作/犯罪,491.6,2013/11/1
精灵旅社,动画,7441.7,2013/11/1
我爱的是你爱我,爱情,3028.6,2013/11/8
意外的恋爱时光,爱情/喜剧/公路,2362.5,2013/11/8
甜心巧克力,爱情,412.6,2013/11/8
诡拼车,惊悚,201.4,2013/11/8
孪生密码,动作/悬疑,82.2,2013/11/8
光的棍,喜剧/爱情,70.3,2013/11/8
有种,爱情/青春/都市,39.6,2013/11/8
爱・回家,剧情,0.6,2013/11/8
雷神2：黑暗世界,动作,34239.9,2013/11/8
少女灵异日记,惊悚,258.8,2013/11/11
我的男男男男朋友,爱情/喜剧/浪漫/都市,780.1,2013/11/15
步步追魂,惊悚/悬疑,479.3,2013/11/15
功夫战斗机,动作,131,2013/11/15
爱情碰碰撞,爱情/喜剧,1.5,2013/11/15
赤焰战场2,动作/喜剧/犯罪/惊悚,5581.1,2013/11/15
地心引力,科幻/惊悚,43560.3,2013/11/19
饥饿游戏2:星火燎原,动作/科幻/冒险/惊悚,17194.2,2013/11/21
控制,动作/悬疑/犯罪,4362.8,2013/11/22
暴躁天使,爱情/励志,127,2013/11/22
扫毒,动作/犯罪/警匪,23788,2013/11/29
郑和1405：魔海寻踪,动画,150.7,2013/11/29
幸福快递,爱情/青春/励志,79.1,2013/11/29
飘落的羽毛,爱情,32.2,2013/11/29
野草莓,爱情/青春,25,2013/11/29
森林战士,动画,4996.1,2013/11/29
无人区,动作/公路/西部,25959.2,2013/12/3
四大名捕2,动作/悬疑/古装,17422.9,2013/12/6
乳娘情,剧情/主旋律,1.1,2013/12/10
风暴,动作/警匪,30833.9,2013/12/12
啊朋友还钱,喜剧,253,2013/12/13
听见下雨的声音,爱情/音乐,170.6,2013/12/13
我的美丽王国,爱情/喜剧,57.2,2013/12/13
私人订制,喜剧/贺岁,71380.6,2013/12/19
狼少年,爱情,413.5,2013/12/19
千锤百炼,纪实/纪录片/运动,16.7,2013/12/20
警察故事2013,动作/警匪,53438.3,2013/12/24
刺客,动作/古装,11,2013/12/26
中国好声音之为你转身,歌舞/纪实,301.6,2013/12/27
有招没招之爱情达人,喜剧/爱情,44.7,2013/12/27
迷魂之密室逃脱,惊悚,345.6,2013/12/28
太空熊猫历险记,动画,229.6,2013/12/28
青蛙王国,动画,1776.9,2013/12/28
海底大冒险,动画,2642,2013/12/28
奥林匹斯的陷落,动作/惊悚,4021.4,2013/12/29
等风来,爱情/文艺/公路,7965.2,2013/12/31
史前怪兽,动作/惊悚/冒险,3481,2013/12/31
201413,爱情,54.7,2014/1/1
商魂,爱情/亲情,0,2014/1/2
救火英雄,动作,7746.3,2014/1/3
对不起，我爱你,爱情,280,2014/1/3
圣杯神器：骸骨之城,奇幻/动作/冒险/悬疑,2971,2014/1/3
完美超越,喜剧,232.7,2014/1/5
安德的游戏,动作/科幻,13875.9,2014/1/7
9号女神,爱情,5.1,2014/1/9
恶战,动作,803.9,2014/1/10
怒放之青春再见,音乐/爱情/青春,202.8,2014/1/10
不爱不散,爱情,77.1,2014/1/10
哭恋,爱情,14.1,2014/1/10
早安，冬日海,爱情,12.6,2014/1/10
西湖传奇,动画,0.1,2014/1/10
神偷奶爸2,动画,32397.5,2014/1/10
六福喜事,爱情/喜剧,8090.9,2014/1/11
闹在碗中,喜剧,501.1,2014/1/14
喜羊羊与灰太狼之飞马奇遇记,动画,8624.3,2014/1/16
熊出没之夺宝熊兵,动画,24808.1,2014/1/17
诡镇,惊悚,933.3,2014/1/17
大寒桃花开,爱情/古装,114.4,2014/1/17
一触即发,动作/惊悚,16064.6,2014/1/17
石斛兰,爱情/亲情,2.2,2014/1/18
金牌流浪狗,喜剧,105.4,2014/1/21
巴啦啦小魔仙之魔法的考验,魔幻/冒险/儿童,1915.8,2014/1/23
永不消失的广播,战争,39.6,2014/1/24
拯救大明星,动画,440.3,2014/1/25
生死传递,战争,0.2,2014/1/29
西游记之大闹天宫,魔幻/动作/爱情,104560.5,2014/1/31
爸爸去哪儿,纪实/真人秀/亲情,69683.7,2014/1/31
澳门风云,动作/警匪,52490.3,2014/1/31
前任攻略,爱情/喜剧,12967.9,2014/1/31
U盘,喜剧,40.5,2014/1/31
大话天仙,喜剧/古装,2962.6,2014/2/2
冰雪奇缘,动画,29830.8,2014/2/5
北京爱情故事,爱情,40553.1,2014/2/13
谁说我们不会爱,爱情/青春,2146.6,2014/2/14
过界男女,爱情,1423.8,2014/2/14
林中小屋,爱情,396.4,2014/2/14
江南爱情故事,爱情,122.6,2014/2/14
菊花台,爱情,31.5,2014/2/14
闪魂,惊悚/犯罪,538.5,2014/2/21
李可乐寻人记,喜剧/爱情,320,2014/2/21
80后的独立宣言,剧情/青春/励志,39.7,2014/2/21
命运派对,惊悚,76.2,2014/2/21
霍比特人：史矛革之战,奇幻/冒险/剧情/动作,46272.9,2014/2/21
夺樽,动作,74.4,2014/2/28
机械战警,科幻/动作,31487.2,2014/2/28
狂舞派,歌舞,57,2014/2/28
完美假妻168,爱情/喜剧/悬疑,2924.8,2014/3/4
恋爱789,喜剧,3.8,2014/3/6
脱轨时代,爱情,5473.3,2014/3/7
一个温州的女人,爱情/家庭,92.4,2014/3/7
恋者多喜欢,爱情/喜剧,38.5,2014/3/7
甜蜜杀机,动作/爱情,3723.6,2014/3/7
别惹我,动作/喜剧,5646.3,2014/3/7
火鸡总动员,动画,4997.1,2014/3/7
兰亭,爱情/战争,236.5,2014/3/8
非狐外传,爱情/古装/喜剧/魔幻,609.4,2014/3/14
极品飞车,动作/犯罪,41168,2014/3/14
家园防线,动作/惊悚,3255,2014/3/14
雪国列车,科幻,7485.9,2014/3/17
化妆师,惊悚,668.3,2014/3/20
俐癜⒍,爱情,0.1,2014/3/20
白日焰火,爱情/犯罪,10259.5,2014/3/21
英雄之战,动作/冒险,7458.1,2014/3/21
盗马记,喜剧,6273.5,2014/3/21
绝命航班,惊秫,3672.6,2014/3/21
警察日记,纪实/犯罪,210.7,2014/3/21
我在路上最爱你,爱情,2085.2,2014/3/28
幸福中转栈,喜剧/爱情,31.3,2014/3/28
秋语,爱情,3.2,2014/3/28
天才眼镜狗,动画,12160.3,2014/3/28
盟军夺宝队,动作/传记,4711.2,2014/3/28
县委书记焦裕禄（豫剧）,歌舞/戏曲,57.1,2014/4/2
整容日记,喜剧/都市,8440.8,2014/4/4
笔仙惊魂3,惊悚,3531.5,2014/4/4
三小强,动画,232.4,2014/4/4
美国队长2：冬日战士,科幻/冒险/动作,73388.7,2014/4/4
守望女,剧情,1.6,2014/4/10
顾家姆妈,剧情,0,2014/4/10
百变爱人,喜剧,2415.8,2014/4/11
特工艾米拉,动作,741.7,2014/4/11
硬汉奶爸,喜剧/家庭/亲情,273.5,2014/4/11
再爱一次好不好,爱情/喜剧,76.3,2014/4/11
谁偷了我的菜,喜剧,23,2014/4/11
血彩,惊悚,13.8,2014/4/11
里约大冒险2,动画,24246.2,2014/4/11
大力神3D,动作/冒险,2536.2,2014/4/11
西藏天空,剧情/历史/主旋律,1797.1,2014/4/15
追爱大布局,爱情,566.3,2014/4/15
魔警,动作,10833.1,2014/4/18
最佳嫌疑人,喜剧/悬疑,884,2014/4/18
201413爱你一世一生,爱情,89.8,2014/4/18
国宝疑云,动作/悬疑,3.7,2014/4/18
超验骇客,科幻/动作,12586.7,2014/4/18
心曲,剧情,131,2014/4/19
同桌的,爱情/青春,45574.1,2014/4/25
冰封：重生之门,动作/科幻/喜剧,14269.6,2014/4/25
催眠大师,惊悚/悬疑/心理,27387,2014/4/29
聪明的一休之反斗公主,动画,803.8,2014/4/30
放手爱,爱情,198.6,2014/4/30
空山鸟语,动画,0,2014/5/1
考拉大冒险,动画,2891,2014/5/1
超凡蜘蛛侠2,科幻/动作/冒险,58559.1,2014/5/4
怖偶,惊悚,562.6,2014/5/7
人间・小团圆,爱情/家庭,1430.8,2014/5/8
古堡之吻,爱情,92.3,2014/5/8
近距离击杀,战争/悬疑,39.1,2014/5/9
渴望的青春,爱情/青春,19.5,2014/5/9
蜂鸟特攻,动作/惊悚/犯罪,3244.9,2014/5/9
边区造,喜剧/悬疑/战争,1.2,2014/5/10
冬,剧情,3.1,2014/5/14
侨女日记,剧情,2.7,2014/5/15
归来,爱情/传记,29146.8,2014/5/16
永远的焦裕禄,纪实,1101.1,2014/5/16
求爱嫁期,爱情,382.3,2014/5/16
城市游戏,动作/惊悚,327.2,2014/5/16
第一眼爱情,爱情,47,2014/5/16
天上的菊美,纪实/传记/主旋律,1177.3,2014/5/18
我的播音系女友,爱情,1282.4,2014/5/20
幸福梦想,纪实/爱情/亲情,1.3,2014/5/20
心咒,惊悚/恐怖,243.3,2014/5/23
一号目标,动作/悬疑/剧情,205,2014/5/23
风云1927,战争/历史,107.6,2014/5/23
腊月的春,剧情,2.1,2014/5/23
X战警：逆转未来,科幻/动作/冒险,72296.8,2014/5/23
封门村,惊悚/悬疑/恐怖,567.3,2014/5/27
丑男大翻身,爱情,5.2,2014/5/27
窃听风云3,动作/犯罪/惊悚/悬疑,30823.3,2014/5/29
潜艇总动员4：章鱼奇遇记,动画,4762.6,2014/5/30
辛巴达历险记2,动画,2596,2014/5/30
魔幻仙踪,动画,2186.6,2014/5/30
镇海保卫战,战争/历史,126.5,2014/5/30
新地雷战：神勇小子,动画,3.1,2014/5/30
猪猪侠之勇闯巨人岛,动画,4365.1,2014/5/31
太空熊猫总动员,动画,358.9,2014/5/31
我是狼之火龙山大冒险,动画,207.4,2014/5/31
情笛之爱,歌舞/音乐/儿童,28.1,2014/6/1
疯狂72小时,喜剧/爱情,2736,2014/6/6
激浪青春,爱情,498.2,2014/6/6
分手达人,爱情/喜剧,441.6,2014/6/6
明日边缘,科幻/动作,40642,2014/6/6
青春真好,纪实/青春,,2014/6/12
夜半梳头,惊悚/恐怖,1348.3,2014/6/13
哥斯拉,科幻/灾难/动作,48142.1,2014/6/13
金色时光,纪实/记录,5.2,2014/6/14
唐家山之恋,纪实/传记,196.5,2014/6/17
鄂尔多斯骑士,剧情,1.4,2014/6/17
星星的梦,剧情/励志/青春,0.1,2014/6/17
死亡邮件,惊悚/犯罪/悬疑,637.8,2014/6/20
虐面人之死灵面膜,惊悚/悬疑,195,2014/6/20
沉睡魔咒,动作/冒险/奇幻,29624.8,2014/6/20
摩纳哥王妃,纪录片/爱情,2628.4,2014/6/20
恋爱大师之让红包飞,爱情,,2014/6/24
变形金刚4：绝迹重生,科幻/动作/冒险,197756.5,2014/6/27
分手大师,喜剧/爱情,66544.9,2014/6/27
海神密码,动作/冒险/剧情,55.9,2014/6/27
租婚男女,爱情/都市,,2014/6/27
追你到天边,喜剧,5.9,2014/7/2
笔仙Ⅲ,惊悚/恐怖,5038.6,2014/7/4
超萌英雄,喜剧/爱情,168.7,2014/7/4
章鱼哥,动画/爱情,24,2014/7/4
美国骗局,剧情/犯罪,2083.1,2014/7/4
无处可逃,惊秫/犯罪,319.2,2014/7/8
老男孩之猛龙过江,喜剧,20887.8,2014/7/10
赛尔号4大电影：圣魔之战,动画/冒险,6233,2014/7/10
洛克王国3：圣龙的守护,动画,4788.3,2014/7/10
胜利,喜剧/爱情,1.1,2014/7/10
破局,爱情/剧情/犯罪,146.7,2014/7/11
小时代3：刺金时代,爱情/青春,52156.7,2014/7/17
毛驴县令之酸儿辣女,剧情/喜剧,,2014/7/17
京城81号,惊悚/剧情/悬疑,41216.1,2014/7/18
开心超人2启源星之战,动画,2803.5,2014/7/18
曼德拉,纪录片/传记/历史,68,2014/7/18
七彩田野,剧情/农村,504.2,2014/7/22
后会无期,爱情/公路/文艺,62882.1,2014/7/24
神笔马良,动画,5864.2,2014/7/25
我就是我,爱情,652.9,2014/7/25
人在征途,爱情,0,2014/7/25
笨贼快跑,剧情,0.2,2014/7/25
闺蜜,爱情/青春,20490.7,2014/7/30
白发魔女传之明月天国,动作/武侠/古装,38916,2014/7/31
龙之谷：破晓奇兵,动画/爱情,5740.9,2014/7/31
不再说分手,爱情,1028.3,2014/8/1
我想结婚的时候你在哪,爱情/喜剧,280.6,2014/8/1
绣春刀,动作/古装/悬疑,9320.5,2014/8/7
神秘世界历险记2,动画/家庭/冒险,6190,2014/8/8
秦时明月3D电影龙腾万里,动画,5998.1,2014/8/8
碟仙诡谭,惊悚,2013.8,2014/8/8
洋妞到我家,喜剧/家庭,756.3,2014/8/8
纯纯欲动,爱情/喜剧,28.1,2014/8/8
飞跃地心,动画/儿童/灾难,32.4,2014/8/9
驯龙高手2,动画,40324.2,2014/8/14
好命先生,爱情/喜剧,2212.8,2014/8/15
江湖论剑实录,喜剧/古装,1093.9,2014/8/15
爱情进化论,爱情,762.8,2014/8/15
香气,爱情,239.1,2014/8/15
永春白鹤拳之擎天画卷,动作/喜剧,47.5,2014/8/15
再见巨人,剧情,1.8,2014/8/15
庞贝末日,动作/冒险,9759.2,2014/8/15
反贪风暴,动作/反腐,9525,2014/8/16
临时同居,爱情/喜剧,10108.4,2014/8/21
白雪公主之矮人力量,动画/冒险/喜剧,1762,2014/8/21
走出迷林,剧情,0,2014/8/21
四大名捕大结局,动作/古装/爱情/悬疑,19234.2,2014/8/22
床下有人2,惊悚,1489.2,2014/8/22
下一站再爱你,爱情,254.3,2014/8/22
这个大叔不太,喜剧/爱情,37.3,2014/8/22
花香,爱情,12.7,2014/8/26
美人邦,爱情/喜剧,702.7,2014/8/28
大丑,剧情/戏曲,1.2,2014/8/28
忘了去懂你,爱情/家庭,213.3,2014/8/29
我们毕业的夏天,爱情/喜剧,104.7,2014/8/29
与贼同屋,爱情/悬疑,48.4,2014/8/29
神通佛影,喜剧/动作/冒险,26.4,2014/8/29
奇迹宝宝,剧情/励志,,2014/8/29
青春.com,爱情/悬疑,,2014/8/29
猩球崛起：黎明之战,科幻/动作,70925.2,2014/8/29
敢死队3,动作/惊悚/冒险,45329.5,2014/9/1
圣哲老子,剧情/戏曲,,2014/9/3
一生一世,爱情,22852.5,2014/9/5
摩登森林之美食总动员,动画,216.8,2014/9/5
大峰祖师,惊悚/悬疑/古装,48.6,2014/9/5
动物也疯狂,动画,990.3,2014/9/5
挑战者联盟,动画/动作,621.8,2014/9/5
龟兔再跑,动画,1172.6,2014/9/6
分歧者：异类觉醒,动作/爱情/冒险/科幻,7677.9,2014/9/8
有一天,剧情/儿童,219.2,2014/9/10
斗茶,爱情,10.8,2014/9/11
女生宿舍,惊悚/悬疑,1283.3,2014/9/12
我是你的野蛮女友,爱情/喜剧,77.1,2014/9/12
0.5的爱情,爱情,56,2014/9/12
森林孤影,动画/儿童,3.1,2014/9/12
不惧风暴,动作/灾难/惊悚,11041.6,2014/9/12
从哪来，到哪去,喜剧/儿童,12.8,2014/9/16
绝密跟踪,动作/犯罪,914.7,2014/9/16
黎明之眼,战争/历史,29.6,2014/9/18
触不可及,爱情/悬疑,7685,2014/9/19
诡八楼,惊悚/爱情,729.2,2014/9/19
死亡派对,惊悚/悬疑,551.6,2014/9/19
缘来是游戏,爱情/喜剧,327.8,2014/9/19
空中营救,动作/悬疑/惊悚,10530.9,2014/9/19
亲爱的,剧情/家庭,34468.8,2014/9/25
新大头儿子和小头爸爸之秘密计划,动画,4243.9,2014/9/26
闯入迷宅,喜剧/动作,0.1,2014/9/26
王化买父,剧情,485.3,2014/9/28
心花路放,喜剧/爱情/公路,117002.8,2014/9/30
痞子英雄：黎明升起,动作/犯罪,20433.3,2014/10/1
黄金时代,爱情/传记,5156.4,2014/10/1
麦兜我和我妈妈,动画/家庭/喜剧,4439,2014/10/1
铠甲勇士之雅塔莱斯,动画,4441.7,2014/10/1
魁拔Ⅲ战神崛起,动画,2430.8,2014/10/1
81号农场之疯狂的麦咭,动画,1878,2014/10/1
喵星少年漂流记,动画,170.6,2014/10/1
十二生肖城市英雄,动画,59.4,2014/10/3
3D食人虫,惊悚/科幻/灾难,2260,2014/10/10
我的青春蜜友,爱情,56.7,2014/10/10
银河护卫队,动作/冒险/科幻,59656,2014/10/10
冰川时代：融冰之灾,动画/动作/冒险,4416.4,2014/10/13
房车奇遇,爱情/喜剧,50.5,2014/10/14
奈河,剧情/家庭,0.1,2014/10/14
深情约定,剧情,18.3,2014/10/16
诡替身,惊悚/恐怖,602.5,2014/10/17
蓝色骨头,剧情/音乐,420.2,2014/10/17
北回归线,爱情/喜剧,246.7,2014/10/17
毕业那年分手季,爱情,56.1,2014/10/17
卧龙岗,喜剧/悬疑,29.1,2014/10/17
等一个人咖啡,爱情/喜剧,1067.9,2014/10/17
打工老板,剧情,61.3,2014/10/21
宙斯之子：赫拉克勒斯,动作/冒险,8282.2,2014/10/21
深夜前的五分钟,爱情,1006.3,2014/10/23
飞鱼秀,纪实/记录,33.2,2014/10/23
不能说的夏天,爱情/青春,1668.3,2014/10/24
大话西游之大圣娶亲,喜剧/动作/冒险/爱情,1413.4,2014/10/24
大话西游之月光宝盒,喜剧/爱情/动作/冒险,1025.4,2014/10/24
狙击时刻,动作/犯罪/悬疑,167.4,2014/10/24
剑河,动作/武侠,24.8,2014/10/24
神剑传奇,动画,9.6,2014/10/24
移动迷宫,科幻/悬疑,15064.1,2014/10/28
恐怖电影院,惊悚/恐怖,1228,2014/10/30
一个人的武林,动作/悬疑/警匪/功夫/爱情,11891.7,2014/10/31
夜莺,爱情,2204.4,2014/10/31
孤岛,惊悚/恐怖/悬疑,360.2,2014/10/31
忍者神龟：变种时代,动作/冒险,38769.3,2014/10/31
凤凰台,剧情,2.1,2014/11/4
医缘,爱情/喜剧,58.3,2014/11/5
全城通缉,动作/悬疑/犯罪,3507.7,2014/11/6
露水红颜,爱情,6636.9,2014/11/7
拆散专家,爱情,637.5,2014/11/7
黑月,惊悚/悬疑,96.8,2014/11/7
找个高富帅,爱情/喜剧,91.3,2014/11/7
潜龙风云,爱情/动作,84.9,2014/11/7
家亦有道,剧情,0.4,2014/11/8
单身男女2,爱情/喜剧,19875,2014/11/11
求爱大作战,爱情/喜剧,72,2014/11/11
星际穿越,科幻/冒险/亲情/悬疑,75537.4,2014/11/12
怨灵,惊悚/恐怖,1894.6,2014/11/13
秘术,惊悚/悬疑/冒险/犯罪,503.8,2014/11/14
破五,剧情/家庭,0.8,2014/11/14
马达加斯加的企鹅,动画/喜剧/悬疑,25321.8,2014/11/14
天河,剧情,3324.2,2014/11/15
街舞小子,歌舞,9.9,2014/11/15
黄飞鸿之英雄有梦,动作/爱情/武侠/功夫,18422.8,2014/11/21
狂怒,战争/动作,11902.4,2014/11/21
21岁派对,喜剧,174.5,2014/11/21
斐济99℃爱情,爱情/喜剧,127.2,2014/11/21
换爱七日,爱情/喜剧,18.5,2014/11/21
等你追我,爱情/喜剧,10.1,2014/11/21
撒娇女人最好命,爱情,23048.6,2014/11/28
推拿,爱情,1314.8,2014/11/28
坏姐姐之拆婚联盟,爱情/喜剧,993.3,2014/11/28
爱情狂想曲,爱情/喜剧,59.2,2014/11/28
我不是贼,喜剧,6.6,2014/11/28
青春时光,爱情/青春,7.3,2014/11/28
机器纪元,惊悚/科幻,2114.1,2014/11/28
分手木马计,爱情/喜剧,7.8,2014/11/29
太平轮（上）,爱情/战争,19542.5,2014/12/2
生死船票,剧情,,2014/12/2
黄克功案件,剧情/历史,227.4,2014/12/4
匆匆那些年,爱情/青春,213,2014/12/4
匆匆那年,爱情/青春,58849.3,2014/12/5
密道追踪之阴兵虎符,动作/悬疑/冒险/惊悚,901.4,2014/12/5
谁动了我的梦想,爱情/喜剧,319.2,2014/12/11
精武青春,爱情/青春,96.5,2014/12/11
我的早更女友,爱情/喜剧,16180.7,2014/12/12
花咒,惊悚/爱情/恐怖,628.4,2014/12/12
李三娘（花鼓戏）,歌舞/戏曲,374,2014/12/12
鸣梁海战,战争/动作,2674.9,2014/12/12
凡人烦恼,喜剧/悬疑,2.8,2014/12/16
一步之遥,喜剧/歌舞/爱情,51494.6,2014/12/18
智取威虎山3D,动作/战争/冒险,88285.7,2014/12/23
微爱之渐入佳境,爱情/喜剧,28636.4,2014/12/24
男人不可以穷,喜剧/励志,1376.2,2014/12/24
37次想你,爱情/青春,49.2,2014/12/24
爱你不等来生,爱情/励志,25.5,2014/12/24
还魂之迷失曼谷,惊悚/悬疑,778,2014/12/26
抢劫坚果店,动画/喜剧/冒险,3637.7,2014/12/26
我要上学,剧情,0,2014/12/29
功夫小龙,动作/喜剧,,2014/12/29
锁里,战争,0,2014/12/30
十万个冷笑话,动画/喜剧,11981.9,2014/12/31
王牌,战争/悬疑,3164.6,2014/12/31
怨灵人偶,惊悚/恐怖/灵异,2591.9,2014/12/31
塞外长风,剧情,0,2014/12/31
面孔,剧情,0,2014/12/31
向阳花开,爱情/音乐/喜剧,,2014/12/31
闯堂兔2疯狂马戏团,动画/喜剧/冒险/儿童,2102.4,2015/1/1
龙骑侠,动画/儿童/冒险,1046.6,2015/1/1
博物馆奇妙夜3,喜剧/冒险/家庭,32304.4,2015/1/4
重返20岁,喜剧/爱情/家庭/亲情,36605.6,2015/1/8
一代宗师3D,动作/传记,6289.8,2015/1/8
伞头和他的女人,爱情,6.3,2015/1/9
安妮：纽约奇缘,喜剧/家庭,345.5,2015/1/9
亡命地中海,惊悚/悬疑,880,2015/1/10
少林寺探案传奇之催命符,动作/古装/武侠/悬疑,0,2015/1/12
天生有福,剧情/喜剧,3.1,2015/1/13
桔子的天空,剧情,15.6,2015/1/15
第七子：降魔之战,魔幻/家庭/冒险,17291.6,2015/1/16
暴走神探,喜剧/动作/爱情/悬疑/犯罪,2456,2015/1/16
谍・莲花,战争/悬疑,2071.1,2015/1/16
美丽乡愁,剧情,0,2015/1/16
侠僧探案传奇之大夜叉,动作/悬疑/武侠,,2015/1/22
黑瞳,惊悚/悬疑,986.1,2015/1/23
怪谈,惊悚,757.8,2015/1/23
老人，孩子和外国人,剧情,499.7,2015/1/23
黄金福将,喜剧/爱情,125.4,2015/1/23
味道中国,纪实/记录,81.7,2015/1/23
我要你开花,喜剧,77.8,2015/1/23
霍比特人：五军之战,奇幻/冒险/动作,76607.7,2015/1/23
奔驰的大葱,喜剧,25.8,2015/1/27
热血男人帮,喜剧,177.8,2015/1/29
奔跑吧！兄弟,喜剧,43428,2015/1/30
熊出没之雪岭熊风,动画/喜剧/冒险,29558.2,2015/1/30
时光大战,科幻/动作,44.9,2015/1/30
坚不可摧,动作/运动,3682.7,2015/1/30
喜羊羊与灰太狼之羊年喜羊羊,动画/喜剧,6777.6,2015/1/31
宝贝，对不起,剧情/记录/冒险,497.6,2015/1/31
摩尔庄园3：魔幻列车大冒险,动画/家庭/冒险,893.6,2015/2/5
一路惊喜,爱情,6972.1,2015/2/6
有种你爱我,爱情/喜剧,6820,2015/2/6
神探驾到,喜剧/爱情/悬疑,3739,2015/2/6
蜡笔总动员,动画/喜剧/家庭,662.5,2015/2/6
死亡之谜之双鱼玉佩,动作/惊悚/悬疑,244.3,2015/2/6
邓小平登黄山,纪实/传记,171.7,2015/2/6
热情奏鸣曲,纪实/记录/音乐,8.9,2015/2/6
甲方乙方,喜剧,8.3,2015/2/6
不见不散,喜剧/爱情,8.2,2015/2/6
饥饿游戏3：嘲笑鸟（上）,动作/科幻/冒险/惊悚,22497.9,2015/2/8
有一个地方只有我们知道,爱情/喜剧/青春,28353.4,2015/2/10
深海挑战,纪录片,240.7,2015/2/12
我只要我们在一起,爱情,307.5,2015/2/13
甜蜜蜜,爱情,1248.8,2015/2/13
乡村不寂寞,爱情,3.4,2015/2/15
河,剧情,4.5,2015/2/16
澳门风云2,动作/喜剧,97473.6,2015/2/19
天将雄师,动作/古装/战争/爱情,74409.7,2015/2/19
狼图腾,剧情/冒险,69970.9,2015/2/19
钟馗伏魔：雪妖魔灵,魔幻/爱情,40912.7,2015/2/19
爸爸去哪儿2,纪实/纪录片/家庭/儿童,22348.3,2015/2/19
冲上云霄,爱情,15629.6,2015/2/19
爸爸的假期,喜剧/家庭,11618.9,2015/2/19
新年来啦之大闹除夕,动画,70.3,2015/2/19
兔侠之青黎传说,动画/冒险,2973,2015/2/21
超能陆战队,动画/动作/喜剧,52634.6,2015/2/28
吉星高照2015,喜剧,1529.7,2015/3/1
将错就错,喜剧,3936.2,2015/3/5
大喜临门,喜剧,776.5,2015/3/5
全能灏,喜剧,83,2015/3/5
帕丁顿熊,喜剧/家庭,9986.1,2015/3/5
北京・纽约,爱情,1905.2,2015/3/6
美丽笨女人,爱情,38.8,2015/3/6
天使：生命处方,剧情,8.3,2015/3/6
木星上行,科幻/动作/冒险,28437.1,2015/3/6
母亲的梦想,剧情/家庭,27.2,2015/3/8
海岛之恋,爱情,18.8,2015/3/11
封门诡影,惊悚,2574.3,2015/3/13
灰姑娘,爱情/冒险/家庭,44470.4,2015/3/13
扑通扑通我的人生,剧情,559.2,2015/3/13
山间传来牛铃声,剧情,4.2,2015/3/15
红包,喜剧,23.9,2015/3/18
失孤,剧情,21615.2,2015/3/20
可爱的你,爱情,2221.6,2015/3/20
诡宅,惊悚/悬疑,0,2015/3/23
见习警员白忆男之初来乍到,剧情,500.8,2015/3/24
璀璨的婚礼,爱情/喜剧,9,2015/3/24
抱养奇缘,剧情,0,2015/3/24
梦幻列车,动画,0.1,2015/3/24
一万年以后,动作,2777.4,2015/3/27
菜鸟,喜剧/爱情,192,2015/3/27
第七谎言,惊悚/犯罪/悬疑,197.8,2015/3/27
王牌特工：特工学院,动作/冒险/喜剧,48450.1,2015/3/27
战狼,动作/战争,54444.2,2015/4/2
咱们结婚吧,爱情,28446.9,2015/4/2
暴疯语,惊悚/悬疑,4488.6,2015/4/3
白幽灵传奇之绝命逃亡,动作/战争,2433.4,2015/4/3
冲锋车,动作/犯罪,2091.8,2015/4/3
三更车库,惊悚/恐怖,791.9,2015/4/3
无敌小飞猪,喜剧/儿童/魔幻,308.2,2015/4/3
公路美人,爱情,9.9,2015/4/3
特功明星,动画/喜剧/冒险/动作,304.7,2015/4/10
速度与激情7,动作/犯罪/惊悚,242654.8,2015/4/12
我是女王,爱情,1553.5,2015/4/15
枪过境,动作/剧情/犯罪/悬疑,137,2015/4/16
万物生长,爱情/青春,14831.8,2015/4/17
陌路惊笑,惊悚,156.7,2015/4/17
爸爸的晚餐,剧情,3.8,2015/4/17
十万伙急,喜剧/悬疑,128.3,2015/4/17
贵族大盗,动作/喜剧,2279.7,2015/4/17
光荣使命,[],0.5,2015/4/20
奇幻女侠,动作,504.8,2015/4/21
龙潭夺宝,动作,0,2015/4/21
泰国妖医,惊悚/悬疑,0,2015/4/21
状元媒,剧情/戏曲,9.4,2015/4/23
左耳,爱情/青春,48521.5,2015/4/24
疯狂外星人,动画/冒险/喜剧,17214.6,2015/4/24
破坏者,动作/犯罪,2448.7,2015/4/24
阳光总在风雨后,爱情,1.1,2015/4/28
何以笙箫默,爱情,35351.1,2015/4/30
赤道,动作/犯罪,20973.8,2015/4/30
闯入者,剧情/犯罪,1003.6,2015/4/30
爱我就陪我看电影,喜剧/爱情,906.8,2015/4/30
少年毛泽东,动画/冒险/儿童,85.4,2015/4/30
念念,爱情/家庭,1390.7,2015/4/30
女神跟我走,爱情/喜剧,38,2015/5/1
踏雪寻梅,剧情,3.6,2015/5/1
姑鲁之恋,爱情/喜剧,0.5,2015/5/1
悬战,动作/悬疑/犯罪,162.1,2015/5/8
分手不分手,爱情,18.1,2015/5/8
超能查派,科幻/动作/惊悚,10368.6,2015/5/8
好人常慧珍,纪实/亲情,,2015/5/11
永远的守望,剧情/犯罪/家庭,9.2,2015/5/12
复仇者联盟2：奥创纪元,科幻/动作/冒险,146437.6,2015/5/12
重生爱人,爱情/青春,1988.8,2015/5/15
旋风九日,纪实/纪录片/历史,1686.1,2015/5/15
十二公民,剧情/犯罪,1396.9,2015/5/15
夺命旅行,惊悚,853.3,2015/5/15
情满人间,剧情/励志,55.1,2015/5/15
土豪520,爱情/喜剧,3013.9,2015/5/21
迷与狂,喜剧,125.7,2015/5/22
哺乳期的女人,剧情,28.9,2015/5/22
阿里巴巴大盗奇兵,动画/喜剧/冒险,1575.1,2015/5/23
明日世界,科幻/悬疑/冒险,11845.4,2015/5/26
屠魔战士,动作/科幻,4703.4,2015/5/26
木偶传奇,剧情/儿童,4.7,2015/5/27
山丹丹花儿开,纪实,1,2015/5/27
伴我同行,剧情,3.8,2015/5/28
哆啦A梦：伴我同行,动画/家庭,53028.3,2015/5/28
潜艇总动员之时光宝盒,动画/冒险,3387.2,2015/5/29
金箍棒传奇2,动画/喜剧/冒险,551.1,2015/5/29
天亮・分手,爱情,58,2015/5/29
妈咪侠,喜剧/家庭/励志/亲情,14.4,2015/5/29
超能兔战队,动画/喜剧,158.3,2015/5/30
天边的孩子,剧情,7.8,2015/5/30
末日崩塌,灾难/惊悚/动作/冒险,62967.4,2015/6/2
异种,惊悚/恐怖/悬疑,508.6,2015/6/5
搏击迷城,爱情/动作,185.7,2015/6/5
顺风车,喜剧/爱情,51.1,2015/6/5
白蛇传（戏曲）,剧情/戏曲,33.9,2015/6/10
侏罗纪世界,动作/冒险/科幻/惊悚,142065.9,2015/6/10
我是谁2015,动作/喜剧,550.8,2015/6/12
再见我们的十年,爱情/喜剧,535.2,2015/6/12
杀破狼2,动作/犯罪/警匪,56035.2,2015/6/18
少年班,喜剧/青春,5068.3,2015/6/19
惊魂电影院,惊悚/恐怖,869.8,2015/6/19
我的男友和狗,爱情,2419.3,2015/6/19
分歧者2：绝地反击,动作/爱情/科幻/冒险,11013.6,2015/6/19
致命对决,动作/惊悚,130.2,2015/6/19
摇滚英雄,爱情/青春/音乐,180.5,2015/6/20
我是乡下爷,喜剧,2.8,2015/6/23
临沧的诱惑,爱情/喜剧,0.1,2015/6/24
约定倒计时,爱情/喜剧,67.7,2015/6/25
横冲直撞好莱坞,喜剧/动作/爱情,32233.2,2015/6/26
对风说爱你,爱情,277.9,2015/6/26
大宅男,喜剧/爱情,147.2,2015/6/26
拳霸风云,动作/爱情,133.2,2015/6/26
恋爱排班表,爱情/喜剧,83.7,2015/6/26
因为谷桂花,剧情,23,2015/6/26
无法证明,剧情/犯罪/悬疑,14.5,2015/6/26
午夜43路,惊悚/恐怖,840.6,2015/6/26
听说,爱情/家庭,244,2015/6/26
再次出发,喜剧/爱情/音乐,2027.1,2015/6/26
三只小猪与神灯,动画/励志/儿童/喜剧,2382.4,2015/6/27
小猪班纳大电影之梦想大“帽”险,动画/冒险,449.3,2015/6/27
铁马飞扬,爱情/剧情,,2015/6/29
保山,剧情,0,2015/6/30
老师也疯狂,剧情,0,2015/6/30
我的23岁,剧情,0,2015/6/30
为了这片土地,剧情/主旋律/农村/现实,400.2,2015/7/1
默守那份情,爱情,81.7,2015/7/1
我是路人甲,喜剧/爱情/青春/励志,6319.2,2015/7/2
张震讲故事之鬼迷心窍,惊悚/悬疑,2093,2015/7/2
道士下山,喜剧/冒险/动作/古装/武侠,40076.5,2015/7/2
穿越硝烟的歌声,战争/历史,338.5,2015/7/3
西游新传2：真心话大冒险,动画/儿童/冒险/喜剧,245.8,2015/7/3
简单爱,爱情/喜剧,21.7,2015/7/3
守信少年,剧情,19.2,2015/7/3
传奇状元伦文叙,纪录片/戏曲,17.9,2015/7/3
一诺・千金,剧情/农村,0,2015/10/1
罪恶赎金,动作/犯罪/惊悚,471.7,2015/7/3
汽车人总动员,动画/喜剧/冒险/科幻/励志,584.2,2015/7/4
平凡之路,剧情,0,2015/7/5
小时代4：灵魂尽头,爱情/青春/喜剧,48856.3,2015/7/9
西游记之大圣归来,动画/动作,95635.1,2015/7/10
猪猪侠之终极决战,动画/儿童,4545.2,2015/7/10
亲，别怕鬼宅凶灵,惊悚/恐怖/悬疑,226.1,2015/7/10
盗非盗,剧情,0,2015/7/10
山村母亲（戏曲）,剧情/戏曲,0.4,2015/7/10
少女哪吒,剧情,53.5,2015/7/11
诺苏之鹰,动作,0,2015/7/15
捉妖记,魔幻/喜剧,243952,2015/7/16
煎饼侠,喜剧/爱情,116014.5,2015/7/17
爱情魔发师,喜剧/爱情,20.1,2015/7/17
小羊肖恩,动画/冒险/喜剧,5377.6,2015/7/17
小时代4：灵魂尽头（纪录片版）,爱情/青春/喜剧,,2015/7/20
模仿游戏,剧情/传记/战争,5255.4,2015/7/21
赛尔号5：雷神崛起,动画/儿童/冒险,5661.1,2015/7/23
奥拉星：进击圣殿,动画/儿童/冒险,847.9,2015/7/23
民工・老大・老板,剧情/农村,500,2015/7/23
命中注定,爱情/喜剧,6792.8,2015/7/24
通灵之六世古宅,惊悚/恐怖,1653.6,2015/7/24
守梦者,剧情/犯罪/悬疑,30.9,2015/7/24
等爱归来,喜剧/爱情/悬疑,71.3,2015/7/28
山娃,剧情,0,2015/7/29
王朝的女人・杨贵妃,爱情/古装/历史,13392.3,2015/7/30
太平轮：彼岸,爱情/战争,5104.2,2015/7/30
谜城,动作/犯罪/惊悚,14884.3,2015/7/30
巴黎假期,爱情/喜剧,1792.3,2015/7/31
美人鱼之海盗来袭,动画/冒险/喜剧,1730.9,2015/7/31
恐怖游泳馆,惊悚/恐怖,423.6,2015/7/31
男人制造,喜剧,20.3,2015/7/31
七品知县进道观（豫剧）,剧情/戏曲,0,2015/7/31
破风,爱情/运动,14527.7,2015/8/6
桂宝之爆笑闯宇宙,动画/喜剧,6426.3,2015/8/6
一路向前,爱情/喜剧,570.9,2015/8/6
红髅,惊悚/恐怖,341.1,2015/8/6
公证人之大卫之死,剧情/犯罪/悬疑,,2015/8/6
黑猫警长之翡翠之星,动画/喜剧/科幻/动作,7048.1,2015/8/7
新步步惊心,爱情,3221.3,2015/8/7
我爸比我小四岁,喜剧/儿童/家庭,332.4,2015/8/7
轩辕剑传奇,魔幻/武侠/古装/动作,316,2015/8/7
情剑,动作/武侠/古装,30.9,2015/8/7
时间都去哪了,爱情,21.2,2015/8/7
小西天狄道传奇,爱情/历史/古装,8.8,2015/8/7
最美的承诺,剧情,0,2015/8/11
滚蛋吧！肿瘤君,喜剧/爱情/励志,51102.9,2015/8/13
洛克王国4：出发！巨人谷,动画/儿童/喜剧,7697.4,2015/8/13
宅女侦探桂香,爱情/悬疑,4136.5,2015/8/13
七月半之恐怖宿舍,惊悚/恐怖,1228.2,2015/8/14
白雪公主之神秘爸爸,动画/家庭/冒险/喜剧,1113.8,2015/8/14
狂野飞车,动作/爱情/冒险,304.8,2015/8/14
相伴库里申科,剧情,28.2,2015/8/14
我是大熊猫之熊猫大侠,动画/冒险,85.4,2015/8/15
恋爱中的城市,爱情/浪漫,5365.4,2015/8/19
鹰笛・雪莲,剧情/儿童/冒险,7.5,2015/8/19
新娘大作战,爱情/喜剧,17336.7,2015/8/20
非你勿扰,爱情/喜剧,46.4,2015/8/20
战火中的芭蕾,战争,1210.4,2015/8/21
双生灵,惊悚/悬疑,310.5,2015/8/21
王子与108煞,动画/动作/冒险,159.5,2015/8/21
无脚鸟,剧情,1.4,2015/8/21
终结者：创世纪,科幻/动作/冒险,72529.3,2015/8/23
诱狼,战争/历史/动作,848.4,2015/8/25
烈日灼心,剧情/犯罪/悬疑/心理,30482.3,2015/8/27
刺客聂隐娘,动作/武侠/古装,6140.2,2015/8/27
三城记,爱情,1224.1,2015/8/27
心跳戈壁,动作/冒险,3.9,2015/8/27
百团大战,战争/历史,41347.6,2015/8/28
诡劫,惊悚/悬疑/爱情,259.3,2015/8/28
犹太女孩在上海2：项链密码,动画/冒险,159.3,2015/8/28
我是奋青,爱情/喜剧,53.2,2015/8/28
大变局之梦回甲午,战争/爱情/古装,31.8,2015/9/1
华丽上班族,喜剧/爱情,4748.2,2015/9/2
情敌蜜月,爱情/喜剧,1035.4,2015/9/2
角逐,剧情/犯罪,12.6,2015/9/2
魔镜奇缘,动画/家庭/冒险,1584.9,2015/9/3
开罗宣言,战争,896.4,2016/3/11
枕边诡影,惊悚/爱情,406.7,2015/9/3
穷途,喜剧/爱情,37.9,2015/9/3
少年杨靖宇,动作,1.7,2015/9/3
落跑吧，爱情,爱情/喜剧,1305.4,2015/9/4
碟中谍5：神秘国度,动作/冒险/惊悚,86963.6,2015/9/8
放飞理想,喜剧/励志,610.9,2015/9/9
赤狼蚁,警匪/剧情,500,2015/9/9
启功,剧情/传记,40.3,2015/9/10
星语心愿之再爱,爱情,521.4,2015/9/11
1980年代的爱情,爱情,177,2015/9/11
斗地主,喜剧,80.8,2015/9/11
东莞女孩,爱情,10.5,2015/9/11
小黄人大眼萌,动画/喜剧/家庭,43575.2,2015/9/13
娘家人,剧情/亲情,0,2015/9/14
像素大战,动作/喜剧/科幻,10096.5,2015/9/15
来电不善,动作,500,2015/9/16
奇袭胡家台,战争,0.3,2015/9/16
油菜花儿开,爱情,0,2015/9/16
别有动机,动作/犯罪/悬疑,1188.8,2015/9/17
铁血残阳,战争/纪录片,5.4,2015/9/17
少年圆瑛,剧情,0,2015/9/17
恋爱兄弟,爱情/农村,0,2015/9/17
妮莎罕,剧情,0,2015/9/17
暗杀,动作/犯罪/历史,4697.9,2015/9/17
人皮拼图,惊悚/恐怖/悬疑,405.9,2015/9/18
墓穴迷城,惊悚,248.9,2015/9/18
将离草,剧情,0.6,2015/9/18
燃烧的影像,纪录片,12.5,2015/9/18
使命召唤,动作/犯罪,398.2,2015/9/18
爱情攻略,爱情/喜剧,65.9,2015/9/18
黄河,歌舞/音乐/主旋律,5.6,2015/9/20
男左女右,剧情,500.5,2015/9/22
这里是新疆,纪实/纪录片,10.6,2015/9/23
人在驴途,喜剧,0,2015/9/23
港,喜剧,161335.5,2015/9/25
第三种爱情,爱情,7324.9,2015/9/25
魔镜,惊悚/恐怖,1038.9,2015/9/25
遥远的拥抱,剧情,507,2015/9/25
诡打墙,惊悚/恐怖,134.3,2015/9/25
逆转胜,喜剧,40.4,2015/9/25
长江7号：超萌特攻队,动画/喜剧/家庭,832.6,2015/9/26
整形师・脸,剧情,9.6,2015/9/29
谍战锦屏山,剧情,0.5,2015/9/29
夏洛特烦恼,喜剧/爱情/青春,144145.5,2015/9/30
九层妖塔,动作/惊悚/魔幻/冒险,68280.2,2015/9/30
解救吾先生,动作/犯罪,19591.2,2015/9/30
巴啦啦小魔仙之魔箭公主,魔幻/儿童/冒险,3828.3,2015/10/1
天眼传奇,动画/冒险,410.6,2015/10/1
极地大反攻,动画/喜剧/冒险,399.4,2015/10/1
妈妈让我再爱你一次,剧情/家庭/亲情,41.4,2015/10/1
家有虎妻,爱情/励志/喜剧,26.2,2015/10/1
头脑特工队,动画/喜剧/家庭/冒险,9723,2015/10/6
天各一方,爱情,2.7,2015/10/9
喜马拉雅天梯,剧情/纪录片,1153.6,2015/10/16
心迷宫,剧情/犯罪/悬疑,1065.6,2015/10/16
笔仙魔咒,惊悚/恐怖,1046.3,2015/10/16
魔卡行动,动作/喜剧,282.7,2015/10/16
零点杀机,惊悚/恐怖,46.6,2015/10/16
蚁人,科幻/动作/冒险,67174.4,2015/10/16
莫日根,动画/儿童/冒险,1.3,2015/10/17
幸存者,动作/惊悚/犯罪,948,2015/10/18
顾景舟,剧情/传记,,2015/10/22
小飞侠：幻梦启航,动作/冒险,2848.8,2015/10/22
既然青春留不住,爱情/喜剧,5018.5,2015/10/23
龙在哪里?,动画,2077.8,2015/10/23
浪漫天降,爱情/喜剧,784.2,2015/10/23
猛龙特,喜剧/动作,634.5,2015/10/23
探灵档案,惊悚/悬疑,334.1,2015/10/23
家在水草丰茂的地方,剧情,77.7,2015/10/23
名侦探柯南2015：业火的向日葵,动画/侦探/悬疑,8161.1,2015/10/23
回到被爱的每一天,爱情,168.6,2015/10/27
精灵旅社2,动画/喜剧,11967.2,2015/10/27
幸福很,喜剧/爱情/亲情,23.6,2015/10/29
我是证人,剧情/悬疑/青春,21524.1,2015/10/30
山河故人,剧情,3221.5,2015/10/30
半夜叫你别回头,惊悚/恐怖,853.2,2015/10/30
兔子镇的火狐狸,动画/喜剧/冒险,265.4,2015/10/30
魔比斯环3D,动画/科幻/冒险,92.1,2015/10/30
逶,喜剧/爱情,27.2,2015/10/30
钢铁，是这样炼成的,纪实,10,2015/10/30
十七岁,爱情,394.7,2015/10/30
我的诗篇,纪实/纪录片,79.4,2015/11/1
我的处女地,剧情,179.6,2015/11/3
花都之恋,爱情,0.1,2015/11/3
绝命海拔,剧情/冒险/惊悚/灾难,10223.3,2015/11/3
移动迷宫2,动作/科幻/惊悚,19690.8,2015/11/4
前任2：备胎反击战,爱情/喜剧,25199.7,2015/11/6
剩者为王,爱情/喜剧/都市,6149.3,2015/11/6
雨夜惊魂,惊悚/恐怖,246,2015/11/6
激战黎明,战争,27.9,2015/11/6
时尚女郎之女人江湖,爱情,2.2,2015/11/6
史努比：花生大电影,动画/喜剧/家庭/冒险,3668.1,2015/11/6
不是钱的事,剧情,4.1,2015/11/10
日本战犯忏悔备忘录,剧情/纪录片,0,2015/11/10
我的青春期,爱情/喜剧,1230.4,2015/11/11
糯米的苹果,剧情,0,2015/11/11
追梦英雄,剧情,0.2,2015/11/11
二十二,剧情/纪录片,0,2015/11/11
瓯柑之恋,剧情,,2015/11/12
陪安东尼度过漫长岁月,爱情,6264.7,2015/11/13
年少轻狂,爱情/青春/喜剧,1309.2,2015/11/13
男二本色,喜剧,6.2,2015/11/13
007：幽灵党,动作/冒险/惊悚/悬疑,54205.7,2015/11/13
昆塔：盒子总动员,动画/喜剧/冒险,,2015/11/14
桑榆街9号,剧情,20.7,2015/11/17
梦行者,剧情,0,2015/11/17
东方欲晓,纪实/革命/历史,0.1,2015/11/17
火车快跑,爱情,0,2015/11/19
玩命速递：重启之战,动作/犯罪/惊悚,12845.1,2015/11/20
十月初五的月光,爱情,4261.7,2015/11/20
一个勺子,喜剧/冒险,1907.1,2015/11/20
藏羚王之雪域精灵,动画/冒险/喜剧,477,2015/11/20
灵臆事件,惊悚/恐怖,399.7,2015/11/20
遭遇海明威,爱情,22.3,2015/11/20
痞子・洛克,喜剧/动作,15.7,2015/11/20
喋血神兵,剧情,0,2015/11/20
路口,爱情,0,2015/11/20
饥饿游戏3：嘲笑鸟（下）,动作/科幻/冒险/惊悚,14349.4,2015/11/20
一刻十年,爱情,11.7,2015/11/24
星探,喜剧,15.3,2015/11/25
火星救援,科幻/动作/冒险,58667.7,2015/11/25
水晶女孩,剧情,5.2,2015/11/26
消失的凶手,动作/悬疑,7708.3,2015/11/27
坏蛋必须死,喜剧/动作/悬疑/犯罪,4699.2,2015/11/27
诡影迷情,惊悚/恐怖/灵异,340.7,2015/11/27
摇滚水果,喜剧/励志/爱情,52.7,2015/11/27
我和初恋的三次婚礼,爱情,0,2015/11/27
乌珠穆沁的孩子,剧情,0,2015/11/27
敌后文工队,战争/革命,0,2015/11/27
火云端,剧情,10.1,2015/11/30
漫瀚调,爱情,0.6,2015/11/30
海绵宝宝,动画/喜剧/家庭/冒险,5674,2015/12/1
怦然星动,爱情,15953,2015/12/3
极盗者,动作/犯罪/冒险,24840.1,2015/12/4
不可思异,喜剧/科幻,11178,2015/12/4
从天“儿”降,喜剧/爱情/科幻,5653.3,2015/12/4
杜拉拉追婚记,爱情/喜剧,4967.1,2015/12/4
浴血反击,动作,0.1,2015/12/4
打开天窗说亮话,剧情,0,2015/12/4
白石山下一家人,剧情,0,2015/12/4
余之香,剧情,0,2015/12/4
何帅的爱情,爱情,0,2015/12/4
爱情不等式,爱情,0,2015/12/4
正果,爱情/惊悚,16,2015/12/8
受降前夕,战争/犯罪/悬疑,7,2015/12/8
师父,动作/武侠,5478.4,2015/12/10
不能错过,爱情,14.3,2015/12/10
我是大明星,喜剧,9.8,2015/12/10
天降,剧情/文艺,0.1,2015/12/20
擦枪走火,喜剧,551.9,2015/12/11
最美的时候遇见你,爱情,155.8,2015/12/11
东北偏北,喜剧/犯罪/悬疑,91.4,2015/12/11
紫霞,魔幻/爱情,49,2015/12/11
电商时代,喜剧,45.7,2015/12/11
梦幻佳期,爱情/喜剧,46.1,2015/12/11
北京时间,爱情,0.4,2015/12/11
全力扣杀,动作/喜剧,78.7,2015/12/11
极速风流,动作/传记/运动,2003.1,2015/12/11
咕噜咕噜美人鱼,动画/喜剧/冒险,1016.8,2015/12/12
圣诞大赢家,动画/喜剧,533.7,2015/12/12
没女神探,爱情/喜剧,201.1,2015/12/15
母亲的飞机场,剧情,0,2015/12/15
青春笔记,爱情,0,2015/12/15
一个人的恋情,爱情,0,2015/12/15
暗剑,战争,0,2015/12/15
麻辣白玉堂之致命棋局,剧情/动作/悬疑,,2015/12/16
寻龙诀,惊悚/冒险/动作,166752.1,2015/12/18
万万没想到,喜剧/古装/冒险,32232.2,2015/12/18
诡娃娃,惊悚/恐怖,286,2015/12/18
根据地,剧情/记录,2.9,2015/12/18
风雨日升昌,纪实,0.6,2015/12/18
无法触碰的爱,爱情,0,2015/12/18
守卫者,剧情,0.1,2015/12/18
老炮儿,剧情/亲情/家庭/动作/犯罪,88304,2015/12/24
恶棍天使,喜剧,64883.6,2015/12/24
分手再说我爱你,爱情,1276.1,2015/12/24
胜利大阅兵,剧情/纪录片,24.8,2015/12/28
你是不是我的爱人,爱情/励志,8.8,2016/3/4
催命符,惊悚/悬疑,0,2015/12/28
被风吹过的记忆,爱情,0,2015/12/28
夜郎侠之一路危途,动作,0,2015/12/28
喜乐长安,爱情/武侠/喜剧/动作,171.4,2016/3/25
唐人街探案,喜剧/动作/悬疑,76116.5,2015/12/31
一念天堂,喜剧,8268.4,2015/12/31
索命暹罗之按摩师,惊悚/悬疑/恐怖,247.7,2015/12/31
探秘者,剧情/冒险,26,2015/12/31
诡新娘,惊悚/爱情/恐怖,0,2015/12/31
军号密码,战争,0,2015/12/31
女神时代,爱情,22.19,2015/12/31
小门神,动画/喜剧,7868,2016/1/1
一切都好,喜剧,2623.7,2016/1/1
皇帝的新装之圣诞大明星,动画/喜剧,67,2016/1/1
神探夏洛克,剧情/悬疑/犯罪,16134.9,2016/1/4
舌尖上的新年,纪录片,193.5,2016/1/7
百家拳之关门弟子,动作,0,2016/1/7
荒村怨灵,惊悚/恐怖,395.5,2016/1/8
冰美人,爱情/冒险,5.3,2016/1/8
星球大战：原力觉醒,动作/冒险/科幻,82538.7,2016/1/9
通灵神探,科幻/动作/悬疑/犯罪,3538.6,2016/1/14
最后的巫师猎人,动作/冒险,17982.9,2016/1/15
极限挑战之皇家宝藏,喜剧/悬疑/真人秀,12548.3,2016/1/15
消失爱人,爱情/悬疑,6417.4,2016/1/15
国酒,剧情/爱情,1021.4,2016/1/15
恋爱教父之三个“坏”家伙,爱情/喜剧/励志,113.6,2016/1/15
我很帅,喜剧/剧情,1.8,2016/1/15
熊出没之熊心归来,动画/喜剧/冒险,28766.3,2016/1/16
天堂之吻,爱情,0,2016/1/18
清明,[],0,2016/1/19
雏鸟的天空,剧情,2.7,2016/1/19
致命一击,动作,0,2016/1/19
临时约定,爱情/喜剧,68.6,2016/4/15
真相禁区,动作/悬疑/犯罪,4200.7,2016/1/22
恶灵之门,惊悚/恐怖/悬疑,514.2,2016/1/22
一家老小向前冲,喜剧,238.3,2016/1/22
爱在深秋,爱情,113,2016/1/22
谎言大爆炸,喜剧/悬疑,87.8,2016/5/13
爸爸我来救你了,喜剧/动作/冒险/儿童,98.6,2016/1/22
请把你的窗户打开,剧情,4.7,2016/1/22
钢板咏叹调,喜剧,0.5,2016/1/22
云中行走,剧情/传记/冒险,9079.3,2016/1/22
恶人报喜,喜剧,2754.1,2016/1/23
果宝特攻之水果大逃亡,动画/喜剧/冒险,833.3,2016/1/23
猿创世界之熊孩子部落,动画,85.7,2016/1/23
男神时代,爱情/喜剧,825.7,2015/9/2
当流星划过天际,爱情,499.8,2015/11/14
爱之初体验,喜剧/爱情/青春,321.7,2015/8/7
爱情麻辣烫之情定终身,爱情,1734.9,2016/3/8
回乡逗儿,喜剧/公路,44.2,2016/3/25
刺猬小子之天生我刺,动画/儿童/冒险,822.9,2016/7/22
绝地逃亡,动作/喜剧/冒险,88914.56,2016/7/21
三少爷的剑,动作/古装,,2016/8/9
夏有乔木 雅望天堂,爱情/青春,15191.2,2016/8/5
小小校长,剧情,7.8,2016/1/26
大山的女儿,剧情,44.3,2016/1/26
鼠来宝4：萌在逋,动画/冒险/喜剧,6265,2016/1/26
欲链迷情,爱情/悬疑/惊悚,,2016/1/28
功夫熊猫3,动画/动作/冒险/喜剧,100176.1,2016/1/29
蒸发太平洋,科幻/冒险/悬疑,3504.5,2016/1/29
致我们终将到来的爱情,爱情,805.4,2016/1/29
我的“狐朋狗友”,喜剧/动作/爱情,74.6,2016/1/29
非同小可,爱情/励志,5.2,2016/1/29
风口青春,爱情/喜剧,4.9,2016/1/29
过年好,喜剧,5403.8,2016/2/1
那岁月―刻骨铭心,剧情,0,2016/2/1
大鱼海棠,动画/奇幻,56509.5,2016/7/8
逆境王牌,剧情,2.1,2016/2/5
请柬,剧情,0,2016/2/5
神秘的未知世界,剧情,0,2016/2/5
马达加斯加：狐猴之岛,剧情/科教片,0,2016/2/5
触发,剧情,0,2016/2/6
爱情斑马线,[],0,2016/2/6
爱无界,[],0,2016/2/6
初一,[],0,2016/2/6
美人鱼,喜剧/爱情/科幻/怀旧,339139.8,2016/2/8
西游记之孙悟空三打白骨精,奇幻/动作/喜剧,120079.1,2016/2/8
澳门风云3,动作/喜剧/冒险,111783.6,2016/2/8
年兽大作战,动画/喜剧,3450.2,2016/2/8
断片儿,爱情/喜剧,1.3,2016/2/11
奔爱,爱情,4750.7,2016/2/14
谋杀似水年华,爱情/悬疑/犯罪,1349.2,2016/2/14
高跟鞋先生,喜剧/爱情,12994.5,2016/2/14
火影忍者剧场版：博人传,动画/动作/冒险,10322.1,2016/2/18
卧虎藏龙：青冥宝剑,动作/冒险,25624.6,2016/2/19
青蛙王国之冰冻大冒险,动画/喜剧/冒险,434.2,2016/2/19
恭喜发财之谈钱说爱,喜剧/爱情,277.2,2016/2/19
托马斯和朋友们多多岛之迷失宝藏,动画,1796.7,2016/2/20
女汉子真爱公式,爱情/喜剧,6338.3,2016/3/18
蜜月酒店杀人事件,惊悚/爱情/悬疑,761.8,2016/5/27
诡娃,惊悚/恐怖,525.5,2016/2/25
当我们年轻的时候,剧情/青春,30.6,2016/2/25
冰河追凶,动作/悬疑/犯罪,4320,2016/4/15
美好人生,[],,2016/2/26
霹雳寤,喜剧/动作,8.3,2016/2/26
末日迷踪,动作/科幻/惊悚,3539.9,2016/2/26
圣斗士星矢：圣域传说,动画,3787,2016/2/26
别开门,惊悚/悬疑/恐怖,41.5,2016/5/13
叶问3,动作/传记,77028.4,2016/3/4
半熟少女,爱情,232.4,2016/3/25
疯狂动物城,动画/冒险,153030.3,2016/3/4
谍影特工,动作/犯罪/惊悚,2956.4,2016/3/4
地心营救,剧情/传记,2347.7,2016/3/4
哑孩儿,剧情/亲情,,2016/3/15
东北往事之破马张飞,喜剧,,2016/9/30
哪一天我们会飞,爱情/剧情,502.2,2016/3/10
床下有人3,惊悚/恐怖/悬疑,926.4,2016/3/11
箭士柳白猿,剧情/武侠/古装,332.1,2016/3/11
我不是王毛,喜剧/战争,268.8,2016/3/11
同城邂逅,爱情/喜剧,121,2016/3/11
笨贼别跑,喜剧/黑色幽默/动作/古装,16.3,2016/3/11
灯塔下的恋人,爱情/剧情,20.7,2016/3/11
神战：权力之眼,动作/冒险,23541,2016/3/11
决不饶恕,剧情/反腐,7.7,2016/3/15
洛杉矶捣蛋计划,喜剧/冒险,898.2,2016/3/18
恐怖禁忌之红旗袍,惊悚/恐怖,387.3,2016/3/18
不速之客,惊悚/悬疑/犯罪,392.3,2016/3/18
情比山高,纪录片,0,2016/3/18
荒野猎人,剧情/冒险/惊悚,37740.8,2016/3/18
飞鹰艾迪,喜剧/运动/传记,670.5,2016/3/18
寻找心中的你,爱情/剧情,53.7,2016/3/18
斗地主传奇之双王之王,喜剧,,2016/3/24
恐怖将映,惊悚/恐怖/爱情,607.2,2016/3/25
一夜危机,爱情/喜剧,6.9,2016/3/25
假装看不见之电影大师,爱情/喜剧,9.2,2016/7/15
缘份,爱情/喜剧/剧情/怀旧,1391.9,2016/3/25
蝙蝠侠大战超人：正义黎明,动作/奇幻/冒险,61912.3,2016/3/25
睡在我上铺的兄弟,爱情/怀旧,12782.3,2016/4/1
火锅英雄,爱情/动作/喜剧/友情,37054.1,2016/4/1
轩辕大帝,剧情,151.8,2016/4/1
我的特工爷爷,动作/惊悚/悬疑,32443.9,2016/4/1
灵偶契约,惊悚/恐怖,1688.9,2016/4/1
摩尔庄园大电影3魔幻列车大冒险,,1049.28,2016/4/2
太空熊猫英雄归来,动画/冒险,641.7,2016/4/2
隔壁惊魂,惊悚,104.5,2016/4/8
我老婆是明星,,,2016/4/8
午夜寻访录,恐怖,104.1,2016/4/8
伦敦陷落,动作/惊悚/犯罪,2066,2016/4/8
垫底辣妹,剧情,3757.8,2016/4/14
吓死宝宝了,,,2016/4/14
奇幻森林,冒险/剧情/奇幻,97932.3,2016/4/15
废柴特工,动作/喜剧,1993.7,2016/4/15
不朽的时光,剧情/励志,72.8,2016/4/15
纽约纽约,爱情,955.2,2016/4/15
猫脸老太太,惊悚/恐怖/悬疑,586,2016/4/15
猎神：冬日之战,动作/剧情/冒险,10631.1,2016/4/22
失眠男女,爱情,223.7,2016/4/22
记忆碎片,惊悚/悬疑/犯罪,360.7,2016/5/27
我的1000万,剧情/悬疑,19.5,2016/4/22
刑警兄弟,喜剧,3025.4,2016/4/22
雷锋侠,动画,,2016/4/23
北京遇上西雅图之不二情书,爱情/喜剧,78669.7,2016/4/29
大唐玄奘,剧情,3302,2016/4/29
马小乐之玩具也疯狂,动画,741.8,2016/4/30
梦想合伙人,爱情/励志/职场/友情,8100.6,2016/4/29
笔仙诡影,惊悚/恐怖,733.3,2016/5/13
超脑48小时,动作/犯罪/剧情,10354.2,2016/5/13
阿里巴巴所罗门封印,,,2016/5/21
百鸟朝凤,剧情,8690.7,2016/5/6
水果宝贝之水果总动员,动画,392.5,2016/6/1
死亡游戏,惊悚,551.7,2016/6/3
天亮之前,爱情/黑帮,3639.3,2016/7/22
七月半2：前世今生,惊悚/恐怖,707.1,2016/8/19
筷仙,惊悚/恐怖,1082.3,2016/6/17
笔仙撞碟仙,惊悚/恐怖,522.6,2016/7/15
谁的青春不迷茫,爱情/青春/友情,17989,2016/4/22
寒战2,动作/警匪/悬疑,67811.1,2016/7/8
巴霍巴利王：开端,,730.92,2016/7/22
超级保镖,动作,551,2016/7/15
闺蜜2,,,2016/8/5
那件疯狂的小事叫爱情,爱情/喜剧,3658.2,2016/8/12
了不起的处女座,喜剧/爱情,,2016/8/23
诡梦凶铃,,,2016/9/23
爵迹,,,2016/9/30
长江图,爱情/奇幻,255.93,2016/9/9
发条城市,喜剧,1104.4,2016/7/8
封神传奇,动作/奇幻/剧情,28387.3,2016/7/29
摇滚藏獒,动画/音乐,3961.9,2016/7/8
我不是潘金莲,,,2016/9/30
爱丽丝梦游仙境2：镜中奇遇记,奇幻/冒险,38703.7,2016/5/27
六弄咖啡馆,爱情/青春,654.4,2016/7/29
布基兰,剧情,5.1,2016/4/19
美国队长3：英雄内战,动作/科幻/冒险,124617,2016/5/6
我心雀跃,剧情,0,2016/6/14
男神抱抱,喜剧/爱情,31.4,2016/5/6
阴阳先生之末代天师,,,2016/4/13
呼吸正常,爱情/剧情,0,2016/4/18
妄想症,惊悚/恐怖/悬疑,162.9,2016/5/6
糖果世界大冒险,动画/冒险/奇幻,505.7,2016/5/27
快手枪手快枪手,动作/喜剧,5347.6,2016/7/15
佩小姐的奇幻城堡,奇幻/冒险,,2016/9/30
在雨中,爱情,0.8,2016/5/20
死亡笔记,惊悚/恐怖/悬疑,368.7,2016/5/20
小角色,爱情,3.5,2016/4/8
阿里巴巴2所罗门封印,动画/喜剧/冒险,618.8,2016/4/30
再见，在也不见,爱情/剧情/同性,1147.9,2016/5/13
平凡的足球,[],1.8,2016/4/8
大统一理论,,,2016/4/21
古曼,惊悚,363.1,2016/8/5
我的老婆是明星,喜剧/爱情,147.9,2016/4/8
狐猴之岛：马达加斯加,,,2014/4/4
图书馆战争：记忆之书,,,2015/10/21
三伏天,,,2016/2/13
夜孔雀,爱情/剧情/文艺,3317.6,2016/5/20
夺命推理,剧情/悬疑,4,2016/4/15
三人行,动作/惊悚/犯罪,10041.5,2016/6/24
分裂1：906号患者档案,剧情/心理/悬疑,,2016/5/18
惊天大逆转,剧情/悬疑,7863.7,2016/7/15
愤怒的小鸟,动画/动作/喜剧,51382.8,2016/5/20
我和我们,[],599.5,2014/5/20
水墨大别山,[],599.1,2015/8/20
情花谷,爱情/剧情,17,2016/4/20
我的新野蛮女友,爱情/喜剧,3418.6,2016/4/22
莫斯科离大同不远,剧情,2.2,2016/4/22
恐怖照相机,惊悚/悬疑/恐怖,133.7,2016/4/22
魔宫魅影,惊悚/悬疑/爱情/剧情,8842.1,2016/4/29
青蛙总动员,动画/冒险,1008.6,2016/4/30
风铃上的卡片,爱情/剧情/儿童,,2016/5/1
判我有罪,剧情/悬疑,117,2016/5/6
心在彼处,喜剧,,2016/5/6
麦兜・饭宝奇兵,动画,457.59,2016/7/22
幻体：续命游戏,科幻/悬疑/惊悚,3564.7,2016/5/12
购物女王,爱情/喜剧,27.1,2016/5/13
分歧者3：忠诚世界,科幻/动作/冒险/悬疑,12206.3,2016/5/20
爱的“蟹”逅,爱情,0.1,2016/5/20
妖医,,873.04,2016/5/27
小蚂蚁之环球大冒险,动画/冒险,110.7,2016/5/27
X战警：天启,动作/科幻/冒险,80267.9,2016/6/3
路边野餐,剧情/奇幻,643.5,2016/7/15
赏金猎人,动作/喜剧/剧情,21343.1,2016/7/1
魔兽,动作/冒险/奇幻/战争,147195.3,2016/6/8
我们毕业啦,爱情/青春,291.7,2016/6/10
所以……和黑粉结婚了,爱情,8107.1,2016/6/30
张震讲故事之合租屋,惊悚/剧情,442.7,2016/7/8
魔轮,惊悚/悬疑,783.9,2016/7/1
陆知马俐,爱情/喜剧,19202.5,2016/7/15
神秘世界历险记3,动画/奇幻/冒险,6543.9,2016/7/29
我的战争,,,2016/9/15
泰迪熊之玩具大战,动画/喜剧/冒险,718.9,2016/6/9
提款机,剧情,17.1,2016/6/3
我最好朋友的婚礼,爱情/喜剧,3744.6,2016/8/5
监禁风暴,惊悚/剧情/恐怖,,2015/12/25
我叫MT之山口山战记,动画/喜剧,1200.6,2016/6/17
惊天魔盗团2,动作/喜剧/惊悚,63881.6,2016/6/24
勇士之门,,,2016/8/12
独立日：卷土重来,动作/科幻/冒险,50313.2,2016/6/24
忍者神龟2：破影而出,动作/喜剧/冒险,39352.1,2016/7/2
星际迷航3：超越星辰,科幻/动作/冒险,35635.26,2016/9/2
深海浩劫,,,2016/9/30
彼得的龙,,,2016/8/12
泰山归来：人猿大战,,,2016/7/1
冰川时代：星际碰撞,,42461.26,2016/8/23
宾虚,,,2016/8/19
谍影重重5,动作/悬疑/惊悚,44285.8,2016/8/23
逗鸟外传,,,2016/9/23
X特遣队,,,2016/8/5
吹梦巨人,,,2016/7/1
海浪,,,2015/8/28
自我救赎,剧情,5,2016/5/25
山那边有匹马,剧情,26.6,2016/5/27
恐怖爱情故事之死亡公路,惊悚/恐怖/爱情,74.1,2016/7/22
钢刀,动作/战争,939.1,2016/5/20
708090之深圳恋歌,爱情/剧情/青春/励志,42.7,2016/5/20
水滴之梦,剧情,5,2016/5/20
斗龙战士之星印罗盘,动画/奇幻,619.9,2016/6/1
动植物大战,动画/儿童,144.8,2016/6/1
昆塔2・反转星球,动画,,2016/6/1
严冬里的春天,剧情,,2016/6/1
红鹰突击队之狙击,[],0,2016/3/22
练胆儿,喜剧,23.9,2016/6/17
山花烂漫时,剧情/青春,11.2,2016/6/17
欲望森林,,,2016/6/20
天生不对,爱情/喜剧,,2016/6/30
丑小鸭历险记,动画,432.2,2016/7/2
盗墓笔记,奇幻/悬疑,100021.35,2016/8/5
超能敢死队,,,2016/7/15
九条命,,5197.45,2016/9/9
泰山归来：险战丛林,动作/冒险,30604.6,2016/7/19
铁拳,,771.33,2016/9/2
我们诞生在中国,纪录片,6441.87,2016/8/12
魔都凶音,惊悚/恐怖,414.8,2016/7/22
追凶者也,,,2016/9/14
使徒行者,动作/警匪/悬疑,60463.31,2016/8/11
保持沉默,,,2016/8/19
海洋之恋,爱情,56,2016/6/17
南口1937,战争,168.1,2016/6/23
轮回规划局,,,2016/7/1
致命诱惑,,,2016/6/20
绝战,战争,60.4,2016/7/1
谎言西西里,爱情,1806.4,2016/8/9
危城,动作/武侠/古装,16728.54,2016/8/12
党的女儿尹灵芝,剧情/主旋律,73.8,2016/7/1
微微一笑很倾城,爱情/奇幻/校园,27539.35,2016/8/12
红色警戒999,剧情/动作/犯罪,708.6,2016/7/27
老警,剧情,19.1,2016/6/17
致青春・原来你还在这里,爱情/青春,33660.4,2016/7/8
龙拳小子,动作/喜剧,495.4,2016/8/2
爱宠大机密,动画/喜剧,38878.12,2016/8/2
超能太阳鸭,动画,1873.9,2016/7/15
泡沫之夏,爱情,811,2016/7/21
超能龙骑侠,,,2016/8/12
未择之路,,,2016/8/19
当流星划过天际,爱情,515.9,2016/6/17
海底总动员2：寻找多莉,动画/喜剧/冒险,25329.2,2016/6/17
喊・山,剧情/爱情/犯罪,86,2016/8/26
诺亚方舟漂流记,,1233.06,2016/8/12
非常父子档,,,2016/9/15
冬,剧情,30,2016/6/19
精灵王座,动画/爱情/冒险,2499,2016/8/19
活宝,,,2016/9/29
海洋之歌,,1548.31,2016/8/12
在世界中心呼唤爱,爱情,1106.7,2016/8/26
古田会议,剧情/主旋律,107.2,2016/7/1
疯狂侏罗纪,,,2015/6/12
少年师爷之大禹宝藏,动画/儿童,154.3,2016/7/22
鲨滩,惊悚/恐怖/剧情,5373.49,2016/6/24
终极硬汉,动作/枪战/犯罪,473.3,2016/8/19
血证一九二八,剧情,0.5,2016/4/27
禁锢,[],0,2016/5/27
大火种,剧情/主旋律/怀旧,1023.4,2016/6/27
从你的全世界路过,,,2016/9/29
哆啦A梦：新・大雄的日本诞生,冒险/动画,10358.7,2016/7/22
岛,喜剧,3.9,2016/8/12
大话西游3,,,2016/9/14
刻在石磨上的勋章,剧情,1.2,2016/6/29
情况不妙,喜剧,886.5,2016/7/29
海贼王2016剧场版,,,2016/7/23
喝彩,,,2015/3/6
白雪公主和三只小猪,动画/冒险,173.8,2016/8/26
再生之乐,剧情/喜剧,30.1,2016/7/9
返乡,剧情,6.3,2016/7/9
寄生兽,科幻/恐怖,4546.97,2016/9/2
功夫四侠,,,2016/9/15
六扇门之绝战,,,2016/9/23
吉祥宝宝之我是食神,动画/喜剧,30.1,2016/8/19
十月阳春,剧情,0.6,2016/6/18
神兽金刚之青龙再现,,,2016/9/15
狼兵吼,动作/战争/爱情/悬疑,44.3,2016/8/3
爸爸的木房子,剧情/亲情,9.6,2016/8/26
食人岛,,,2016/9/30
一棵心中的许愿树,剧情/爱情,3.8,2016/8/19
幸运是我,剧情/亲情,93.5,2016/8/26
碟仙之毕业照,,,2016/8/26
七月与安生,,,2016/9/14
火海凌云,,3067.4,2016/8/19
蜜月计划,爱情/喜剧,0,2016/9/9
击战,,,2016/9/16
老阿姨,剧情,1048.3,2016/7/22
丝路英雄・云镝,,,2016/9/13
夺路而逃,,,2016/9/14
天使请吻我,剧情/爱情,2.1,2016/8/23
微微一笑很诡异,,,2016/8/12
反贪风暴2,,,2016/9/14
爱在星空下,剧情/爱情,113.8,2016/8/26
夜半哭声,惊悚/恐怖,220.39,2016/8/26
回到原点,剧情,4.2,2013/6/21
世界屋脊的歌声,剧情,425.2,2014/5/23
情战,爱情,0,2015/3/6
疯狂的疯狂,喜剧/悬疑,2.4,2016/8/26
全金属裂痕,,,2016/8/13
新大头儿子和小头爸爸2一日成才,动画/儿童,8769.2,2016/8/19
花样厨神,剧情/喜剧/励志,241.3,2016/8/26
凤凰谷,,,2016/9/23
一条叫王子的狗,,,2016/9/15
圆梦巨人,,,2016/7/1
许海峰的枪,运动,55.2,2012/10/14
谁hold住谁,喜剧,39.7,2013/2/10
爱在旅途,爱情,32.8,2014/4/7
大地赤子史来贺,剧情/传记,32.5,2014/8/6
湖杀令,战争,31.1,2015/9/5
青涩日记,喜剧/爱情,45.5,2016/1/22
他是龙,,6008.92,2016/8/19
夜魔人,惊悚/恐怖,17.78,2016/9/9
功夫世家,动作/喜剧,30.2,2013/4/28
人生不能重来,剧情,25.9,2013/8/28
孕城,剧情,24.3,2014/9/10
毛丰美,剧情/传记,135.4,2016/6/29
报国之路,纪录片,24.3,2014/9/29
荒村凶间,惊悚/恐怖,184.83,2016/9/9
奇葩追梦,喜剧/剧情,28.21,2016/9/9
双生记之误入总裁身,,,2016/9/2
魔法老师,喜剧/科幻,699.6,2016/9/9
Hi，高考君,剧情/喜剧,31.1,2016/8/19
勿忘初心,剧情/喜剧,9.2,2016/8/25
低碳爱情,爱情,0.9,2016/8/25
心灵解码,,,2016/9/23
看见我和你,爱情/喜剧,2.67,2016/9/8
谁的青春不热血之深流不息,,,2016/9/23
丢羊,剧情,,2015/7/15
斗艳,爱情/剧情,0.1,2016/9/10
为爱放手,爱情,46.27,2016/9/9
地球四季,,,2016/9/27
新木偶奇遇记,,,2016/9/30
换个活法,剧情,6.3,2016/9/1
三个孬家伙,喜剧/剧情,3.2,2016/9/23
